"energ","enthus","content","irrit","restl","worry","guilty","afraid","anhed","angry","hopel","down","positive","fatigue","tension","concent","ruminate","avoida","reass","procr","avoidp","energ1","enthus1","content1","irrit1","restl1","worry1","guilty1","afraid1","anhed1","angry1","hopel1","down1","positive1","fatigue1","tension1","concent1","ruminate","avoida1","reass1","procr1","avoidp1"
1,NA,NA,NA,NA,NA,NA,NA,NA,NA,NA,NA,NA,NA,NA,NA,NA,NA,NA,NA,NA,NA,NA,NA,NA,NA,NA,NA,NA,NA,NA,NA,NA,NA,NA,NA,NA,NA,NA,NA,NA,NA
0.578,1,NA,NA,NA,NA,NA,NA,NA,NA,NA,NA,NA,NA,NA,NA,NA,NA,NA,NA,NA,NA,NA,NA,NA,NA,NA,NA,NA,NA,NA,NA,NA,NA,NA,NA,NA,NA,NA,NA,NA,NA
0.413,0.489,1,NA,NA,NA,NA,NA,NA,NA,NA,NA,NA,NA,NA,NA,NA,NA,NA,NA,NA,NA,NA,NA,NA,NA,NA,NA,NA,NA,NA,NA,NA,NA,NA,NA,NA,NA,NA,NA,NA,NA
-0.177,-0.217,-0.222,1,NA,NA,NA,NA,NA,NA,NA,NA,NA,NA,NA,NA,NA,NA,NA,NA,NA,NA,NA,NA,NA,NA,NA,NA,NA,NA,NA,NA,NA,NA,NA,NA,NA,NA,NA,NA,NA,NA
0.487,0.371,0.118,-0.011,1,NA,NA,NA,NA,NA,NA,NA,NA,NA,NA,NA,NA,NA,NA,NA,NA,NA,NA,NA,NA,NA,NA,NA,NA,NA,NA,NA,NA,NA,NA,NA,NA,NA,NA,NA,NA,NA
0.199,0.027,-0.08,0.217,0.348,1,NA,NA,NA,NA,NA,NA,NA,NA,NA,NA,NA,NA,NA,NA,NA,NA,NA,NA,NA,NA,NA,NA,NA,NA,NA,NA,NA,NA,NA,NA,NA,NA,NA,NA,NA,NA
-0.397,-0.271,-0.423,0.157,-0.05,0.065,1,NA,NA,NA,NA,NA,NA,NA,NA,NA,NA,NA,NA,NA,NA,NA,NA,NA,NA,NA,NA,NA,NA,NA,NA,NA,NA,NA,NA,NA,NA,NA,NA,NA,NA,NA
0.184,0.12,-0.028,-0.035,0.268,0.475,0.124,1,NA,NA,NA,NA,NA,NA,NA,NA,NA,NA,NA,NA,NA,NA,NA,NA,NA,NA,NA,NA,NA,NA,NA,NA,NA,NA,NA,NA,NA,NA,NA,NA,NA,NA
-0.282,-0.302,-0.258,0.043,-0.345,-0.069,0.553,-0.031,1,NA,NA,NA,NA,NA,NA,NA,NA,NA,NA,NA,NA,NA,NA,NA,NA,NA,NA,NA,NA,NA,NA,NA,NA,NA,NA,NA,NA,NA,NA,NA,NA,NA
0.249,-0.024,0.016,0.327,0.195,0.324,0.003,0.166,0.01,1,NA,NA,NA,NA,NA,NA,NA,NA,NA,NA,NA,NA,NA,NA,NA,NA,NA,NA,NA,NA,NA,NA,NA,NA,NA,NA,NA,NA,NA,NA,NA,NA
-0.434,-0.497,-0.611,0.272,-0.064,0.178,0.652,0.087,0.491,0.082,1,NA,NA,NA,NA,NA,NA,NA,NA,NA,NA,NA,NA,NA,NA,NA,NA,NA,NA,NA,NA,NA,NA,NA,NA,NA,NA,NA,NA,NA,NA,NA
-0.41,-0.483,-0.414,0.095,-0.235,0.054,0.636,0.118,0.552,0.083,0.563,1,NA,NA,NA,NA,NA,NA,NA,NA,NA,NA,NA,NA,NA,NA,NA,NA,NA,NA,NA,NA,NA,NA,NA,NA,NA,NA,NA,NA,NA,NA
0.561,0.512,0.534,-0.289,0.268,0.064,-0.62,0.117,-0.464,0.118,-0.635,-0.541,1,NA,NA,NA,NA,NA,NA,NA,NA,NA,NA,NA,NA,NA,NA,NA,NA,NA,NA,NA,NA,NA,NA,NA,NA,NA,NA,NA,NA,NA
-0.435,-0.15,-0.295,0.034,-0.28,-0.002,0.476,0.019,0.408,-0.167,0.367,0.316,-0.287,1,NA,NA,NA,NA,NA,NA,NA,NA,NA,NA,NA,NA,NA,NA,NA,NA,NA,NA,NA,NA,NA,NA,NA,NA,NA,NA,NA,NA
0.052,-0.173,-0.051,0.075,0.059,0.262,0.006,0.006,-0.033,0.314,0.086,0.109,0.088,-0.179,1,NA,NA,NA,NA,NA,NA,NA,NA,NA,NA,NA,NA,NA,NA,NA,NA,NA,NA,NA,NA,NA,NA,NA,NA,NA,NA,NA
0.008,-0.116,-0.221,0.043,0.293,0.322,0.376,0.362,0.2,0.215,0.361,0.265,-0.066,0.245,0.083,1,NA,NA,NA,NA,NA,NA,NA,NA,NA,NA,NA,NA,NA,NA,NA,NA,NA,NA,NA,NA,NA,NA,NA,NA,NA,NA
-0.36,-0.238,-0.395,0.196,-0.197,0.011,0.496,-0.053,0.381,0.192,0.553,0.458,-0.464,0.295,-0.006,0.087,1,NA,NA,NA,NA,NA,NA,NA,NA,NA,NA,NA,NA,NA,NA,NA,NA,NA,NA,NA,NA,NA,NA,NA,NA,NA
-0.262,-0.308,-0.218,0.078,-0.015,-0.031,0.427,0.057,0.423,0.025,0.4,0.375,-0.379,0.329,-0.113,0.266,0.138,1,NA,NA,NA,NA,NA,NA,NA,NA,NA,NA,NA,NA,NA,NA,NA,NA,NA,NA,NA,NA,NA,NA,NA,NA
-0.01,-0.145,-0.172,-0.126,0.107,0.161,0.047,0.153,0.143,0.147,0.176,0.239,0.103,-0.042,0.291,0.117,0.089,-0.005,1,NA,NA,NA,NA,NA,NA,NA,NA,NA,NA,NA,NA,NA,NA,NA,NA,NA,NA,NA,NA,NA,NA,NA
-0.251,-0.2,-0.494,0.037,0.091,0.205,0.446,0.214,0.219,0.016,0.525,0.352,-0.356,0.412,-0.098,0.434,0.289,0.302,0.113,1,NA,NA,NA,NA,NA,NA,NA,NA,NA,NA,NA,NA,NA,NA,NA,NA,NA,NA,NA,NA,NA,NA
-0.148,-0.261,-0.395,-0.03,0.06,0.094,0.326,0.228,0.155,0.038,0.383,0.306,-0.114,0.245,0.055,0.31,0.184,0.481,0.224,0.458,1,NA,NA,NA,NA,NA,NA,NA,NA,NA,NA,NA,NA,NA,NA,NA,NA,NA,NA,NA,NA,NA
0,0,0,0,0,0,0,0,0,0,0,0,0,0,0,0,0,0,0,0,0,0.767,NA,NA,NA,NA,NA,NA,NA,NA,NA,NA,NA,NA,NA,NA,NA,NA,NA,NA,NA,NA
0,0,0,0,0,0,0,0,0,0,0,0,0,0,0,0,0,0,0,0,0,0.388,0.754,NA,NA,NA,NA,NA,NA,NA,NA,NA,NA,NA,NA,NA,NA,NA,NA,NA,NA,NA
0,0,0,0,0,0,0,0,0,0,0,0,0,0,0,0,0,0,0,0,0,0.199,0.292,0.759,NA,NA,NA,NA,NA,NA,NA,NA,NA,NA,NA,NA,NA,NA,NA,NA,NA,NA
0,0,0,0,0,0,0,0,0,0,0,0,0,0,0,0,0,0,0,0,0,-0.12,-0.166,-0.143,0.819,NA,NA,NA,NA,NA,NA,NA,NA,NA,NA,NA,NA,NA,NA,NA,NA,NA
0,0,0,0,0,0,0,0,0,0,0,0,0,0,0,0,0,0,0,0,0,0.389,0.273,-0.025,-0.004,0.897,NA,NA,NA,NA,NA,NA,NA,NA,NA,NA,NA,NA,NA,NA,NA,NA
0,0,0,0,0,0,0,0,0,0,0,0,0,0,0,0,0,0,0,0,0,0.202,0.075,-0.059,0.058,0.246,0.864,NA,NA,NA,NA,NA,NA,NA,NA,NA,NA,NA,NA,NA,NA,NA
0,0,0,0,0,0,0,0,0,0,0,0,0,0,0,0,0,0,0,0,0,-0.078,0.024,-0.12,0.119,0.107,0.099,0.685,NA,NA,NA,NA,NA,NA,NA,NA,NA,NA,NA,NA,NA,NA
0,0,0,0,0,0,0,0,0,0,0,0,0,0,0,0,0,0,0,0,0,0.109,0.097,-0.081,-0.045,0.189,0.365,0.167,0.842,NA,NA,NA,NA,NA,NA,NA,NA,NA,NA,NA,NA,NA
0,0,0,0,0,0,0,0,0,0,0,0,0,0,0,0,0,0,0,0,0,-0.077,-0.097,-0.031,0.018,-0.271,-0.007,0.303,-0.013,0.861,NA,NA,NA,NA,NA,NA,NA,NA,NA,NA,NA,NA
0,0,0,0,0,0,0,0,0,0,0,0,0,0,0,0,0,0,0,0,0,0.17,0.004,0.051,0.252,0.132,0.194,0.042,0.182,0.034,0.897,NA,NA,NA,NA,NA,NA,NA,NA,NA,NA,NA
0,0,0,0,0,0,0,0,0,0,0,0,0,0,0,0,0,0,0,0,0,-0.203,-0.222,-0.367,0.229,0.077,0.189,0.36,0.082,0.262,0.083,0.745,NA,NA,NA,NA,NA,NA,NA,NA,NA,NA
0,0,0,0,0,0,0,0,0,0,0,0,0,0,0,0,0,0,0,0,0,-0.184,-0.186,-0.155,0.047,-0.142,0.091,0.273,0.12,0.301,0.063,0.221,0.622,NA,NA,NA,NA,NA,NA,NA,NA,NA
0,0,0,0,0,0,0,0,0,0,0,0,0,0,0,0,0,0,0,0,0,0.312,0.26,0.281,-0.208,0.108,0.041,-0.297,0.025,-0.21,0.079,-0.352,-0.207,0.727,NA,NA,NA,NA,NA,NA,NA,NA
0,0,0,0,0,0,0,0,0,0,0,0,0,0,0,0,0,0,0,0,0,-0.177,0.05,-0.162,0,-0.216,0.016,0.298,-0.01,0.317,-0.097,0.22,0.176,-0.108,0.862,NA,NA,NA,NA,NA,NA,NA
0,0,0,0,0,0,0,0,0,0,0,0,0,0,0,0,0,0,0,0,0,0.109,-0.071,0.07,0.013,0.086,0.185,-0.149,0.027,-0.132,0.232,-0.029,0.011,0.208,-0.236,0.848,NA,NA,NA,NA,NA,NA
0,0,0,0,0,0,0,0,0,0,0,0,0,0,0,0,0,0,0,0,0,0.095,-0.029,-0.166,0.065,0.268,0.279,0.286,0.268,0.168,0.23,0.289,0.138,-0.046,0.172,0.092,0.851,NA,NA,NA,NA,NA
0,0,0,0,0,0,0,0,0,0,0,0,0,0,0,0,0,0,0,0,0,-0.166,-0.055,-0.159,0.161,-0.088,0.054,0.295,0.088,0.224,0.253,0.37,0.286,-0.269,0.179,-0.105,0.084,0.851,NA,NA,NA,NA
0,0,0,0,0,0,0,0,0,0,0,0,0,0,0,0,0,0,0,0,0,-0.078,-0.144,-0.136,0.121,0.065,0.038,0.227,0.067,0.268,0.13,0.249,0.118,-0.209,0.207,-0.131,0.24,0.119,0.755,NA,NA,NA
0,0,0,0,0,0,0,0,0,0,0,0,0,0,0,0,0,0,0,0,0,-0.025,-0.118,-0.006,-0.066,0.062,0.126,-0.057,0.08,0.061,0.071,0.068,0.146,0.13,-0.006,0.252,0.02,0.006,0.008,0.858,NA,NA
0,0,0,0,0,0,0,0,0,0,0,0,0,0,0,0,0,0,0,0,0,-0.112,-0.102,-0.423,0.008,0.158,0.179,0.308,0.16,0.115,0.005,0.434,0.179,-0.22,0.331,-0.114,0.351,0.228,0.234,0.038,0.933,NA
0,0,0,0,0,0,0,0,0,0,0,0,0,0,0,0,0,0,0,0,0,-0.006,-0.115,-0.301,0.038,0.132,0.086,0.17,0.18,0.046,0.103,0.24,0.096,0.023,0.172,0.045,0.233,0.137,0.321,0.171,0.384,0.881
