"energ","enthus","content","irrit","restl","worry","guilty","afraid","anhed","angry","hopel","down","positive","fatigue","tension","concent","ruminate","avoida","reass","procr","avoidp","energ1","enthus1","content1","irrit1","restl1","worry1","guilty1","afraid1","anhed1","angry1","hopel1","down1","positive1","fatigue1","tension1","concent1","ruminate","avoida1","reass1","procr1","avoidp1"
1,NA,NA,NA,NA,NA,NA,NA,NA,NA,NA,NA,NA,NA,NA,NA,NA,NA,NA,NA,NA,NA,NA,NA,NA,NA,NA,NA,NA,NA,NA,NA,NA,NA,NA,NA,NA,NA,NA,NA,NA,NA
0.293,1,NA,NA,NA,NA,NA,NA,NA,NA,NA,NA,NA,NA,NA,NA,NA,NA,NA,NA,NA,NA,NA,NA,NA,NA,NA,NA,NA,NA,NA,NA,NA,NA,NA,NA,NA,NA,NA,NA,NA,NA
0.287,0.077,1,NA,NA,NA,NA,NA,NA,NA,NA,NA,NA,NA,NA,NA,NA,NA,NA,NA,NA,NA,NA,NA,NA,NA,NA,NA,NA,NA,NA,NA,NA,NA,NA,NA,NA,NA,NA,NA,NA,NA
0.205,0.061,0.046,1,NA,NA,NA,NA,NA,NA,NA,NA,NA,NA,NA,NA,NA,NA,NA,NA,NA,NA,NA,NA,NA,NA,NA,NA,NA,NA,NA,NA,NA,NA,NA,NA,NA,NA,NA,NA,NA,NA
0.184,0.117,0.205,0.363,1,NA,NA,NA,NA,NA,NA,NA,NA,NA,NA,NA,NA,NA,NA,NA,NA,NA,NA,NA,NA,NA,NA,NA,NA,NA,NA,NA,NA,NA,NA,NA,NA,NA,NA,NA,NA,NA
-0.018,0.217,0.036,0.048,0.208,1,NA,NA,NA,NA,NA,NA,NA,NA,NA,NA,NA,NA,NA,NA,NA,NA,NA,NA,NA,NA,NA,NA,NA,NA,NA,NA,NA,NA,NA,NA,NA,NA,NA,NA,NA,NA
0.202,0.055,-0.08,-0.015,0.029,0.242,1,NA,NA,NA,NA,NA,NA,NA,NA,NA,NA,NA,NA,NA,NA,NA,NA,NA,NA,NA,NA,NA,NA,NA,NA,NA,NA,NA,NA,NA,NA,NA,NA,NA,NA,NA
-0.065,0.059,0.065,0.35,0.318,0.439,-0.082,1,NA,NA,NA,NA,NA,NA,NA,NA,NA,NA,NA,NA,NA,NA,NA,NA,NA,NA,NA,NA,NA,NA,NA,NA,NA,NA,NA,NA,NA,NA,NA,NA,NA,NA
-0.076,-0.032,0.004,0.276,0.084,0.332,-0.003,0.226,1,NA,NA,NA,NA,NA,NA,NA,NA,NA,NA,NA,NA,NA,NA,NA,NA,NA,NA,NA,NA,NA,NA,NA,NA,NA,NA,NA,NA,NA,NA,NA,NA,NA
0.353,0.107,0.101,0.469,0.297,0.003,0.367,0.158,0.007,1,NA,NA,NA,NA,NA,NA,NA,NA,NA,NA,NA,NA,NA,NA,NA,NA,NA,NA,NA,NA,NA,NA,NA,NA,NA,NA,NA,NA,NA,NA,NA,NA
-0.133,-0.135,-0.123,-0.27,-0.035,0.025,0.545,-0.182,-0.169,0.124,1,NA,NA,NA,NA,NA,NA,NA,NA,NA,NA,NA,NA,NA,NA,NA,NA,NA,NA,NA,NA,NA,NA,NA,NA,NA,NA,NA,NA,NA,NA,NA
-0.194,-0.087,-0.328,-0.067,-0.402,0.089,0.116,-0.146,0.336,-0.039,0.269,1,NA,NA,NA,NA,NA,NA,NA,NA,NA,NA,NA,NA,NA,NA,NA,NA,NA,NA,NA,NA,NA,NA,NA,NA,NA,NA,NA,NA,NA,NA
0.263,0.136,0.179,-0.303,0.07,-0.14,0.068,-0.408,-0.369,-0.027,-0.014,-0.229,1,NA,NA,NA,NA,NA,NA,NA,NA,NA,NA,NA,NA,NA,NA,NA,NA,NA,NA,NA,NA,NA,NA,NA,NA,NA,NA,NA,NA,NA
-0.108,0.031,-0.278,-0.034,-0.383,-0.095,0.057,-0.157,0.173,-0.102,0.133,0.419,-0.214,1,NA,NA,NA,NA,NA,NA,NA,NA,NA,NA,NA,NA,NA,NA,NA,NA,NA,NA,NA,NA,NA,NA,NA,NA,NA,NA,NA,NA
-0.034,0.008,-0.012,0.29,0.193,0.274,0.053,0.337,0.251,0.092,-0.115,-0.067,-0.32,0.163,1,NA,NA,NA,NA,NA,NA,NA,NA,NA,NA,NA,NA,NA,NA,NA,NA,NA,NA,NA,NA,NA,NA,NA,NA,NA,NA,NA
-0.166,-0.064,-0.244,0.014,-0.273,0.082,0.111,-0.056,0.242,0.023,0.054,0.375,-0.04,0.554,0.121,1,NA,NA,NA,NA,NA,NA,NA,NA,NA,NA,NA,NA,NA,NA,NA,NA,NA,NA,NA,NA,NA,NA,NA,NA,NA,NA
-0.35,-0.11,-0.228,0.021,-0.029,0.078,0.083,0.256,0.037,0.118,0.253,0.184,-0.336,-0.079,0.044,0.039,1,NA,NA,NA,NA,NA,NA,NA,NA,NA,NA,NA,NA,NA,NA,NA,NA,NA,NA,NA,NA,NA,NA,NA,NA,NA
0.042,-0.038,-0.084,0.142,0.039,0.193,0.283,0.083,0.405,0.059,0.089,0.292,-0.099,0.244,0.141,0.448,-0.003,1,NA,NA,NA,NA,NA,NA,NA,NA,NA,NA,NA,NA,NA,NA,NA,NA,NA,NA,NA,NA,NA,NA,NA,NA
-0.023,0.255,-0.017,0.238,0.313,0.257,-0.096,0.419,0.232,-0.039,-0.093,-0.106,-0.151,-0.013,0.145,0.044,0.077,0.09,1,NA,NA,NA,NA,NA,NA,NA,NA,NA,NA,NA,NA,NA,NA,NA,NA,NA,NA,NA,NA,NA,NA,NA
-0.125,-0.07,-0.01,0.229,-0.029,0.149,0.085,0.028,0.503,0.027,-0.084,0.318,-0.13,0.388,0.309,0.546,-0.081,0.615,-0.112,1,NA,NA,NA,NA,NA,NA,NA,NA,NA,NA,NA,NA,NA,NA,NA,NA,NA,NA,NA,NA,NA,NA
-0.052,-0.051,-0.244,0.176,-0.018,0.111,0.288,-0.065,0.43,0.207,0.13,0.351,-0.257,0.313,0.168,0.375,0.26,0.546,-0.068,0.479,1,NA,NA,NA,NA,NA,NA,NA,NA,NA,NA,NA,NA,NA,NA,NA,NA,NA,NA,NA,NA,NA
0,0,0,0,0,0,0,0,0,0,0,0,0,0,0,0,0,0,0,0,0,0.846,NA,NA,NA,NA,NA,NA,NA,NA,NA,NA,NA,NA,NA,NA,NA,NA,NA,NA,NA,NA
0,0,0,0,0,0,0,0,0,0,0,0,0,0,0,0,0,0,0,0,0,0.146,0.805,NA,NA,NA,NA,NA,NA,NA,NA,NA,NA,NA,NA,NA,NA,NA,NA,NA,NA,NA
0,0,0,0,0,0,0,0,0,0,0,0,0,0,0,0,0,0,0,0,0,0.18,0.01,0.718,NA,NA,NA,NA,NA,NA,NA,NA,NA,NA,NA,NA,NA,NA,NA,NA,NA,NA
0,0,0,0,0,0,0,0,0,0,0,0,0,0,0,0,0,0,0,0,0,0.17,0.082,-0.043,0.834,NA,NA,NA,NA,NA,NA,NA,NA,NA,NA,NA,NA,NA,NA,NA,NA,NA
0,0,0,0,0,0,0,0,0,0,0,0,0,0,0,0,0,0,0,0,0,0.069,0.024,0.049,0.229,0.711,NA,NA,NA,NA,NA,NA,NA,NA,NA,NA,NA,NA,NA,NA,NA,NA
0,0,0,0,0,0,0,0,0,0,0,0,0,0,0,0,0,0,0,0,0,-0.03,0.138,-0.016,0,0.167,0.847,NA,NA,NA,NA,NA,NA,NA,NA,NA,NA,NA,NA,NA,NA,NA
0,0,0,0,0,0,0,0,0,0,0,0,0,0,0,0,0,0,0,0,0,0.095,0.039,-0.054,-0.026,0.046,0.241,0.848,NA,NA,NA,NA,NA,NA,NA,NA,NA,NA,NA,NA,NA,NA
0,0,0,0,0,0,0,0,0,0,0,0,0,0,0,0,0,0,0,0,0,-0.097,0.045,-0.051,0.295,0.204,0.386,-0.069,0.856,NA,NA,NA,NA,NA,NA,NA,NA,NA,NA,NA,NA,NA
0,0,0,0,0,0,0,0,0,0,0,0,0,0,0,0,0,0,0,0,0,-0.069,-0.053,-0.064,0.141,-0.013,0.186,-0.001,0.101,0.77,NA,NA,NA,NA,NA,NA,NA,NA,NA,NA,NA,NA
0,0,0,0,0,0,0,0,0,0,0,0,0,0,0,0,0,0,0,0,0,0.235,0.052,0.005,0.396,0.191,-0.032,0.252,0.11,-0.013,0.768,NA,NA,NA,NA,NA,NA,NA,NA,NA,NA,NA
0,0,0,0,0,0,0,0,0,0,0,0,0,0,0,0,0,0,0,0,0,-0.173,-0.058,-0.068,-0.206,-0.007,0.066,0.476,-0.106,-0.088,0.096,0.907,NA,NA,NA,NA,NA,NA,NA,NA,NA,NA
0,0,0,0,0,0,0,0,0,0,0,0,0,0,0,0,0,0,0,0,0,-0.115,-0.013,-0.244,-0.071,-0.3,0.088,0.15,-0.064,0.28,0.051,0.286,0.872,NA,NA,NA,NA,NA,NA,NA,NA,NA
0,0,0,0,0,0,0,0,0,0,0,0,0,0,0,0,0,0,0,0,0,0.209,0.067,0.163,-0.312,0.023,-0.034,0.078,-0.355,-0.32,-0.036,0.004,-0.197,0.894,NA,NA,NA,NA,NA,NA,NA,NA
0,0,0,0,0,0,0,0,0,0,0,0,0,0,0,0,0,0,0,0,0,-0.078,0.085,-0.163,-0.086,-0.363,-0.127,0.001,-0.158,0.08,-0.073,0.117,0.343,-0.176,0.735,NA,NA,NA,NA,NA,NA,NA
0,0,0,0,0,0,0,0,0,0,0,0,0,0,0,0,0,0,0,0,0,0.037,0.095,0.054,0.244,0.169,0.145,0.026,0.244,0.072,0.11,-0.112,-0.129,-0.159,0.009,0.677,NA,NA,NA,NA,NA,NA
0,0,0,0,0,0,0,0,0,0,0,0,0,0,0,0,0,0,0,0,0,-0.07,-0.006,-0.162,-0.047,-0.274,0.058,0.083,-0.052,0.12,0.086,0.03,0.306,-0.007,0.436,0.032,0.856,NA,NA,NA,NA,NA
0,0,0,0,0,0,0,0,0,0,0,0,0,0,0,0,0,0,0,0,0,-0.305,-0.103,-0.148,0.136,0.075,0.067,0.095,0.237,0.081,0.188,0.235,0.222,-0.265,-0.049,0.034,-0.027,0.878,NA,NA,NA,NA
0,0,0,0,0,0,0,0,0,0,0,0,0,0,0,0,0,0,0,0,0,0.077,-0.003,-0.104,0.02,0.005,0.142,0.271,0.037,0.26,0.075,0.098,0.243,-0.044,0.097,0.01,0.345,0.023,0.901,NA,NA,NA
0,0,0,0,0,0,0,0,0,0,0,0,0,0,0,0,0,0,0,0,0,-0.103,0.13,-0.047,0.197,0.19,0.221,-0.059,0.328,0.235,-0.039,-0.033,0.023,-0.196,0.05,0.245,0.127,0.152,0.164,0.72,NA,NA
0,0,0,0,0,0,0,0,0,0,0,0,0,0,0,0,0,0,0,0,0,-0.018,0.026,-0.067,0.058,-0.168,0.069,0.075,-0.012,0.215,0.026,-0.032,0.214,-0.074,0.228,0.067,0.333,-0.01,0.393,0.018,0.571,NA
0,0,0,0,0,0,0,0,0,0,0,0,0,0,0,0,0,0,0,0,0,-0.033,-0.042,-0.215,0.116,0.005,0.085,0.242,-0.065,0.349,0.204,0.125,0.318,-0.227,0.182,0.055,0.236,0.286,0.46,0.058,0.283,0.902
