"energ","enthus","content","irrit","restl","worry","guilty","afraid","anhed","angry","hopel","down","positive","fatigue","tension","concent","ruminate","avoida","reass","procr","avoidp","energ1","enthus1","content1","irrit1","restl1","worry1","guilty1","afraid1","anhed1","angry1","hopel1","down1","positive1","fatigue1","tension1","concent1","ruminate","avoida1","reass1","procr1","avoidp1"
1,NA,NA,NA,NA,NA,NA,NA,NA,NA,NA,NA,NA,NA,NA,NA,NA,NA,NA,NA,NA,NA,NA,NA,NA,NA,NA,NA,NA,NA,NA,NA,NA,NA,NA,NA,NA,NA,NA,NA,NA,NA
0.017,1,NA,NA,NA,NA,NA,NA,NA,NA,NA,NA,NA,NA,NA,NA,NA,NA,NA,NA,NA,NA,NA,NA,NA,NA,NA,NA,NA,NA,NA,NA,NA,NA,NA,NA,NA,NA,NA,NA,NA,NA
-0.192,0.671,1,NA,NA,NA,NA,NA,NA,NA,NA,NA,NA,NA,NA,NA,NA,NA,NA,NA,NA,NA,NA,NA,NA,NA,NA,NA,NA,NA,NA,NA,NA,NA,NA,NA,NA,NA,NA,NA,NA,NA
0.128,-0.132,-0.293,1,NA,NA,NA,NA,NA,NA,NA,NA,NA,NA,NA,NA,NA,NA,NA,NA,NA,NA,NA,NA,NA,NA,NA,NA,NA,NA,NA,NA,NA,NA,NA,NA,NA,NA,NA,NA,NA,NA
0.375,-0.259,-0.499,0.358,1,NA,NA,NA,NA,NA,NA,NA,NA,NA,NA,NA,NA,NA,NA,NA,NA,NA,NA,NA,NA,NA,NA,NA,NA,NA,NA,NA,NA,NA,NA,NA,NA,NA,NA,NA,NA,NA
0.35,-0.567,-0.538,0.078,0.348,1,NA,NA,NA,NA,NA,NA,NA,NA,NA,NA,NA,NA,NA,NA,NA,NA,NA,NA,NA,NA,NA,NA,NA,NA,NA,NA,NA,NA,NA,NA,NA,NA,NA,NA,NA,NA
-0.494,0.171,0.305,-0.109,-0.164,-0.405,1,NA,NA,NA,NA,NA,NA,NA,NA,NA,NA,NA,NA,NA,NA,NA,NA,NA,NA,NA,NA,NA,NA,NA,NA,NA,NA,NA,NA,NA,NA,NA,NA,NA,NA,NA
-0.201,0.094,0.001,-0.118,0.165,-0.168,0.52,1,NA,NA,NA,NA,NA,NA,NA,NA,NA,NA,NA,NA,NA,NA,NA,NA,NA,NA,NA,NA,NA,NA,NA,NA,NA,NA,NA,NA,NA,NA,NA,NA,NA,NA
-0.67,0.454,0.614,-0.347,-0.545,-0.555,0.477,0.084,1,NA,NA,NA,NA,NA,NA,NA,NA,NA,NA,NA,NA,NA,NA,NA,NA,NA,NA,NA,NA,NA,NA,NA,NA,NA,NA,NA,NA,NA,NA,NA,NA,NA
-0.175,-0.089,-0.288,0.272,0.16,-0.079,0.199,0.219,0.017,1,NA,NA,NA,NA,NA,NA,NA,NA,NA,NA,NA,NA,NA,NA,NA,NA,NA,NA,NA,NA,NA,NA,NA,NA,NA,NA,NA,NA,NA,NA,NA,NA
0.307,-0.528,-0.594,0.24,0.501,0.418,0,0.097,-0.593,0.237,1,NA,NA,NA,NA,NA,NA,NA,NA,NA,NA,NA,NA,NA,NA,NA,NA,NA,NA,NA,NA,NA,NA,NA,NA,NA,NA,NA,NA,NA,NA,NA
0.197,-0.472,-0.564,0.128,0.412,0.428,-0.16,0.122,-0.531,0.105,0.592,1,NA,NA,NA,NA,NA,NA,NA,NA,NA,NA,NA,NA,NA,NA,NA,NA,NA,NA,NA,NA,NA,NA,NA,NA,NA,NA,NA,NA,NA,NA
0.288,0.644,0.621,-0.187,-0.221,-0.408,0.04,0.15,0.161,-0.275,-0.38,-0.378,1,NA,NA,NA,NA,NA,NA,NA,NA,NA,NA,NA,NA,NA,NA,NA,NA,NA,NA,NA,NA,NA,NA,NA,NA,NA,NA,NA,NA,NA
0.403,-0.597,-0.584,0.318,0.527,0.449,-0.309,-0.198,-0.705,0.004,0.592,0.562,-0.313,1,NA,NA,NA,NA,NA,NA,NA,NA,NA,NA,NA,NA,NA,NA,NA,NA,NA,NA,NA,NA,NA,NA,NA,NA,NA,NA,NA,NA
-0.171,-0.248,-0.387,-0.049,0.145,0.051,0.161,0.318,-0.067,0.266,0.259,0.313,-0.344,0.137,1,NA,NA,NA,NA,NA,NA,NA,NA,NA,NA,NA,NA,NA,NA,NA,NA,NA,NA,NA,NA,NA,NA,NA,NA,NA,NA,NA
-0.337,0.396,0.526,-0.187,-0.368,-0.207,0.224,-0.129,0.638,-0.125,-0.52,-0.45,0.214,-0.511,-0.279,1,NA,NA,NA,NA,NA,NA,NA,NA,NA,NA,NA,NA,NA,NA,NA,NA,NA,NA,NA,NA,NA,NA,NA,NA,NA,NA
0.118,-0.354,-0.505,0.119,0.357,0.249,-0.009,0.305,-0.436,0.258,0.476,0.467,-0.264,0.388,0.497,-0.464,1,NA,NA,NA,NA,NA,NA,NA,NA,NA,NA,NA,NA,NA,NA,NA,NA,NA,NA,NA,NA,NA,NA,NA,NA,NA
0.189,-0.581,-0.759,0.181,0.453,0.516,-0.277,-0.127,-0.533,0.125,0.593,0.438,-0.525,0.521,0.187,-0.389,0.384,1,NA,NA,NA,NA,NA,NA,NA,NA,NA,NA,NA,NA,NA,NA,NA,NA,NA,NA,NA,NA,NA,NA,NA,NA
0.525,-0.575,-0.741,0.212,0.576,0.584,-0.413,-0.021,-0.834,0.058,0.654,0.65,-0.361,0.732,0.256,-0.63,0.552,0.639,1,NA,NA,NA,NA,NA,NA,NA,NA,NA,NA,NA,NA,NA,NA,NA,NA,NA,NA,NA,NA,NA,NA,NA
-0.198,0.075,0.214,-0.095,-0.12,-0.208,0.354,0.051,0.388,0.031,-0.101,-0.083,-0.038,-0.126,-0.029,0.432,-0.193,-0.139,-0.347,1,NA,NA,NA,NA,NA,NA,NA,NA,NA,NA,NA,NA,NA,NA,NA,NA,NA,NA,NA,NA,NA,NA
-0.134,-0.53,-0.548,0.022,0.299,0.323,-0.095,0.031,-0.181,0.143,0.377,0.436,-0.389,0.344,0.213,-0.238,0.287,0.688,0.372,-0.125,1,NA,NA,NA,NA,NA,NA,NA,NA,NA,NA,NA,NA,NA,NA,NA,NA,NA,NA,NA,NA,NA
0,0,0,0,0,0,0,0,0,0,0,0,0,0,0,0,0,0,0,0,0,0.53,NA,NA,NA,NA,NA,NA,NA,NA,NA,NA,NA,NA,NA,NA,NA,NA,NA,NA,NA,NA
0,0,0,0,0,0,0,0,0,0,0,0,0,0,0,0,0,0,0,0,0,0.178,0.64,NA,NA,NA,NA,NA,NA,NA,NA,NA,NA,NA,NA,NA,NA,NA,NA,NA,NA,NA
0,0,0,0,0,0,0,0,0,0,0,0,0,0,0,0,0,0,0,0,0,0.077,0.362,0.6,NA,NA,NA,NA,NA,NA,NA,NA,NA,NA,NA,NA,NA,NA,NA,NA,NA,NA
0,0,0,0,0,0,0,0,0,0,0,0,0,0,0,0,0,0,0,0,0,-0.065,-0.118,-0.155,0.631,NA,NA,NA,NA,NA,NA,NA,NA,NA,NA,NA,NA,NA,NA,NA,NA,NA
0,0,0,0,0,0,0,0,0,0,0,0,0,0,0,0,0,0,0,0,0,0.059,-0.014,-0.143,0.128,0.48,NA,NA,NA,NA,NA,NA,NA,NA,NA,NA,NA,NA,NA,NA,NA,NA
0,0,0,0,0,0,0,0,0,0,0,0,0,0,0,0,0,0,0,0,0,0.084,-0.137,-0.116,0.036,0.003,0.277,NA,NA,NA,NA,NA,NA,NA,NA,NA,NA,NA,NA,NA,NA,NA
0,0,0,0,0,0,0,0,0,0,0,0,0,0,0,0,0,0,0,0,0,-0.148,0.027,0.125,0.08,0.025,-0.119,0.539,NA,NA,NA,NA,NA,NA,NA,NA,NA,NA,NA,NA,NA,NA
0,0,0,0,0,0,0,0,0,0,0,0,0,0,0,0,0,0,0,0,0,0.005,0.073,-0.003,0.003,0.122,-0.021,0.192,0.508,NA,NA,NA,NA,NA,NA,NA,NA,NA,NA,NA,NA,NA
0,0,0,0,0,0,0,0,0,0,0,0,0,0,0,0,0,0,0,0,0,-0.193,0.117,0.148,-0.075,-0.087,-0.101,0.125,0.012,0.302,NA,NA,NA,NA,NA,NA,NA,NA,NA,NA,NA,NA
0,0,0,0,0,0,0,0,0,0,0,0,0,0,0,0,0,0,0,0,0,-0.099,-0.113,-0.249,0.198,0.135,-0.057,0.112,0.155,-0.027,0.812,NA,NA,NA,NA,NA,NA,NA,NA,NA,NA,NA
0,0,0,0,0,0,0,0,0,0,0,0,0,0,0,0,0,0,0,0,0,-0.022,-0.201,-0.212,0.075,0.12,0.022,0.101,0.084,-0.11,0.224,0.49,NA,NA,NA,NA,NA,NA,NA,NA,NA,NA
0,0,0,0,0,0,0,0,0,0,0,0,0,0,0,0,0,0,0,0,0,-0.002,-0.109,-0.223,0.003,0.1,0.091,-0.01,0.104,-0.124,0.131,0.234,0.573,NA,NA,NA,NA,NA,NA,NA,NA,NA
0,0,0,0,0,0,0,0,0,0,0,0,0,0,0,0,0,0,0,0,0,0.301,0.401,0.37,-0.095,-0.113,-0.061,-0.018,0.096,0.011,-0.205,-0.174,-0.133,0.708,NA,NA,NA,NA,NA,NA,NA,NA
0,0,0,0,0,0,0,0,0,0,0,0,0,0,0,0,0,0,0,0,0,-0.001,-0.266,-0.178,0.059,0.079,0.078,-0.05,-0.076,-0.153,0.022,0.126,0.164,-0.126,0.467,NA,NA,NA,NA,NA,NA,NA
0,0,0,0,0,0,0,0,0,0,0,0,0,0,0,0,0,0,0,0,0,-0.125,-0.152,-0.259,-0.011,0.059,-0.085,0.03,0.078,-0.006,0.251,0.13,0.139,-0.256,0.081,0.733,NA,NA,NA,NA,NA,NA
0,0,0,0,0,0,0,0,0,0,0,0,0,0,0,0,0,0,0,0,0,-0.009,0.113,0.177,-0.028,-0.084,0.031,0.064,-0.073,0.147,-0.121,-0.096,-0.062,0.099,-0.087,-0.187,0.456,NA,NA,NA,NA,NA
0,0,0,0,0,0,0,0,0,0,0,0,0,0,0,0,0,0,0,0,0,-0.031,-0.118,-0.248,0.043,0.032,-0.008,-0.009,0.103,-0.101,0.239,0.16,0.281,-0.145,0.091,0.28,-0.162,0.637,NA,NA,NA,NA
0,0,0,0,0,0,0,0,0,0,0,0,0,0,0,0,0,0,0,0,0,-0.055,-0.235,-0.369,0.032,0.097,0.104,-0.126,-0.116,-0.094,0.075,0.209,0.172,-0.297,0.149,0.114,-0.058,0.166,0.612,NA,NA,NA
0,0,0,0,0,0,0,0,0,0,0,0,0,0,0,0,0,0,0,0,0,0.074,-0.192,-0.274,0.008,0.08,0.108,-0.122,0.015,-0.163,0.081,0.123,0.19,-0.161,0.165,0.157,-0.141,0.177,0.179,0.308,NA,NA
0,0,0,0,0,0,0,0,0,0,0,0,0,0,0,0,0,0,0,0,0,0.008,-0.047,0.056,0.005,0.016,0.006,0.163,0.028,0.066,-0.03,0.05,0.068,-0.063,0.013,-0.089,0.184,-0.055,0.021,-0.055,0.598,NA
0,0,0,0,0,0,0,0,0,0,0,0,0,0,0,0,0,0,0,0,0,-0.19,-0.281,-0.335,0.017,0.109,0.053,-0.069,0.016,0.014,0.142,0.155,0.241,-0.22,0.175,0.125,-0.084,0.115,0.412,0.137,-0.029,0.738
