"energ","enthus","content","irrit","restl","worry","guilty","afraid","anhed","angry","hopel","down","positive","fatigue","tension","concent","ruminate","avoida","reass","procr","avoidp","energ1","enthus1","content1","irrit1","restl1","worry1","guilty1","afraid1","anhed1","angry1","hopel1","down1","positive1","fatigue1","tension1","concent1","ruminate","avoida1","reass1","procr1","avoidp1"
1,NA,NA,NA,NA,NA,NA,NA,NA,NA,NA,NA,NA,NA,NA,NA,NA,NA,NA,NA,NA,NA,NA,NA,NA,NA,NA,NA,NA,NA,NA,NA,NA,NA,NA,NA,NA,NA,NA,NA,NA,NA
0.757,1,NA,NA,NA,NA,NA,NA,NA,NA,NA,NA,NA,NA,NA,NA,NA,NA,NA,NA,NA,NA,NA,NA,NA,NA,NA,NA,NA,NA,NA,NA,NA,NA,NA,NA,NA,NA,NA,NA,NA,NA
0.606,0.616,1,NA,NA,NA,NA,NA,NA,NA,NA,NA,NA,NA,NA,NA,NA,NA,NA,NA,NA,NA,NA,NA,NA,NA,NA,NA,NA,NA,NA,NA,NA,NA,NA,NA,NA,NA,NA,NA,NA,NA
-0.044,-0.02,-0.399,1,NA,NA,NA,NA,NA,NA,NA,NA,NA,NA,NA,NA,NA,NA,NA,NA,NA,NA,NA,NA,NA,NA,NA,NA,NA,NA,NA,NA,NA,NA,NA,NA,NA,NA,NA,NA,NA,NA
0.51,0.424,0.238,-0.023,1,NA,NA,NA,NA,NA,NA,NA,NA,NA,NA,NA,NA,NA,NA,NA,NA,NA,NA,NA,NA,NA,NA,NA,NA,NA,NA,NA,NA,NA,NA,NA,NA,NA,NA,NA,NA,NA
-0.72,-0.596,-0.4,0.147,-0.53,1,NA,NA,NA,NA,NA,NA,NA,NA,NA,NA,NA,NA,NA,NA,NA,NA,NA,NA,NA,NA,NA,NA,NA,NA,NA,NA,NA,NA,NA,NA,NA,NA,NA,NA,NA,NA
-0.358,-0.341,-0.468,0.185,-0.145,0.229,1,NA,NA,NA,NA,NA,NA,NA,NA,NA,NA,NA,NA,NA,NA,NA,NA,NA,NA,NA,NA,NA,NA,NA,NA,NA,NA,NA,NA,NA,NA,NA,NA,NA,NA,NA
0.096,0.053,-0.024,0.115,-0.216,0.19,0.03,1,NA,NA,NA,NA,NA,NA,NA,NA,NA,NA,NA,NA,NA,NA,NA,NA,NA,NA,NA,NA,NA,NA,NA,NA,NA,NA,NA,NA,NA,NA,NA,NA,NA,NA
-0.03,-0.114,-0.31,0.35,-0.036,-0.031,0.302,0.064,1,NA,NA,NA,NA,NA,NA,NA,NA,NA,NA,NA,NA,NA,NA,NA,NA,NA,NA,NA,NA,NA,NA,NA,NA,NA,NA,NA,NA,NA,NA,NA,NA,NA
-0.023,0.097,-0.172,0.415,0.051,-0.07,0.006,-0.056,0.268,1,NA,NA,NA,NA,NA,NA,NA,NA,NA,NA,NA,NA,NA,NA,NA,NA,NA,NA,NA,NA,NA,NA,NA,NA,NA,NA,NA,NA,NA,NA,NA,NA
-0.176,-0.081,-0.327,0.183,-0.077,0.097,0.485,0.064,0.42,0.194,1,NA,NA,NA,NA,NA,NA,NA,NA,NA,NA,NA,NA,NA,NA,NA,NA,NA,NA,NA,NA,NA,NA,NA,NA,NA,NA,NA,NA,NA,NA,NA
-0.293,-0.351,-0.493,0.341,-0.199,0.29,0.465,0.132,0.56,0.167,0.547,1,NA,NA,NA,NA,NA,NA,NA,NA,NA,NA,NA,NA,NA,NA,NA,NA,NA,NA,NA,NA,NA,NA,NA,NA,NA,NA,NA,NA,NA,NA
0.709,0.718,0.697,-0.288,0.524,-0.66,-0.499,-0.106,-0.229,0.062,-0.322,-0.501,1,NA,NA,NA,NA,NA,NA,NA,NA,NA,NA,NA,NA,NA,NA,NA,NA,NA,NA,NA,NA,NA,NA,NA,NA,NA,NA,NA,NA,NA
-0.593,-0.56,-0.444,0.093,-0.494,0.593,0.23,0.025,0.09,-0.12,0.222,0.375,-0.577,1,NA,NA,NA,NA,NA,NA,NA,NA,NA,NA,NA,NA,NA,NA,NA,NA,NA,NA,NA,NA,NA,NA,NA,NA,NA,NA,NA,NA
-0.174,-0.194,-0.275,0.373,-0.018,0.126,0.001,0.07,0.234,0.348,-0.067,0.239,-0.131,0.169,1,NA,NA,NA,NA,NA,NA,NA,NA,NA,NA,NA,NA,NA,NA,NA,NA,NA,NA,NA,NA,NA,NA,NA,NA,NA,NA,NA
-0.375,-0.246,-0.194,0.038,-0.41,0.575,0.356,0.271,-0.007,-0.248,0.254,0.235,-0.54,0.324,0.033,1,NA,NA,NA,NA,NA,NA,NA,NA,NA,NA,NA,NA,NA,NA,NA,NA,NA,NA,NA,NA,NA,NA,NA,NA,NA,NA
-0.098,-0.115,-0.025,-0.125,-0.117,0.158,0.243,-0.026,0.271,-0.086,0.248,0.148,-0.238,0.009,-0.114,0.294,1,NA,NA,NA,NA,NA,NA,NA,NA,NA,NA,NA,NA,NA,NA,NA,NA,NA,NA,NA,NA,NA,NA,NA,NA,NA
-0.532,-0.542,-0.52,0.093,-0.337,0.354,0.345,-0.118,0.126,-0.053,0.315,0.322,-0.52,0.502,0.113,0.284,0.049,1,NA,NA,NA,NA,NA,NA,NA,NA,NA,NA,NA,NA,NA,NA,NA,NA,NA,NA,NA,NA,NA,NA,NA,NA
0.699,0.497,0.385,-0.083,0.384,-0.617,-0.178,0.055,0.203,0.027,-0.049,-0.101,0.564,-0.431,-0.097,-0.33,0.098,-0.347,1,NA,NA,NA,NA,NA,NA,NA,NA,NA,NA,NA,NA,NA,NA,NA,NA,NA,NA,NA,NA,NA,NA,NA
-0.479,-0.373,-0.218,-0.041,-0.379,0.517,0.299,0.189,0.043,-0.115,0.243,0.264,-0.501,0.393,0.089,0.578,0.457,0.347,-0.271,1,NA,NA,NA,NA,NA,NA,NA,NA,NA,NA,NA,NA,NA,NA,NA,NA,NA,NA,NA,NA,NA,NA
0.231,-0.034,-0.108,0.143,0.006,-0.259,0.179,0.066,0.27,-0.095,0.147,0.271,-0.041,-0.026,0.041,-0.019,0.134,0.292,0.371,-0.052,1,NA,NA,NA,NA,NA,NA,NA,NA,NA,NA,NA,NA,NA,NA,NA,NA,NA,NA,NA,NA,NA
0,0,0,0,0,0,0,0,0,0,0,0,0,0,0,0,0,0,0,0,0,0.843,NA,NA,NA,NA,NA,NA,NA,NA,NA,NA,NA,NA,NA,NA,NA,NA,NA,NA,NA,NA
0,0,0,0,0,0,0,0,0,0,0,0,0,0,0,0,0,0,0,0,0,0.661,0.88,NA,NA,NA,NA,NA,NA,NA,NA,NA,NA,NA,NA,NA,NA,NA,NA,NA,NA,NA
0,0,0,0,0,0,0,0,0,0,0,0,0,0,0,0,0,0,0,0,0,0.509,0.563,0.912,NA,NA,NA,NA,NA,NA,NA,NA,NA,NA,NA,NA,NA,NA,NA,NA,NA,NA
0,0,0,0,0,0,0,0,0,0,0,0,0,0,0,0,0,0,0,0,0,-0.002,-0.011,-0.378,0.912,NA,NA,NA,NA,NA,NA,NA,NA,NA,NA,NA,NA,NA,NA,NA,NA,NA
0,0,0,0,0,0,0,0,0,0,0,0,0,0,0,0,0,0,0,0,0,0.464,0.394,0.244,-0.002,0.953,NA,NA,NA,NA,NA,NA,NA,NA,NA,NA,NA,NA,NA,NA,NA,NA
0,0,0,0,0,0,0,0,0,0,0,0,0,0,0,0,0,0,0,0,0,-0.573,-0.468,-0.33,0.126,-0.444,0.825,NA,NA,NA,NA,NA,NA,NA,NA,NA,NA,NA,NA,NA,NA,NA
0,0,0,0,0,0,0,0,0,0,0,0,0,0,0,0,0,0,0,0,0,-0.332,-0.353,-0.45,0.209,-0.107,0.165,0.88,NA,NA,NA,NA,NA,NA,NA,NA,NA,NA,NA,NA,NA,NA
0,0,0,0,0,0,0,0,0,0,0,0,0,0,0,0,0,0,0,0,0,0.142,0.072,-0.049,0.161,-0.149,0.151,0.005,0.995,NA,NA,NA,NA,NA,NA,NA,NA,NA,NA,NA,NA,NA
0,0,0,0,0,0,0,0,0,0,0,0,0,0,0,0,0,0,0,0,0,-0.085,-0.123,-0.367,0.428,-0.069,0.042,0.269,0.067,0.92,NA,NA,NA,NA,NA,NA,NA,NA,NA,NA,NA,NA
0,0,0,0,0,0,0,0,0,0,0,0,0,0,0,0,0,0,0,0,0,-0.029,0.025,-0.211,0.418,0.021,-0.04,0.03,-0.051,0.261,0.858,NA,NA,NA,NA,NA,NA,NA,NA,NA,NA,NA
0,0,0,0,0,0,0,0,0,0,0,0,0,0,0,0,0,0,0,0,0,-0.119,-0.107,-0.34,0.272,-0.009,0.039,0.365,0.015,0.373,0.153,0.801,NA,NA,NA,NA,NA,NA,NA,NA,NA,NA
0,0,0,0,0,0,0,0,0,0,0,0,0,0,0,0,0,0,0,0,0,-0.3,-0.388,-0.488,0.39,-0.188,0.254,0.383,0.097,0.529,0.163,0.431,0.834,NA,NA,NA,NA,NA,NA,NA,NA,NA
0,0,0,0,0,0,0,0,0,0,0,0,0,0,0,0,0,0,0,0,0,0.575,0.591,0.643,-0.28,0.438,-0.491,-0.445,-0.076,-0.226,-0.041,-0.272,-0.489,0.822,NA,NA,NA,NA,NA,NA,NA,NA
0,0,0,0,0,0,0,0,0,0,0,0,0,0,0,0,0,0,0,0,0,-0.516,-0.481,-0.396,0.058,-0.451,0.469,0.216,-0.001,0.131,-0.028,0.194,0.324,-0.435,0.841,NA,NA,NA,NA,NA,NA,NA
0,0,0,0,0,0,0,0,0,0,0,0,0,0,0,0,0,0,0,0,0,-0.129,-0.178,-0.274,0.353,-0.037,0.104,-0.004,0.086,0.27,0.385,-0.015,0.29,-0.108,0.137,0.976,NA,NA,NA,NA,NA,NA
0,0,0,0,0,0,0,0,0,0,0,0,0,0,0,0,0,0,0,0,0,-0.278,-0.138,-0.117,0.007,-0.3,0.404,0.24,0.206,-0.029,-0.177,0.168,0.167,-0.342,0.172,-0.01,0.781,NA,NA,NA,NA,NA
0,0,0,0,0,0,0,0,0,0,0,0,0,0,0,0,0,0,0,0,0,-0.15,-0.108,-0.008,-0.125,-0.061,0.105,0.237,-0.137,0.139,-0.1,0.139,0.097,-0.174,0,-0.088,0.206,0.751,NA,NA,NA,NA
0,0,0,0,0,0,0,0,0,0,0,0,0,0,0,0,0,0,0,0,0,-0.483,-0.494,-0.492,0.105,-0.299,0.299,0.322,-0.115,0.161,0.047,0.325,0.335,-0.445,0.416,0.128,0.228,0.038,0.93,NA,NA,NA
0,0,0,0,0,0,0,0,0,0,0,0,0,0,0,0,0,0,0,0,0,0.566,0.432,0.314,-0.046,0.368,-0.481,-0.158,0.079,0.116,-0.015,0.031,-0.117,0.459,-0.381,-0.072,-0.22,0.064,-0.265,0.906,NA,NA
0,0,0,0,0,0,0,0,0,0,0,0,0,0,0,0,0,0,0,0,0,-0.392,-0.3,-0.131,-0.078,-0.291,0.396,0.213,0.096,-0.027,-0.047,0.089,0.143,-0.327,0.252,0.049,0.385,0.362,0.258,-0.222,0.759,NA
0,0,0,0,0,0,0,0,0,0,0,0,0,0,0,0,0,0,0,0,0,0.144,-0.06,-0.14,0.153,0.044,-0.2,0.145,0.081,0.206,-0.015,0.17,0.255,-0.038,-0.051,0.102,-0.051,0.098,0.271,0.324,-0.091,0.847
