"energ","enthus","content","irrit","restl","worry","guilty","afraid","anhed","angry","hopel","down","positive","fatigue","tension","concent","ruminate","avoida","reass","procr","avoidp","energ1","enthus1","content1","irrit1","restl1","worry1","guilty1","afraid1","anhed1","angry1","hopel1","down1","positive1","fatigue1","tension1","concent1","ruminate","avoida1","reass1","procr1","avoidp1"
1,NA,NA,NA,NA,NA,NA,NA,NA,NA,NA,NA,NA,NA,NA,NA,NA,NA,NA,NA,NA,NA,NA,NA,NA,NA,NA,NA,NA,NA,NA,NA,NA,NA,NA,NA,NA,NA,NA,NA,NA,NA
0.545,1,NA,NA,NA,NA,NA,NA,NA,NA,NA,NA,NA,NA,NA,NA,NA,NA,NA,NA,NA,NA,NA,NA,NA,NA,NA,NA,NA,NA,NA,NA,NA,NA,NA,NA,NA,NA,NA,NA,NA,NA
0.162,0.363,1,NA,NA,NA,NA,NA,NA,NA,NA,NA,NA,NA,NA,NA,NA,NA,NA,NA,NA,NA,NA,NA,NA,NA,NA,NA,NA,NA,NA,NA,NA,NA,NA,NA,NA,NA,NA,NA,NA,NA
-0.251,-0.552,-0.256,1,NA,NA,NA,NA,NA,NA,NA,NA,NA,NA,NA,NA,NA,NA,NA,NA,NA,NA,NA,NA,NA,NA,NA,NA,NA,NA,NA,NA,NA,NA,NA,NA,NA,NA,NA,NA,NA,NA
-0.048,-0.148,-0.345,0.356,1,NA,NA,NA,NA,NA,NA,NA,NA,NA,NA,NA,NA,NA,NA,NA,NA,NA,NA,NA,NA,NA,NA,NA,NA,NA,NA,NA,NA,NA,NA,NA,NA,NA,NA,NA,NA,NA
-0.383,-0.401,-0.352,0.367,0.517,1,NA,NA,NA,NA,NA,NA,NA,NA,NA,NA,NA,NA,NA,NA,NA,NA,NA,NA,NA,NA,NA,NA,NA,NA,NA,NA,NA,NA,NA,NA,NA,NA,NA,NA,NA,NA
-0.129,-0.155,-0.095,0.332,0.46,0.593,1,NA,NA,NA,NA,NA,NA,NA,NA,NA,NA,NA,NA,NA,NA,NA,NA,NA,NA,NA,NA,NA,NA,NA,NA,NA,NA,NA,NA,NA,NA,NA,NA,NA,NA,NA
-0.191,-0.206,-0.177,0.337,0.332,0.652,0.744,1,NA,NA,NA,NA,NA,NA,NA,NA,NA,NA,NA,NA,NA,NA,NA,NA,NA,NA,NA,NA,NA,NA,NA,NA,NA,NA,NA,NA,NA,NA,NA,NA,NA,NA
-0.33,-0.463,-0.009,0.527,0.372,0.341,0.323,0.107,1,NA,NA,NA,NA,NA,NA,NA,NA,NA,NA,NA,NA,NA,NA,NA,NA,NA,NA,NA,NA,NA,NA,NA,NA,NA,NA,NA,NA,NA,NA,NA,NA,NA
-0.132,-0.401,-0.085,0.568,0.411,0.279,0.463,0.222,0.548,1,NA,NA,NA,NA,NA,NA,NA,NA,NA,NA,NA,NA,NA,NA,NA,NA,NA,NA,NA,NA,NA,NA,NA,NA,NA,NA,NA,NA,NA,NA,NA,NA
-0.012,0.019,0.041,0.235,0.46,0.437,0.747,0.558,0.35,0.517,1,NA,NA,NA,NA,NA,NA,NA,NA,NA,NA,NA,NA,NA,NA,NA,NA,NA,NA,NA,NA,NA,NA,NA,NA,NA,NA,NA,NA,NA,NA,NA
-0.17,-0.296,-0.251,0.495,0.487,0.57,0.603,0.689,0.385,0.536,0.625,1,NA,NA,NA,NA,NA,NA,NA,NA,NA,NA,NA,NA,NA,NA,NA,NA,NA,NA,NA,NA,NA,NA,NA,NA,NA,NA,NA,NA,NA,NA
0.381,0.73,0.325,-0.717,-0.352,-0.459,-0.25,-0.276,-0.477,-0.514,-0.204,-0.516,1,NA,NA,NA,NA,NA,NA,NA,NA,NA,NA,NA,NA,NA,NA,NA,NA,NA,NA,NA,NA,NA,NA,NA,NA,NA,NA,NA,NA,NA
-0.4,-0.257,0.129,0.167,0.206,0.438,0.437,0.384,0.372,0.271,0.425,0.376,-0.26,1,NA,NA,NA,NA,NA,NA,NA,NA,NA,NA,NA,NA,NA,NA,NA,NA,NA,NA,NA,NA,NA,NA,NA,NA,NA,NA,NA,NA
-0.177,-0.084,0.348,0.186,0.103,0.207,0.552,0.355,0.345,0.486,0.552,0.322,-0.137,0.507,1,NA,NA,NA,NA,NA,NA,NA,NA,NA,NA,NA,NA,NA,NA,NA,NA,NA,NA,NA,NA,NA,NA,NA,NA,NA,NA,NA
-0.233,-0.323,0.002,0.48,0.429,0.612,0.5,0.468,0.57,0.526,0.448,0.585,-0.442,0.482,0.356,1,NA,NA,NA,NA,NA,NA,NA,NA,NA,NA,NA,NA,NA,NA,NA,NA,NA,NA,NA,NA,NA,NA,NA,NA,NA,NA
-0.264,-0.309,-0.209,0.358,0.332,0.537,0.481,0.546,0.166,0.106,0.227,0.502,-0.405,0.456,0.059,0.426,1,NA,NA,NA,NA,NA,NA,NA,NA,NA,NA,NA,NA,NA,NA,NA,NA,NA,NA,NA,NA,NA,NA,NA,NA,NA
-0.275,-0.143,0.224,0.242,0.136,0.276,0.517,0.351,0.374,0.496,0.609,0.396,-0.226,0.566,0.704,0.346,0.05,1,NA,NA,NA,NA,NA,NA,NA,NA,NA,NA,NA,NA,NA,NA,NA,NA,NA,NA,NA,NA,NA,NA,NA,NA
-0.218,-0.102,-0.273,0.22,0.319,0.536,0.394,0.576,0.087,0.023,0.235,0.434,-0.194,0.361,0.013,0.416,0.692,0.15,1,NA,NA,NA,NA,NA,NA,NA,NA,NA,NA,NA,NA,NA,NA,NA,NA,NA,NA,NA,NA,NA,NA,NA
-0.147,-0.308,0.008,0.46,0.373,0.28,0.273,0.253,0.384,0.311,0.277,0.406,-0.498,0.484,0.169,0.439,0.456,0.287,0.318,1,NA,NA,NA,NA,NA,NA,NA,NA,NA,NA,NA,NA,NA,NA,NA,NA,NA,NA,NA,NA,NA,NA
-0.378,-0.274,0.242,0.281,0.064,0.279,0.553,0.407,0.452,0.47,0.538,0.348,-0.264,0.536,0.831,0.395,0.086,0.783,0.098,0.237,1,NA,NA,NA,NA,NA,NA,NA,NA,NA,NA,NA,NA,NA,NA,NA,NA,NA,NA,NA,NA,NA
0,0,0,0,0,0,0,0,0,0,0,0,0,0,0,0,0,0,0,0,0,0.865,NA,NA,NA,NA,NA,NA,NA,NA,NA,NA,NA,NA,NA,NA,NA,NA,NA,NA,NA,NA
0,0,0,0,0,0,0,0,0,0,0,0,0,0,0,0,0,0,0,0,0,0.487,0.854,NA,NA,NA,NA,NA,NA,NA,NA,NA,NA,NA,NA,NA,NA,NA,NA,NA,NA,NA
0,0,0,0,0,0,0,0,0,0,0,0,0,0,0,0,0,0,0,0,0,0.111,0.298,0.865,NA,NA,NA,NA,NA,NA,NA,NA,NA,NA,NA,NA,NA,NA,NA,NA,NA,NA
0,0,0,0,0,0,0,0,0,0,0,0,0,0,0,0,0,0,0,0,0,-0.207,-0.455,-0.246,0.805,NA,NA,NA,NA,NA,NA,NA,NA,NA,NA,NA,NA,NA,NA,NA,NA,NA
0,0,0,0,0,0,0,0,0,0,0,0,0,0,0,0,0,0,0,0,0,-0.041,-0.112,-0.297,0.304,0.905,NA,NA,NA,NA,NA,NA,NA,NA,NA,NA,NA,NA,NA,NA,NA,NA
0,0,0,0,0,0,0,0,0,0,0,0,0,0,0,0,0,0,0,0,0,-0.318,-0.312,-0.265,0.311,0.394,0.761,NA,NA,NA,NA,NA,NA,NA,NA,NA,NA,NA,NA,NA,NA,NA
0,0,0,0,0,0,0,0,0,0,0,0,0,0,0,0,0,0,0,0,0,-0.062,-0.101,-0.066,0.204,0.322,0.37,0.751,NA,NA,NA,NA,NA,NA,NA,NA,NA,NA,NA,NA,NA,NA
0,0,0,0,0,0,0,0,0,0,0,0,0,0,0,0,0,0,0,0,0,-0.098,-0.14,-0.098,0.211,0.246,0.426,0.518,0.677,NA,NA,NA,NA,NA,NA,NA,NA,NA,NA,NA,NA,NA
0,0,0,0,0,0,0,0,0,0,0,0,0,0,0,0,0,0,0,0,0,-0.31,-0.436,-0.008,0.47,0.35,0.318,0.252,0.098,0.95,NA,NA,NA,NA,NA,NA,NA,NA,NA,NA,NA,NA
0,0,0,0,0,0,0,0,0,0,0,0,0,0,0,0,0,0,0,0,0,-0.139,-0.335,-0.085,0.483,0.322,0.256,0.417,0.258,0.486,0.841,NA,NA,NA,NA,NA,NA,NA,NA,NA,NA,NA
0,0,0,0,0,0,0,0,0,0,0,0,0,0,0,0,0,0,0,0,0,-0.009,0.037,0.017,0.175,0.355,0.342,0.587,0.457,0.281,0.464,0.878,NA,NA,NA,NA,NA,NA,NA,NA,NA,NA
0,0,0,0,0,0,0,0,0,0,0,0,0,0,0,0,0,0,0,0,0,-0.104,-0.199,-0.231,0.374,0.396,0.378,0.398,0.475,0.303,0.458,0.496,0.778,NA,NA,NA,NA,NA,NA,NA,NA,NA
0,0,0,0,0,0,0,0,0,0,0,0,0,0,0,0,0,0,0,0,0,0.326,0.612,0.313,-0.589,-0.298,-0.352,-0.11,-0.146,-0.445,-0.419,-0.12,-0.363,0.861,NA,NA,NA,NA,NA,NA,NA,NA
0,0,0,0,0,0,0,0,0,0,0,0,0,0,0,0,0,0,0,0,0,-0.332,-0.226,0.069,0.158,0.185,0.344,0.361,0.296,0.347,0.266,0.385,0.294,-0.225,0.839,NA,NA,NA,NA,NA,NA,NA
0,0,0,0,0,0,0,0,0,0,0,0,0,0,0,0,0,0,0,0,0,-0.159,-0.077,0.314,0.132,0.037,0.186,0.484,0.355,0.3,0.41,0.485,0.272,-0.076,0.451,0.845,NA,NA,NA,NA,NA,NA
0,0,0,0,0,0,0,0,0,0,0,0,0,0,0,0,0,0,0,0,0,-0.184,-0.26,0.011,0.373,0.315,0.467,0.287,0.285,0.482,0.447,0.306,0.365,-0.332,0.343,0.29,0.787,NA,NA,NA,NA,NA
0,0,0,0,0,0,0,0,0,0,0,0,0,0,0,0,0,0,0,0,0,-0.179,-0.262,-0.216,0.228,0.262,0.296,0.224,0.261,0.157,0.093,0.09,0.298,-0.291,0.333,0.007,0.204,0.682,NA,NA,NA,NA
0,0,0,0,0,0,0,0,0,0,0,0,0,0,0,0,0,0,0,0,0,-0.291,-0.104,0.206,0.175,0.11,0.256,0.396,0.291,0.32,0.385,0.507,0.297,-0.132,0.497,0.59,0.314,0.011,0.814,NA,NA,NA
0,0,0,0,0,0,0,0,0,0,0,0,0,0,0,0,0,0,0,0,0,-0.113,-0.113,-0.293,0.161,0.302,0.362,0.171,0.302,0.068,0.062,0.143,0.275,-0.151,0.223,-0.033,0.269,0.434,0.101,0.702,NA,NA
0,0,0,0,0,0,0,0,0,0,0,0,0,0,0,0,0,0,0,0,0,-0.046,-0.206,-0.038,0.328,0.314,0.165,0.128,0.12,0.306,0.217,0.207,0.268,-0.4,0.372,0.103,0.277,0.336,0.172,0.216,0.819,NA
0,0,0,0,0,0,0,0,0,0,0,0,0,0,0,0,0,0,0,0,0,-0.336,-0.249,0.239,0.188,0.03,0.244,0.461,0.339,0.403,0.412,0.455,0.243,-0.191,0.451,0.735,0.324,0.032,0.643,0.011,0.129,0.874
