"energ","enthus","content","irrit","restl","worry","guilty","afraid","anhed","angry","hopel","down","positive","fatigue","tension","concent","ruminate","avoida","reass","procr","avoidp","energ1","enthus1","content1","irrit1","restl1","worry1","guilty1","afraid1","anhed1","angry1","hopel1","down1","positive1","fatigue1","tension1","concent1","ruminate","avoida1","reass1","procr1","avoidp1"
1,NA,NA,NA,NA,NA,NA,NA,NA,NA,NA,NA,NA,NA,NA,NA,NA,NA,NA,NA,NA,NA,NA,NA,NA,NA,NA,NA,NA,NA,NA,NA,NA,NA,NA,NA,NA,NA,NA,NA,NA,NA
0.498,1,NA,NA,NA,NA,NA,NA,NA,NA,NA,NA,NA,NA,NA,NA,NA,NA,NA,NA,NA,NA,NA,NA,NA,NA,NA,NA,NA,NA,NA,NA,NA,NA,NA,NA,NA,NA,NA,NA,NA,NA
0.53,0.56,1,NA,NA,NA,NA,NA,NA,NA,NA,NA,NA,NA,NA,NA,NA,NA,NA,NA,NA,NA,NA,NA,NA,NA,NA,NA,NA,NA,NA,NA,NA,NA,NA,NA,NA,NA,NA,NA,NA,NA
-0.172,-0.366,-0.385,1,NA,NA,NA,NA,NA,NA,NA,NA,NA,NA,NA,NA,NA,NA,NA,NA,NA,NA,NA,NA,NA,NA,NA,NA,NA,NA,NA,NA,NA,NA,NA,NA,NA,NA,NA,NA,NA,NA
-0.115,0.138,-0.123,0.085,1,NA,NA,NA,NA,NA,NA,NA,NA,NA,NA,NA,NA,NA,NA,NA,NA,NA,NA,NA,NA,NA,NA,NA,NA,NA,NA,NA,NA,NA,NA,NA,NA,NA,NA,NA,NA,NA
-0.335,-0.217,-0.352,0.208,0.14,1,NA,NA,NA,NA,NA,NA,NA,NA,NA,NA,NA,NA,NA,NA,NA,NA,NA,NA,NA,NA,NA,NA,NA,NA,NA,NA,NA,NA,NA,NA,NA,NA,NA,NA,NA,NA
-0.223,-0.434,-0.403,0.282,-0.022,0.31,1,NA,NA,NA,NA,NA,NA,NA,NA,NA,NA,NA,NA,NA,NA,NA,NA,NA,NA,NA,NA,NA,NA,NA,NA,NA,NA,NA,NA,NA,NA,NA,NA,NA,NA,NA
-0.26,-0.301,-0.307,0.158,-0.046,0.542,0.494,1,NA,NA,NA,NA,NA,NA,NA,NA,NA,NA,NA,NA,NA,NA,NA,NA,NA,NA,NA,NA,NA,NA,NA,NA,NA,NA,NA,NA,NA,NA,NA,NA,NA,NA
-0.549,-0.538,-0.529,0.315,0.095,0.501,0.615,0.58,1,NA,NA,NA,NA,NA,NA,NA,NA,NA,NA,NA,NA,NA,NA,NA,NA,NA,NA,NA,NA,NA,NA,NA,NA,NA,NA,NA,NA,NA,NA,NA,NA,NA
-0.193,-0.187,-0.315,0.434,0.095,0.212,0.336,0.303,0.346,1,NA,NA,NA,NA,NA,NA,NA,NA,NA,NA,NA,NA,NA,NA,NA,NA,NA,NA,NA,NA,NA,NA,NA,NA,NA,NA,NA,NA,NA,NA,NA,NA
-0.171,-0.223,-0.348,0.127,0.05,0.438,0.383,0.375,0.506,0.259,1,NA,NA,NA,NA,NA,NA,NA,NA,NA,NA,NA,NA,NA,NA,NA,NA,NA,NA,NA,NA,NA,NA,NA,NA,NA,NA,NA,NA,NA,NA,NA
-0.462,-0.366,-0.57,0.295,0.082,0.532,0.505,0.387,0.67,0.415,0.624,1,NA,NA,NA,NA,NA,NA,NA,NA,NA,NA,NA,NA,NA,NA,NA,NA,NA,NA,NA,NA,NA,NA,NA,NA,NA,NA,NA,NA,NA,NA
0.48,0.596,0.608,-0.262,0.051,-0.314,-0.419,-0.301,-0.583,-0.224,-0.397,-0.522,1,NA,NA,NA,NA,NA,NA,NA,NA,NA,NA,NA,NA,NA,NA,NA,NA,NA,NA,NA,NA,NA,NA,NA,NA,NA,NA,NA,NA,NA
-0.439,-0.205,-0.196,0.102,0.156,0.157,0.015,0.134,0.157,0.177,0.088,0.164,-0.155,1,NA,NA,NA,NA,NA,NA,NA,NA,NA,NA,NA,NA,NA,NA,NA,NA,NA,NA,NA,NA,NA,NA,NA,NA,NA,NA,NA,NA
-0.056,-0.083,0.029,0.12,-0.2,0.095,-0.15,-0.011,-0.089,0.082,0.052,-0.024,-0.079,0.195,1,NA,NA,NA,NA,NA,NA,NA,NA,NA,NA,NA,NA,NA,NA,NA,NA,NA,NA,NA,NA,NA,NA,NA,NA,NA,NA,NA
-0.218,-0.288,-0.342,0.108,0.137,0.281,0.352,0.306,0.361,0.118,0.343,0.264,-0.225,0.12,-0.105,1,NA,NA,NA,NA,NA,NA,NA,NA,NA,NA,NA,NA,NA,NA,NA,NA,NA,NA,NA,NA,NA,NA,NA,NA,NA,NA
-0.189,-0.216,-0.295,0.309,0.041,0.249,0.46,0.329,0.435,0.556,0.356,0.421,-0.325,0.139,0.04,0.105,1,NA,NA,NA,NA,NA,NA,NA,NA,NA,NA,NA,NA,NA,NA,NA,NA,NA,NA,NA,NA,NA,NA,NA,NA,NA
-0.232,-0.289,-0.386,0.022,0.053,0.159,0.332,0.123,0.368,0.173,0.358,0.332,-0.375,0.001,0.068,0.373,0.26,1,NA,NA,NA,NA,NA,NA,NA,NA,NA,NA,NA,NA,NA,NA,NA,NA,NA,NA,NA,NA,NA,NA,NA,NA
0.248,0.224,0.214,-0.106,0.141,0.011,0.077,0.149,-0.111,0.088,-0.007,-0.023,0.239,-0.143,-0.09,0.014,0.187,-0.051,1,NA,NA,NA,NA,NA,NA,NA,NA,NA,NA,NA,NA,NA,NA,NA,NA,NA,NA,NA,NA,NA,NA,NA
-0.163,-0.194,-0.273,0.057,0.127,-0.004,0.223,0.059,0.298,0.23,0.285,0.179,-0.242,0.005,0.007,0.418,0.283,0.592,-0.011,1,NA,NA,NA,NA,NA,NA,NA,NA,NA,NA,NA,NA,NA,NA,NA,NA,NA,NA,NA,NA,NA,NA
-0.345,-0.232,-0.446,0.18,0.27,0.313,0.422,0.171,0.534,0.322,0.49,0.582,-0.439,-0.071,-0.147,0.193,0.47,0.49,-0.061,0.409,1,NA,NA,NA,NA,NA,NA,NA,NA,NA,NA,NA,NA,NA,NA,NA,NA,NA,NA,NA,NA,NA
0,0,0,0,0,0,0,0,0,0,0,0,0,0,0,0,0,0,0,0,0,0.712,NA,NA,NA,NA,NA,NA,NA,NA,NA,NA,NA,NA,NA,NA,NA,NA,NA,NA,NA,NA
0,0,0,0,0,0,0,0,0,0,0,0,0,0,0,0,0,0,0,0,0,0.363,0.729,NA,NA,NA,NA,NA,NA,NA,NA,NA,NA,NA,NA,NA,NA,NA,NA,NA,NA,NA
0,0,0,0,0,0,0,0,0,0,0,0,0,0,0,0,0,0,0,0,0,0.336,0.346,0.69,NA,NA,NA,NA,NA,NA,NA,NA,NA,NA,NA,NA,NA,NA,NA,NA,NA,NA
0,0,0,0,0,0,0,0,0,0,0,0,0,0,0,0,0,0,0,0,0,-0.166,-0.302,-0.303,0.713,NA,NA,NA,NA,NA,NA,NA,NA,NA,NA,NA,NA,NA,NA,NA,NA,NA
0,0,0,0,0,0,0,0,0,0,0,0,0,0,0,0,0,0,0,0,0,-0.028,0.15,0.002,-0.033,0.703,NA,NA,NA,NA,NA,NA,NA,NA,NA,NA,NA,NA,NA,NA,NA,NA
0,0,0,0,0,0,0,0,0,0,0,0,0,0,0,0,0,0,0,0,0,-0.188,-0.17,-0.168,0.154,0.025,0.67,NA,NA,NA,NA,NA,NA,NA,NA,NA,NA,NA,NA,NA,NA,NA
0,0,0,0,0,0,0,0,0,0,0,0,0,0,0,0,0,0,0,0,0,-0.162,-0.314,-0.175,0.179,-0.113,0.189,0.666,NA,NA,NA,NA,NA,NA,NA,NA,NA,NA,NA,NA,NA,NA
0,0,0,0,0,0,0,0,0,0,0,0,0,0,0,0,0,0,0,0,0,-0.248,-0.286,-0.167,0.125,-0.122,0.33,0.296,0.654,NA,NA,NA,NA,NA,NA,NA,NA,NA,NA,NA,NA,NA
0,0,0,0,0,0,0,0,0,0,0,0,0,0,0,0,0,0,0,0,0,-0.418,-0.386,-0.279,0.223,-0.049,0.306,0.368,0.418,0.699,NA,NA,NA,NA,NA,NA,NA,NA,NA,NA,NA,NA
0,0,0,0,0,0,0,0,0,0,0,0,0,0,0,0,0,0,0,0,0,-0.167,-0.152,-0.192,0.314,-0.05,0.114,0.13,0.193,0.218,0.774,NA,NA,NA,NA,NA,NA,NA,NA,NA,NA,NA
0,0,0,0,0,0,0,0,0,0,0,0,0,0,0,0,0,0,0,0,0,-0.191,-0.202,-0.261,0.199,-0.059,0.216,0.184,0.17,0.298,0.179,0.591,NA,NA,NA,NA,NA,NA,NA,NA,NA,NA
0,0,0,0,0,0,0,0,0,0,0,0,0,0,0,0,0,0,0,0,0,-0.281,-0.215,-0.307,0.262,-0.052,0.286,0.24,0.211,0.361,0.298,0.375,0.609,NA,NA,NA,NA,NA,NA,NA,NA,NA
0,0,0,0,0,0,0,0,0,0,0,0,0,0,0,0,0,0,0,0,0,0.311,0.404,0.357,-0.205,0.121,-0.115,-0.176,-0.13,-0.323,-0.095,-0.194,-0.228,0.702,NA,NA,NA,NA,NA,NA,NA,NA
0,0,0,0,0,0,0,0,0,0,0,0,0,0,0,0,0,0,0,0,0,-0.355,-0.164,-0.174,0.114,0.08,0.111,0.023,0.119,0.134,0.186,0.137,0.189,-0.153,0.774,NA,NA,NA,NA,NA,NA,NA
0,0,0,0,0,0,0,0,0,0,0,0,0,0,0,0,0,0,0,0,0,-0.137,-0.171,-0.13,0.164,-0.171,0.165,-0.005,0.129,0.083,0.19,0.196,0.144,-0.168,0.254,0.761,NA,NA,NA,NA,NA,NA
0,0,0,0,0,0,0,0,0,0,0,0,0,0,0,0,0,0,0,0,0,-0.126,-0.159,-0.13,0.087,0.065,0.2,0.19,0.182,0.151,0.044,0.144,0.088,-0.058,0.071,-0.032,0.739,NA,NA,NA,NA,NA
0,0,0,0,0,0,0,0,0,0,0,0,0,0,0,0,0,0,0,0,0,-0.197,-0.224,-0.193,0.275,-0.038,0.11,0.25,0.229,0.303,0.428,0.138,0.239,-0.178,0.231,0.211,0.025,0.707,NA,NA,NA,NA
0,0,0,0,0,0,0,0,0,0,0,0,0,0,0,0,0,0,0,0,0,-0.104,-0.092,-0.181,0.023,-0.047,0.087,0.159,0.052,0.121,0.086,0.148,0.108,-0.176,0.025,0.186,0.13,0.163,0.771,NA,NA,NA
0,0,0,0,0,0,0,0,0,0,0,0,0,0,0,0,0,0,0,0,0,0.142,0.197,0.19,-0.134,0.134,-0.02,-0.044,0.032,-0.176,0.083,-0.116,-0.041,0.231,-0.073,-0.059,0.023,0.099,-0.044,0.819,NA,NA
0,0,0,0,0,0,0,0,0,0,0,0,0,0,0,0,0,0,0,0,0,-0.091,-0.055,-0.176,0.105,0.021,0.008,0.142,0.036,0.137,0.218,0.145,0.104,-0.093,0.009,0.118,0.228,0.277,0.403,0.056,0.76,NA
0,0,0,0,0,0,0,0,0,0,0,0,0,0,0,0,0,0,0,0,0,-0.241,-0.162,-0.297,0.171,0.108,0.196,0.206,0.06,0.319,0.197,0.283,0.286,-0.238,-0.03,0.07,0.067,0.238,0.307,-0.114,0.307,0.7
