"energ","enthus","content","irrit","restl","worry","guilty","afraid","anhed","angry","hopel","down","positive","fatigue","tension","concent","ruminate","avoida","reass","procr","avoidp","energ1","enthus1","content1","irrit1","restl1","worry1","guilty1","afraid1","anhed1","angry1","hopel1","down1","positive1","fatigue1","tension1","concent1","ruminate","avoida1","reass1","procr1","avoidp1"
1,NA,NA,NA,NA,NA,NA,NA,NA,NA,NA,NA,NA,NA,NA,NA,NA,NA,NA,NA,NA,NA,NA,NA,NA,NA,NA,NA,NA,NA,NA,NA,NA,NA,NA,NA,NA,NA,NA,NA,NA,NA
0.534,1,NA,NA,NA,NA,NA,NA,NA,NA,NA,NA,NA,NA,NA,NA,NA,NA,NA,NA,NA,NA,NA,NA,NA,NA,NA,NA,NA,NA,NA,NA,NA,NA,NA,NA,NA,NA,NA,NA,NA,NA
0.175,0.242,1,NA,NA,NA,NA,NA,NA,NA,NA,NA,NA,NA,NA,NA,NA,NA,NA,NA,NA,NA,NA,NA,NA,NA,NA,NA,NA,NA,NA,NA,NA,NA,NA,NA,NA,NA,NA,NA,NA,NA
-0.043,0.057,-0.447,1,NA,NA,NA,NA,NA,NA,NA,NA,NA,NA,NA,NA,NA,NA,NA,NA,NA,NA,NA,NA,NA,NA,NA,NA,NA,NA,NA,NA,NA,NA,NA,NA,NA,NA,NA,NA,NA,NA
-0.003,0.208,-0.218,-0.034,1,NA,NA,NA,NA,NA,NA,NA,NA,NA,NA,NA,NA,NA,NA,NA,NA,NA,NA,NA,NA,NA,NA,NA,NA,NA,NA,NA,NA,NA,NA,NA,NA,NA,NA,NA,NA,NA
-0.223,-0.027,-0.276,0.199,-0.018,1,NA,NA,NA,NA,NA,NA,NA,NA,NA,NA,NA,NA,NA,NA,NA,NA,NA,NA,NA,NA,NA,NA,NA,NA,NA,NA,NA,NA,NA,NA,NA,NA,NA,NA,NA,NA
-0.05,0.104,-0.572,0.281,0.224,0.497,1,NA,NA,NA,NA,NA,NA,NA,NA,NA,NA,NA,NA,NA,NA,NA,NA,NA,NA,NA,NA,NA,NA,NA,NA,NA,NA,NA,NA,NA,NA,NA,NA,NA,NA,NA
0.004,0.012,-0.389,0.301,0.185,0.364,0.533,1,NA,NA,NA,NA,NA,NA,NA,NA,NA,NA,NA,NA,NA,NA,NA,NA,NA,NA,NA,NA,NA,NA,NA,NA,NA,NA,NA,NA,NA,NA,NA,NA,NA,NA
-0.168,-0.35,-0.463,0.026,0.053,0.105,0.29,0.075,1,NA,NA,NA,NA,NA,NA,NA,NA,NA,NA,NA,NA,NA,NA,NA,NA,NA,NA,NA,NA,NA,NA,NA,NA,NA,NA,NA,NA,NA,NA,NA,NA,NA
-0.111,-0.066,-0.435,0.644,0.064,0.243,0.315,0.452,-0.004,1,NA,NA,NA,NA,NA,NA,NA,NA,NA,NA,NA,NA,NA,NA,NA,NA,NA,NA,NA,NA,NA,NA,NA,NA,NA,NA,NA,NA,NA,NA,NA,NA
-0.189,-0.101,-0.507,0.343,0.192,0.458,0.667,0.472,0.222,0.454,1,NA,NA,NA,NA,NA,NA,NA,NA,NA,NA,NA,NA,NA,NA,NA,NA,NA,NA,NA,NA,NA,NA,NA,NA,NA,NA,NA,NA,NA,NA,NA
-0.183,-0.076,-0.629,0.305,0.334,0.451,0.73,0.458,0.439,0.324,0.589,1,NA,NA,NA,NA,NA,NA,NA,NA,NA,NA,NA,NA,NA,NA,NA,NA,NA,NA,NA,NA,NA,NA,NA,NA,NA,NA,NA,NA,NA,NA
0.444,0.53,0.616,-0.268,-0.048,-0.221,-0.452,-0.254,-0.41,-0.275,-0.377,-0.488,1,NA,NA,NA,NA,NA,NA,NA,NA,NA,NA,NA,NA,NA,NA,NA,NA,NA,NA,NA,NA,NA,NA,NA,NA,NA,NA,NA,NA,NA
-0.276,-0.006,-0.22,0.025,0.302,0.241,0.233,0.143,0.319,0.115,0.236,0.433,-0.176,1,NA,NA,NA,NA,NA,NA,NA,NA,NA,NA,NA,NA,NA,NA,NA,NA,NA,NA,NA,NA,NA,NA,NA,NA,NA,NA,NA,NA
0.115,0.199,-0.306,0.247,0.531,0.054,0.221,0.195,-0.029,0.2,0.239,0.352,-0.096,0.271,1,NA,NA,NA,NA,NA,NA,NA,NA,NA,NA,NA,NA,NA,NA,NA,NA,NA,NA,NA,NA,NA,NA,NA,NA,NA,NA,NA
-0.403,-0.501,-0.099,-0.266,0.041,-0.082,-0.049,-0.063,0.261,-0.123,0.013,0.032,-0.343,0.168,-0.062,1,NA,NA,NA,NA,NA,NA,NA,NA,NA,NA,NA,NA,NA,NA,NA,NA,NA,NA,NA,NA,NA,NA,NA,NA,NA,NA
-0.107,0.043,-0.392,0.061,0.325,0.287,0.636,0.202,0.342,0.039,0.365,0.541,-0.403,0.163,0.149,0.126,1,NA,NA,NA,NA,NA,NA,NA,NA,NA,NA,NA,NA,NA,NA,NA,NA,NA,NA,NA,NA,NA,NA,NA,NA,NA
-0.046,-0.329,-0.235,-0.006,0.049,-0.098,0.134,0.007,0.312,0.007,0.06,0.159,-0.369,0.082,0.119,0.446,0.119,1,NA,NA,NA,NA,NA,NA,NA,NA,NA,NA,NA,NA,NA,NA,NA,NA,NA,NA,NA,NA,NA,NA,NA,NA
-0.083,-0.073,0.138,0.057,-0.22,0.002,-0.175,0.02,-0.113,0.075,-0.093,-0.047,0.122,0.043,-0.142,-0.14,-0.192,-0.301,1,NA,NA,NA,NA,NA,NA,NA,NA,NA,NA,NA,NA,NA,NA,NA,NA,NA,NA,NA,NA,NA,NA,NA
-0.163,-0.232,-0.002,-0.219,0.091,0.004,0.076,0.147,0.095,-0.037,0.043,-0.037,-0.162,0.148,0.016,0.475,0.019,0.437,-0.377,1,NA,NA,NA,NA,NA,NA,NA,NA,NA,NA,NA,NA,NA,NA,NA,NA,NA,NA,NA,NA,NA,NA
-0.209,-0.23,-0.308,0.163,0.143,0.102,0.215,0.017,0.379,0.161,0.203,0.33,-0.487,0.296,0.193,0.377,0.286,0.513,-0.267,0.213,1,NA,NA,NA,NA,NA,NA,NA,NA,NA,NA,NA,NA,NA,NA,NA,NA,NA,NA,NA,NA,NA
0,0,0,0,0,0,0,0,0,0,0,0,0,0,0,0,0,0,0,0,0,0.746,NA,NA,NA,NA,NA,NA,NA,NA,NA,NA,NA,NA,NA,NA,NA,NA,NA,NA,NA,NA
0,0,0,0,0,0,0,0,0,0,0,0,0,0,0,0,0,0,0,0,0,0.411,0.779,NA,NA,NA,NA,NA,NA,NA,NA,NA,NA,NA,NA,NA,NA,NA,NA,NA,NA,NA
0,0,0,0,0,0,0,0,0,0,0,0,0,0,0,0,0,0,0,0,0,0.107,0.158,0.75,NA,NA,NA,NA,NA,NA,NA,NA,NA,NA,NA,NA,NA,NA,NA,NA,NA,NA
0,0,0,0,0,0,0,0,0,0,0,0,0,0,0,0,0,0,0,0,0,-0.051,0.112,-0.292,0.745,NA,NA,NA,NA,NA,NA,NA,NA,NA,NA,NA,NA,NA,NA,NA,NA,NA
0,0,0,0,0,0,0,0,0,0,0,0,0,0,0,0,0,0,0,0,0,0.106,0.139,-0.092,-0.065,0.692,NA,NA,NA,NA,NA,NA,NA,NA,NA,NA,NA,NA,NA,NA,NA,NA
0,0,0,0,0,0,0,0,0,0,0,0,0,0,0,0,0,0,0,0,0,-0.233,-0.096,-0.195,0.092,0.023,0.745,NA,NA,NA,NA,NA,NA,NA,NA,NA,NA,NA,NA,NA,NA,NA
0,0,0,0,0,0,0,0,0,0,0,0,0,0,0,0,0,0,0,0,0,-0.054,0.034,-0.36,0.158,0.072,0.362,0.694,NA,NA,NA,NA,NA,NA,NA,NA,NA,NA,NA,NA,NA,NA
0,0,0,0,0,0,0,0,0,0,0,0,0,0,0,0,0,0,0,0,0,-0.022,-0.042,-0.299,0.15,0.135,0.216,0.36,0.702,NA,NA,NA,NA,NA,NA,NA,NA,NA,NA,NA,NA,NA
0,0,0,0,0,0,0,0,0,0,0,0,0,0,0,0,0,0,0,0,0,-0.03,-0.121,-0.316,0.033,0.002,0.079,0.145,0.093,0.582,NA,NA,NA,NA,NA,NA,NA,NA,NA,NA,NA,NA
0,0,0,0,0,0,0,0,0,0,0,0,0,0,0,0,0,0,0,0,0,-0.072,-0.069,-0.325,0.46,-0.028,0.132,0.213,0.26,0.004,0.718,NA,NA,NA,NA,NA,NA,NA,NA,NA,NA,NA
0,0,0,0,0,0,0,0,0,0,0,0,0,0,0,0,0,0,0,0,0,-0.107,-0.12,-0.323,0.181,0.058,0.342,0.453,0.357,0.087,0.293,0.746,NA,NA,NA,NA,NA,NA,NA,NA,NA,NA
0,0,0,0,0,0,0,0,0,0,0,0,0,0,0,0,0,0,0,0,0,-0.118,-0.06,-0.425,0.183,0.166,0.38,0.476,0.379,0.219,0.199,0.426,0.702,NA,NA,NA,NA,NA,NA,NA,NA,NA
0,0,0,0,0,0,0,0,0,0,0,0,0,0,0,0,0,0,0,0,0,0.327,0.425,0.386,-0.122,0.047,-0.152,-0.272,-0.206,-0.236,-0.189,-0.217,-0.289,0.711,NA,NA,NA,NA,NA,NA,NA,NA
0,0,0,0,0,0,0,0,0,0,0,0,0,0,0,0,0,0,0,0,0,-0.164,-0.105,-0.261,0.099,0.128,0.184,0.147,0.189,0.241,0.134,0.155,0.329,-0.186,0.718,NA,NA,NA,NA,NA,NA,NA
0,0,0,0,0,0,0,0,0,0,0,0,0,0,0,0,0,0,0,0,0,0.069,0.073,-0.252,0.163,0.316,0.065,0.13,0.188,0.02,0.133,0.138,0.247,-0.1,0.222,0.624,NA,NA,NA,NA,NA,NA
0,0,0,0,0,0,0,0,0,0,0,0,0,0,0,0,0,0,0,0,0,-0.245,-0.334,-0.124,-0.245,0.008,-0.017,0.022,0.027,0.14,-0.1,-0.018,0.014,-0.284,0.143,0.03,0.753,NA,NA,NA,NA,NA
0,0,0,0,0,0,0,0,0,0,0,0,0,0,0,0,0,0,0,0,0,-0.088,-0.009,-0.26,0.041,0.176,0.199,0.378,0.119,0.24,0.024,0.224,0.327,-0.26,0.147,0.151,0.166,0.733,NA,NA,NA,NA
0,0,0,0,0,0,0,0,0,0,0,0,0,0,0,0,0,0,0,0,0,-0.01,-0.183,-0.16,-0.057,0.028,-0.072,0.073,0.039,0.128,0.038,0.024,0.094,-0.258,0.13,0.09,0.33,0.035,0.746,NA,NA,NA
0,0,0,0,0,0,0,0,0,0,0,0,0,0,0,0,0,0,0,0,0,-0.091,-0.06,0.061,0.034,-0.078,0.069,-0.036,0.065,-0.127,0.036,0.042,0.038,0.069,-0.013,-0.029,-0.123,-0.104,-0.293,0.712,NA,NA
0,0,0,0,0,0,0,0,0,0,0,0,0,0,0,0,0,0,0,0,0,-0.112,-0.158,-0.028,-0.139,0.109,-0.044,0.05,0.059,0.041,0.02,0.015,0.004,-0.163,0.178,0.068,0.315,-0.006,0.385,-0.322,0.76,NA
0,0,0,0,0,0,0,0,0,0,0,0,0,0,0,0,0,0,0,0,0,-0.132,-0.091,-0.191,0.087,0.062,0.045,0.116,0.049,0.244,0.101,0.067,0.158,-0.343,0.235,0.136,0.262,0.206,0.33,-0.236,0.214,0.716
