"energ","enthus","content","irrit","restl","worry","guilty","afraid","anhed","angry","hopel","down","positive","fatigue","tension","concent","ruminate","avoida","reass","procr","avoidp","energ1","enthus1","content1","irrit1","restl1","worry1","guilty1","afraid1","anhed1","angry1","hopel1","down1","positive1","fatigue1","tension1","concent1","ruminate","avoida1","reass1","procr1","avoidp1"
1,NA,NA,NA,NA,NA,NA,NA,NA,NA,NA,NA,NA,NA,NA,NA,NA,NA,NA,NA,NA,NA,NA,NA,NA,NA,NA,NA,NA,NA,NA,NA,NA,NA,NA,NA,NA,NA,NA,NA,NA,NA
0.932,1,NA,NA,NA,NA,NA,NA,NA,NA,NA,NA,NA,NA,NA,NA,NA,NA,NA,NA,NA,NA,NA,NA,NA,NA,NA,NA,NA,NA,NA,NA,NA,NA,NA,NA,NA,NA,NA,NA,NA,NA
-0.892,-0.847,1,NA,NA,NA,NA,NA,NA,NA,NA,NA,NA,NA,NA,NA,NA,NA,NA,NA,NA,NA,NA,NA,NA,NA,NA,NA,NA,NA,NA,NA,NA,NA,NA,NA,NA,NA,NA,NA,NA,NA
0.849,0.84,-0.958,1,NA,NA,NA,NA,NA,NA,NA,NA,NA,NA,NA,NA,NA,NA,NA,NA,NA,NA,NA,NA,NA,NA,NA,NA,NA,NA,NA,NA,NA,NA,NA,NA,NA,NA,NA,NA,NA,NA
0.57,0.571,-0.742,0.843,1,NA,NA,NA,NA,NA,NA,NA,NA,NA,NA,NA,NA,NA,NA,NA,NA,NA,NA,NA,NA,NA,NA,NA,NA,NA,NA,NA,NA,NA,NA,NA,NA,NA,NA,NA,NA,NA
-0.529,-0.483,0.31,-0.194,0.042,1,NA,NA,NA,NA,NA,NA,NA,NA,NA,NA,NA,NA,NA,NA,NA,NA,NA,NA,NA,NA,NA,NA,NA,NA,NA,NA,NA,NA,NA,NA,NA,NA,NA,NA,NA,NA
0.109,0.064,-0.229,0.163,0.025,0.194,1,NA,NA,NA,NA,NA,NA,NA,NA,NA,NA,NA,NA,NA,NA,NA,NA,NA,NA,NA,NA,NA,NA,NA,NA,NA,NA,NA,NA,NA,NA,NA,NA,NA,NA,NA
0.723,0.706,-0.874,0.939,0.903,-0.046,0.093,1,NA,NA,NA,NA,NA,NA,NA,NA,NA,NA,NA,NA,NA,NA,NA,NA,NA,NA,NA,NA,NA,NA,NA,NA,NA,NA,NA,NA,NA,NA,NA,NA,NA,NA
0.699,0.675,-0.905,0.924,0.819,-0.052,0.223,0.914,1,NA,NA,NA,NA,NA,NA,NA,NA,NA,NA,NA,NA,NA,NA,NA,NA,NA,NA,NA,NA,NA,NA,NA,NA,NA,NA,NA,NA,NA,NA,NA,NA,NA
0.837,0.794,-0.931,0.961,0.825,-0.214,0.105,0.939,0.903,1,NA,NA,NA,NA,NA,NA,NA,NA,NA,NA,NA,NA,NA,NA,NA,NA,NA,NA,NA,NA,NA,NA,NA,NA,NA,NA,NA,NA,NA,NA,NA,NA
-0.56,-0.528,0.41,-0.356,-0.211,0.483,-0.01,-0.258,-0.184,-0.369,1,NA,NA,NA,NA,NA,NA,NA,NA,NA,NA,NA,NA,NA,NA,NA,NA,NA,NA,NA,NA,NA,NA,NA,NA,NA,NA,NA,NA,NA,NA,NA
0.181,0.167,-0.345,0.347,0.352,0.295,0.35,0.347,0.437,0.336,0.16,1,NA,NA,NA,NA,NA,NA,NA,NA,NA,NA,NA,NA,NA,NA,NA,NA,NA,NA,NA,NA,NA,NA,NA,NA,NA,NA,NA,NA,NA,NA
-0.526,-0.538,0.621,-0.568,-0.316,0.122,-0.472,-0.449,-0.549,-0.44,0.209,-0.362,1,NA,NA,NA,NA,NA,NA,NA,NA,NA,NA,NA,NA,NA,NA,NA,NA,NA,NA,NA,NA,NA,NA,NA,NA,NA,NA,NA,NA,NA
-0.907,-0.874,0.94,-0.959,-0.796,0.305,-0.111,-0.909,-0.853,-0.944,0.489,-0.275,0.528,1,NA,NA,NA,NA,NA,NA,NA,NA,NA,NA,NA,NA,NA,NA,NA,NA,NA,NA,NA,NA,NA,NA,NA,NA,NA,NA,NA,NA
0.917,0.893,-0.966,0.967,0.77,-0.317,0.16,0.891,0.875,0.946,-0.461,0.307,-0.589,-0.964,1,NA,NA,NA,NA,NA,NA,NA,NA,NA,NA,NA,NA,NA,NA,NA,NA,NA,NA,NA,NA,NA,NA,NA,NA,NA,NA,NA
-0.872,-0.871,0.803,-0.757,-0.478,0.499,-0.127,-0.611,-0.594,-0.692,0.541,-0.091,0.652,0.802,-0.82,1,NA,NA,NA,NA,NA,NA,NA,NA,NA,NA,NA,NA,NA,NA,NA,NA,NA,NA,NA,NA,NA,NA,NA,NA,NA,NA
0.895,0.851,-0.83,0.76,0.44,-0.428,0.271,0.614,0.65,0.768,-0.477,0.271,-0.541,-0.797,0.841,-0.744,1,NA,NA,NA,NA,NA,NA,NA,NA,NA,NA,NA,NA,NA,NA,NA,NA,NA,NA,NA,NA,NA,NA,NA,NA,NA
0.887,0.865,-0.957,0.941,0.75,-0.287,0.231,0.877,0.875,0.91,-0.448,0.296,-0.643,-0.941,0.96,-0.798,0.841,1,NA,NA,NA,NA,NA,NA,NA,NA,NA,NA,NA,NA,NA,NA,NA,NA,NA,NA,NA,NA,NA,NA,NA,NA
0.855,0.851,-0.878,0.875,0.609,-0.27,0.206,0.773,0.794,0.852,-0.38,0.223,-0.588,-0.863,0.894,-0.756,0.848,0.894,1,NA,NA,NA,NA,NA,NA,NA,NA,NA,NA,NA,NA,NA,NA,NA,NA,NA,NA,NA,NA,NA,NA,NA
0.718,0.703,-0.649,0.608,0.297,-0.417,0.192,0.46,0.511,0.622,-0.475,0.145,-0.352,-0.609,0.676,-0.502,0.782,0.65,0.684,1,NA,NA,NA,NA,NA,NA,NA,NA,NA,NA,NA,NA,NA,NA,NA,NA,NA,NA,NA,NA,NA,NA
-0.82,-0.837,0.78,-0.76,-0.467,0.443,-0.022,-0.606,-0.603,-0.712,0.518,-0.086,0.507,0.788,-0.802,0.769,-0.709,-0.759,-0.732,-0.645,1,NA,NA,NA,NA,NA,NA,NA,NA,NA,NA,NA,NA,NA,NA,NA,NA,NA,NA,NA,NA,NA
0,0,0,0,0,0,0,0,0,0,0,0,0,0,0,0,0,0,0,0,0,0.07,NA,NA,NA,NA,NA,NA,NA,NA,NA,NA,NA,NA,NA,NA,NA,NA,NA,NA,NA,NA
0,0,0,0,0,0,0,0,0,0,0,0,0,0,0,0,0,0,0,0,0,0.041,0.129,NA,NA,NA,NA,NA,NA,NA,NA,NA,NA,NA,NA,NA,NA,NA,NA,NA,NA,NA
0,0,0,0,0,0,0,0,0,0,0,0,0,0,0,0,0,0,0,0,0,-0.008,0.003,0.064,NA,NA,NA,NA,NA,NA,NA,NA,NA,NA,NA,NA,NA,NA,NA,NA,NA,NA
0,0,0,0,0,0,0,0,0,0,0,0,0,0,0,0,0,0,0,0,0,0.001,0.013,-0.032,0.046,NA,NA,NA,NA,NA,NA,NA,NA,NA,NA,NA,NA,NA,NA,NA,NA,NA
0,0,0,0,0,0,0,0,0,0,0,0,0,0,0,0,0,0,0,0,0,-0.005,-0.005,-0.006,0.019,0.118,NA,NA,NA,NA,NA,NA,NA,NA,NA,NA,NA,NA,NA,NA,NA,NA
0,0,0,0,0,0,0,0,0,0,0,0,0,0,0,0,0,0,0,0,0,-0.112,-0.072,0.01,0.017,0.001,0.569,NA,NA,NA,NA,NA,NA,NA,NA,NA,NA,NA,NA,NA,NA,NA
0,0,0,0,0,0,0,0,0,0,0,0,0,0,0,0,0,0,0,0,0,-0.037,-0.036,-0.076,0.052,-0.023,0.161,0.828,NA,NA,NA,NA,NA,NA,NA,NA,NA,NA,NA,NA,NA,NA
0,0,0,0,0,0,0,0,0,0,0,0,0,0,0,0,0,0,0,0,0,-0.005,-0.007,-0.012,0.014,0.012,0.043,0.018,0.043,NA,NA,NA,NA,NA,NA,NA,NA,NA,NA,NA,NA,NA
0,0,0,0,0,0,0,0,0,0,0,0,0,0,0,0,0,0,0,0,0,-0.021,-0.021,-0.074,0.059,0.017,0.051,0.114,0.038,0.188,NA,NA,NA,NA,NA,NA,NA,NA,NA,NA,NA,NA
0,0,0,0,0,0,0,0,0,0,0,0,0,0,0,0,0,0,0,0,0,0.012,-0.008,-0.03,0.032,0.012,-0.008,0.008,0.029,0.053,0.082,NA,NA,NA,NA,NA,NA,NA,NA,NA,NA,NA
0,0,0,0,0,0,0,0,0,0,0,0,0,0,0,0,0,0,0,0,0,-0.077,-0.08,-0.03,0.03,-0.036,0.187,0.138,0.04,0.12,0.009,0.567,NA,NA,NA,NA,NA,NA,NA,NA,NA,NA
0,0,0,0,0,0,0,0,0,0,0,0,0,0,0,0,0,0,0,0,0,-0.035,-0.033,-0.073,0.054,0.002,0.204,0.278,0.031,0.134,0.053,0.204,0.76,NA,NA,NA,NA,NA,NA,NA,NA,NA
0,0,0,0,0,0,0,0,0,0,0,0,0,0,0,0,0,0,0,0,0,0.045,-0.003,0.02,-0.021,0.045,-0.113,-0.262,0.02,-0.065,0.078,-0.114,-0.227,0.534,NA,NA,NA,NA,NA,NA,NA,NA
0,0,0,0,0,0,0,0,0,0,0,0,0,0,0,0,0,0,0,0,0,-0.031,-0.026,0.01,-0.009,-0.006,0.048,0.006,-0.002,0.002,-0.013,0.072,-0.001,-0.015,0.044,NA,NA,NA,NA,NA,NA,NA
0,0,0,0,0,0,0,0,0,0,0,0,0,0,0,0,0,0,0,0,0,0.016,0.022,-0.024,0.025,0.015,-0.012,0.025,0.011,0.04,0.029,-0.007,0.042,-0.01,-0.014,0.044,NA,NA,NA,NA,NA,NA
0,0,0,0,0,0,0,0,0,0,0,0,0,0,0,0,0,0,0,0,0,-0.039,-0.065,0.007,0.004,0.028,0.068,-0.044,0.034,0.039,0.049,0.103,0.055,0.148,0.027,-0.006,0.226,NA,NA,NA,NA,NA
0,0,0,0,0,0,0,0,0,0,0,0,0,0,0,0,0,0,0,0,0,0.036,0.049,-0.025,0.021,-0.007,-0.027,0.05,0.009,0.026,0.045,-0.01,0.054,0.024,-0.027,0.041,0.013,0.162,NA,NA,NA,NA
0,0,0,0,0,0,0,0,0,0,0,0,0,0,0,0,0,0,0,0,0,0.001,0.013,-0.025,0.017,0.019,0.013,0.078,0.015,0.046,0.008,-0.012,0.042,-0.063,-0.015,0.022,-0.016,0.035,0.07,NA,NA,NA
0,0,0,0,0,0,0,0,0,0,0,0,0,0,0,0,0,0,0,0,0,-0.01,0.017,-0.006,0.027,-0.006,0.079,0.056,0.013,0.044,0.023,0.043,0.009,-0.03,0.003,0.02,0.014,0.043,0.021,0.129,NA,NA
0,0,0,0,0,0,0,0,0,0,0,0,0,0,0,0,0,0,0,0,0,0.046,0.054,-0.024,0.054,-0.003,-0.083,-0.021,0.027,0.062,0.095,-0.042,0.006,0.118,-0.011,0.06,0.122,0.106,0.012,0.052,0.461,NA
0,0,0,0,0,0,0,0,0,0,0,0,0,0,0,0,0,0,0,0,0,-0.02,-0.047,0.002,-0.018,0.01,0.035,0.122,0.017,0.016,0.005,0.059,0.075,-0.01,0.021,-0.008,0.031,0.032,0.015,0.011,-0.015,0.228
