"energ","enthus","content","irrit","restl","worry","guilty","afraid","anhed","angry","hopel","down","positive","fatigue","tension","concent","ruminate","avoida","reass","procr","avoidp","energ1","enthus1","content1","irrit1","restl1","worry1","guilty1","afraid1","anhed1","angry1","hopel1","down1","positive1","fatigue1","tension1","concent1","ruminate","avoida1","reass1","procr1","avoidp1"
1,NA,NA,NA,NA,NA,NA,NA,NA,NA,NA,NA,NA,NA,NA,NA,NA,NA,NA,NA,NA,NA,NA,NA,NA,NA,NA,NA,NA,NA,NA,NA,NA,NA,NA,NA,NA,NA,NA,NA,NA,NA
0.416,1,NA,NA,NA,NA,NA,NA,NA,NA,NA,NA,NA,NA,NA,NA,NA,NA,NA,NA,NA,NA,NA,NA,NA,NA,NA,NA,NA,NA,NA,NA,NA,NA,NA,NA,NA,NA,NA,NA,NA,NA
0.55,0.571,1,NA,NA,NA,NA,NA,NA,NA,NA,NA,NA,NA,NA,NA,NA,NA,NA,NA,NA,NA,NA,NA,NA,NA,NA,NA,NA,NA,NA,NA,NA,NA,NA,NA,NA,NA,NA,NA,NA,NA
-0.514,-0.478,-0.275,1,NA,NA,NA,NA,NA,NA,NA,NA,NA,NA,NA,NA,NA,NA,NA,NA,NA,NA,NA,NA,NA,NA,NA,NA,NA,NA,NA,NA,NA,NA,NA,NA,NA,NA,NA,NA,NA,NA
0.208,-0.171,0.13,0.243,1,NA,NA,NA,NA,NA,NA,NA,NA,NA,NA,NA,NA,NA,NA,NA,NA,NA,NA,NA,NA,NA,NA,NA,NA,NA,NA,NA,NA,NA,NA,NA,NA,NA,NA,NA,NA,NA
-0.604,-0.356,-0.739,0.257,-0.228,1,NA,NA,NA,NA,NA,NA,NA,NA,NA,NA,NA,NA,NA,NA,NA,NA,NA,NA,NA,NA,NA,NA,NA,NA,NA,NA,NA,NA,NA,NA,NA,NA,NA,NA,NA,NA
-0.588,-0.383,-0.316,0.353,0.162,0.339,1,NA,NA,NA,NA,NA,NA,NA,NA,NA,NA,NA,NA,NA,NA,NA,NA,NA,NA,NA,NA,NA,NA,NA,NA,NA,NA,NA,NA,NA,NA,NA,NA,NA,NA,NA
-0.267,-0.569,-0.242,0.364,0.393,0.19,0.411,1,NA,NA,NA,NA,NA,NA,NA,NA,NA,NA,NA,NA,NA,NA,NA,NA,NA,NA,NA,NA,NA,NA,NA,NA,NA,NA,NA,NA,NA,NA,NA,NA,NA,NA
-0.253,-0.232,-0.241,0.012,-0.092,0.197,0.407,0.143,1,NA,NA,NA,NA,NA,NA,NA,NA,NA,NA,NA,NA,NA,NA,NA,NA,NA,NA,NA,NA,NA,NA,NA,NA,NA,NA,NA,NA,NA,NA,NA,NA,NA
-0.362,-0.413,-0.251,0.576,0.226,0.219,0.18,0.465,0.02,1,NA,NA,NA,NA,NA,NA,NA,NA,NA,NA,NA,NA,NA,NA,NA,NA,NA,NA,NA,NA,NA,NA,NA,NA,NA,NA,NA,NA,NA,NA,NA,NA
-0.61,-0.677,-0.513,0.602,0.105,0.439,0.559,0.493,0.198,0.436,1,NA,NA,NA,NA,NA,NA,NA,NA,NA,NA,NA,NA,NA,NA,NA,NA,NA,NA,NA,NA,NA,NA,NA,NA,NA,NA,NA,NA,NA,NA,NA
-0.316,-0.608,-0.363,0.489,0.338,0.234,0.478,0.528,0.258,0.4,0.646,1,NA,NA,NA,NA,NA,NA,NA,NA,NA,NA,NA,NA,NA,NA,NA,NA,NA,NA,NA,NA,NA,NA,NA,NA,NA,NA,NA,NA,NA,NA
-0.068,0.607,0.174,-0.214,-0.488,0.039,-0.195,-0.513,-0.218,-0.337,-0.365,-0.618,1,NA,NA,NA,NA,NA,NA,NA,NA,NA,NA,NA,NA,NA,NA,NA,NA,NA,NA,NA,NA,NA,NA,NA,NA,NA,NA,NA,NA,NA
0.062,-0.313,-0.334,0.072,0.086,0.236,-0.232,0.278,0.092,0.281,0.079,0.141,-0.35,1,NA,NA,NA,NA,NA,NA,NA,NA,NA,NA,NA,NA,NA,NA,NA,NA,NA,NA,NA,NA,NA,NA,NA,NA,NA,NA,NA,NA
-0.317,0.016,-0.175,0.126,-0.287,0.219,-0.045,-0.082,-0.195,0.078,0.093,-0.046,0.284,-0.001,1,NA,NA,NA,NA,NA,NA,NA,NA,NA,NA,NA,NA,NA,NA,NA,NA,NA,NA,NA,NA,NA,NA,NA,NA,NA,NA,NA
0.358,-0.095,-0.073,-0.163,0.187,0.078,-0.324,0.059,0.046,0.153,-0.058,0.03,-0.363,0.56,-0.332,1,NA,NA,NA,NA,NA,NA,NA,NA,NA,NA,NA,NA,NA,NA,NA,NA,NA,NA,NA,NA,NA,NA,NA,NA,NA,NA
0.294,-0.24,0.216,0.069,0.576,-0.371,0.126,0.281,0.067,0.152,0.121,0.398,-0.615,0.071,-0.283,0.263,1,NA,NA,NA,NA,NA,NA,NA,NA,NA,NA,NA,NA,NA,NA,NA,NA,NA,NA,NA,NA,NA,NA,NA,NA,NA
-0.014,-0.083,0.022,0.089,0.145,-0.049,0.214,0.017,0.12,-0.013,0.107,0.196,-0.195,0.104,-0.227,0.059,0.265,1,NA,NA,NA,NA,NA,NA,NA,NA,NA,NA,NA,NA,NA,NA,NA,NA,NA,NA,NA,NA,NA,NA,NA,NA
0.163,-0.051,0.073,0.057,0.279,-0.277,-0.06,0.221,0.091,0.196,-0.11,0.089,-0.3,0.325,-0.157,0.186,0.358,0.045,1,NA,NA,NA,NA,NA,NA,NA,NA,NA,NA,NA,NA,NA,NA,NA,NA,NA,NA,NA,NA,NA,NA,NA
-0.061,-0.007,0.051,0.157,-0.1,0.105,0.105,0.044,0.002,0.25,0.013,-0.027,-0.105,0.25,0.081,0.156,0.058,0.065,0.096,1,NA,NA,NA,NA,NA,NA,NA,NA,NA,NA,NA,NA,NA,NA,NA,NA,NA,NA,NA,NA,NA,NA
0.055,-0.204,-0.029,-0.144,0.181,-0.114,0.171,0.147,0.289,-0.055,0.111,0.164,-0.334,0.121,-0.286,0.21,0.131,0.296,0.164,0.021,1,NA,NA,NA,NA,NA,NA,NA,NA,NA,NA,NA,NA,NA,NA,NA,NA,NA,NA,NA,NA,NA
0,0,0,0,0,0,0,0,0,0,0,0,0,0,0,0,0,0,0,0,0,0.523,NA,NA,NA,NA,NA,NA,NA,NA,NA,NA,NA,NA,NA,NA,NA,NA,NA,NA,NA,NA
0,0,0,0,0,0,0,0,0,0,0,0,0,0,0,0,0,0,0,0,0,0.198,0.498,NA,NA,NA,NA,NA,NA,NA,NA,NA,NA,NA,NA,NA,NA,NA,NA,NA,NA,NA
0,0,0,0,0,0,0,0,0,0,0,0,0,0,0,0,0,0,0,0,0,0.142,0.256,0.486,NA,NA,NA,NA,NA,NA,NA,NA,NA,NA,NA,NA,NA,NA,NA,NA,NA,NA
0,0,0,0,0,0,0,0,0,0,0,0,0,0,0,0,0,0,0,0,0,-0.201,-0.189,-0.049,0.393,NA,NA,NA,NA,NA,NA,NA,NA,NA,NA,NA,NA,NA,NA,NA,NA,NA
0,0,0,0,0,0,0,0,0,0,0,0,0,0,0,0,0,0,0,0,0,0.079,-0.022,-0.07,0.004,0.637,NA,NA,NA,NA,NA,NA,NA,NA,NA,NA,NA,NA,NA,NA,NA,NA
0,0,0,0,0,0,0,0,0,0,0,0,0,0,0,0,0,0,0,0,0,-0.09,-0.102,-0.226,0.019,0.063,0.353,NA,NA,NA,NA,NA,NA,NA,NA,NA,NA,NA,NA,NA,NA,NA
0,0,0,0,0,0,0,0,0,0,0,0,0,0,0,0,0,0,0,0,0,-0.266,-0.159,-0.084,0.101,0.154,0.056,0.633,NA,NA,NA,NA,NA,NA,NA,NA,NA,NA,NA,NA,NA,NA
0,0,0,0,0,0,0,0,0,0,0,0,0,0,0,0,0,0,0,0,0,-0.088,-0.297,-0.166,0.064,0.129,0.1,0.266,0.539,NA,NA,NA,NA,NA,NA,NA,NA,NA,NA,NA,NA,NA
0,0,0,0,0,0,0,0,0,0,0,0,0,0,0,0,0,0,0,0,0,-0.172,-0.111,-0.104,0,-0.054,0.077,0.28,0.1,0.719,NA,NA,NA,NA,NA,NA,NA,NA,NA,NA,NA,NA
0,0,0,0,0,0,0,0,0,0,0,0,0,0,0,0,0,0,0,0,0,-0.09,-0.149,-0.038,0.119,-0.029,0.045,0.051,0.126,0.039,0.414,NA,NA,NA,NA,NA,NA,NA,NA,NA,NA,NA
0,0,0,0,0,0,0,0,0,0,0,0,0,0,0,0,0,0,0,0,0,-0.274,-0.285,-0.175,0.182,-0.003,0.06,0.252,0.203,0.085,0.086,0.485,NA,NA,NA,NA,NA,NA,NA,NA,NA,NA
0,0,0,0,0,0,0,0,0,0,0,0,0,0,0,0,0,0,0,0,0,-0.151,-0.241,-0.215,0.153,0.15,0.113,0.237,0.263,0.185,0.088,0.246,0.497,NA,NA,NA,NA,NA,NA,NA,NA,NA
0,0,0,0,0,0,0,0,0,0,0,0,0,0,0,0,0,0,0,0,0,0.026,0.281,0.19,-0.054,-0.176,-0.081,-0.16,-0.274,-0.085,-0.116,-0.154,-0.292,0.475,NA,NA,NA,NA,NA,NA,NA,NA
0,0,0,0,0,0,0,0,0,0,0,0,0,0,0,0,0,0,0,0,0,0.034,-0.241,-0.277,0.046,0.091,0.206,-0.089,0.202,0.141,0.17,0.081,0.142,-0.241,0.747,NA,NA,NA,NA,NA,NA,NA
0,0,0,0,0,0,0,0,0,0,0,0,0,0,0,0,0,0,0,0,0,-0.071,0.053,0.004,0.018,-0.131,-0.056,-0.165,-0.123,-0.207,-0.031,-0.022,-0.117,0.168,-0.023,0.757,NA,NA,NA,NA,NA,NA
0,0,0,0,0,0,0,0,0,0,0,0,0,0,0,0,0,0,0,0,0,0.173,-0.06,-0.116,-0.087,0.117,0.204,-0.177,-0.028,0.064,0.054,-0.059,0.019,-0.154,0.365,-0.206,0.705,NA,NA,NA,NA,NA
0,0,0,0,0,0,0,0,0,0,0,0,0,0,0,0,0,0,0,0,0,0.103,-0.066,0.031,-0.011,0.223,-0.065,0.111,0.097,0.005,0.01,0.028,0.118,-0.19,-0.031,-0.116,0.062,0.486,NA,NA,NA,NA
0,0,0,0,0,0,0,0,0,0,0,0,0,0,0,0,0,0,0,0,0,-0.028,-0.095,-0.014,0.059,0.081,0.043,0.137,0.052,0.007,-0.011,0.132,0.044,-0.086,0.053,-0.098,0.032,0.059,0.521,NA,NA,NA
0,0,0,0,0,0,0,0,0,0,0,0,0,0,0,0,0,0,0,0,0,0.008,-0.137,-0.129,-0.02,0.132,-0.007,0.1,0.145,0.136,0.055,-0.018,0.127,-0.171,0.136,-0.104,0.038,0.164,-0.105,0.563,NA,NA
0,0,0,0,0,0,0,0,0,0,0,0,0,0,0,0,0,0,0,0,0,0.008,-0.052,0.038,0.05,-0.051,0.043,0.103,-0.002,0.043,0.114,0.015,-0.038,-0.101,0.149,0.007,0.118,0.061,0.036,-0.017,0.674,NA
0,0,0,0,0,0,0,0,0,0,0,0,0,0,0,0,0,0,0,0,0,-0.075,-0.129,-0.111,0.002,0.071,0.047,0.151,0.04,0.183,-0.047,0.148,0.152,-0.182,0.096,-0.141,0.08,-0.005,0.227,0.026,0.049,0.628
