"energ","enthus","content","irrit","restl","worry","guilty","afraid","anhed","angry","hopel","down","positive","fatigue","tension","concent","ruminate","avoida","reass","procr","avoidp","energ1","enthus1","content1","irrit1","restl1","worry1","guilty1","afraid1","anhed1","angry1","hopel1","down1","positive1","fatigue1","tension1","concent1","ruminate","avoida1","reass1","procr1","avoidp1"
1,NA,NA,NA,NA,NA,NA,NA,NA,NA,NA,NA,NA,NA,NA,NA,NA,NA,NA,NA,NA,NA,NA,NA,NA,NA,NA,NA,NA,NA,NA,NA,NA,NA,NA,NA,NA,NA,NA,NA,NA,NA
0.522,1,NA,NA,NA,NA,NA,NA,NA,NA,NA,NA,NA,NA,NA,NA,NA,NA,NA,NA,NA,NA,NA,NA,NA,NA,NA,NA,NA,NA,NA,NA,NA,NA,NA,NA,NA,NA,NA,NA,NA,NA
0.498,0.735,1,NA,NA,NA,NA,NA,NA,NA,NA,NA,NA,NA,NA,NA,NA,NA,NA,NA,NA,NA,NA,NA,NA,NA,NA,NA,NA,NA,NA,NA,NA,NA,NA,NA,NA,NA,NA,NA,NA,NA
-0.335,-0.264,-0.387,1,NA,NA,NA,NA,NA,NA,NA,NA,NA,NA,NA,NA,NA,NA,NA,NA,NA,NA,NA,NA,NA,NA,NA,NA,NA,NA,NA,NA,NA,NA,NA,NA,NA,NA,NA,NA,NA,NA
-0.215,-0.149,-0.255,0.588,1,NA,NA,NA,NA,NA,NA,NA,NA,NA,NA,NA,NA,NA,NA,NA,NA,NA,NA,NA,NA,NA,NA,NA,NA,NA,NA,NA,NA,NA,NA,NA,NA,NA,NA,NA,NA,NA
-0.211,-0.206,-0.318,0.262,0.283,1,NA,NA,NA,NA,NA,NA,NA,NA,NA,NA,NA,NA,NA,NA,NA,NA,NA,NA,NA,NA,NA,NA,NA,NA,NA,NA,NA,NA,NA,NA,NA,NA,NA,NA,NA,NA
-0.236,-0.27,-0.237,0.041,0.131,0.417,1,NA,NA,NA,NA,NA,NA,NA,NA,NA,NA,NA,NA,NA,NA,NA,NA,NA,NA,NA,NA,NA,NA,NA,NA,NA,NA,NA,NA,NA,NA,NA,NA,NA,NA,NA
-0.079,0.056,-0.101,0.175,0.222,0.45,0.271,1,NA,NA,NA,NA,NA,NA,NA,NA,NA,NA,NA,NA,NA,NA,NA,NA,NA,NA,NA,NA,NA,NA,NA,NA,NA,NA,NA,NA,NA,NA,NA,NA,NA,NA
-0.304,-0.471,-0.479,0.538,0.417,0.428,0.209,0.158,1,NA,NA,NA,NA,NA,NA,NA,NA,NA,NA,NA,NA,NA,NA,NA,NA,NA,NA,NA,NA,NA,NA,NA,NA,NA,NA,NA,NA,NA,NA,NA,NA,NA
-0.151,-0.166,-0.298,0.719,0.405,0.108,0.068,0.051,0.301,1,NA,NA,NA,NA,NA,NA,NA,NA,NA,NA,NA,NA,NA,NA,NA,NA,NA,NA,NA,NA,NA,NA,NA,NA,NA,NA,NA,NA,NA,NA,NA,NA
-0.288,-0.404,-0.429,0.327,0.297,0.565,0.399,0.3,0.64,0.104,1,NA,NA,NA,NA,NA,NA,NA,NA,NA,NA,NA,NA,NA,NA,NA,NA,NA,NA,NA,NA,NA,NA,NA,NA,NA,NA,NA,NA,NA,NA,NA
-0.321,-0.488,-0.527,0.537,0.428,0.631,0.421,0.202,0.788,0.365,0.775,1,NA,NA,NA,NA,NA,NA,NA,NA,NA,NA,NA,NA,NA,NA,NA,NA,NA,NA,NA,NA,NA,NA,NA,NA,NA,NA,NA,NA,NA,NA
0.479,0.677,0.804,-0.394,-0.281,-0.221,-0.164,-0.048,-0.484,-0.298,-0.335,-0.467,1,NA,NA,NA,NA,NA,NA,NA,NA,NA,NA,NA,NA,NA,NA,NA,NA,NA,NA,NA,NA,NA,NA,NA,NA,NA,NA,NA,NA,NA
-0.379,-0.115,-0.163,0.109,0.016,0.103,0.152,0.31,0.029,-0.029,0.146,0.043,-0.027,1,NA,NA,NA,NA,NA,NA,NA,NA,NA,NA,NA,NA,NA,NA,NA,NA,NA,NA,NA,NA,NA,NA,NA,NA,NA,NA,NA,NA
-0.224,-0.143,-0.164,0.066,0.015,0.343,0.244,0.204,0.055,0.062,0.082,0.122,0.038,0.445,1,NA,NA,NA,NA,NA,NA,NA,NA,NA,NA,NA,NA,NA,NA,NA,NA,NA,NA,NA,NA,NA,NA,NA,NA,NA,NA,NA
-0.308,-0.231,-0.195,0.261,0.171,0.25,0.26,0.324,0.214,0.126,0.092,0.25,-0.127,0.47,0.475,1,NA,NA,NA,NA,NA,NA,NA,NA,NA,NA,NA,NA,NA,NA,NA,NA,NA,NA,NA,NA,NA,NA,NA,NA,NA,NA
-0.324,-0.267,-0.347,0.595,0.489,0.47,0.17,0.221,0.481,0.445,0.299,0.598,-0.287,0.214,0.292,0.327,1,NA,NA,NA,NA,NA,NA,NA,NA,NA,NA,NA,NA,NA,NA,NA,NA,NA,NA,NA,NA,NA,NA,NA,NA,NA
-0.414,-0.261,-0.219,0.146,0.144,0.309,0.093,0.002,0.243,-0.012,0.253,0.29,-0.088,0.399,0.303,0.268,0.409,1,NA,NA,NA,NA,NA,NA,NA,NA,NA,NA,NA,NA,NA,NA,NA,NA,NA,NA,NA,NA,NA,NA,NA,NA
-0.022,0.079,-0.017,0.38,0.326,0.089,0.036,0.108,0.095,0.317,-0.028,0.168,-0.03,0.079,0.152,0.177,0.372,0.012,1,NA,NA,NA,NA,NA,NA,NA,NA,NA,NA,NA,NA,NA,NA,NA,NA,NA,NA,NA,NA,NA,NA,NA
0.018,0.115,0.057,-0.144,0.012,0.122,-0.143,0.105,0.016,-0.131,-0.083,-0.081,0.169,-0.014,0.29,0.176,-0.048,0.183,-0.033,1,NA,NA,NA,NA,NA,NA,NA,NA,NA,NA,NA,NA,NA,NA,NA,NA,NA,NA,NA,NA,NA,NA
-0.399,-0.386,-0.299,0.131,0.122,0.254,0.311,-0.049,0.288,0.069,0.3,0.342,-0.144,0.264,0.323,0.184,0.376,0.81,-0.048,0.02,1,NA,NA,NA,NA,NA,NA,NA,NA,NA,NA,NA,NA,NA,NA,NA,NA,NA,NA,NA,NA,NA
0,0,0,0,0,0,0,0,0,0,0,0,0,0,0,0,0,0,0,0,0,0.818,NA,NA,NA,NA,NA,NA,NA,NA,NA,NA,NA,NA,NA,NA,NA,NA,NA,NA,NA,NA
0,0,0,0,0,0,0,0,0,0,0,0,0,0,0,0,0,0,0,0,0,0.305,0.739,NA,NA,NA,NA,NA,NA,NA,NA,NA,NA,NA,NA,NA,NA,NA,NA,NA,NA,NA
0,0,0,0,0,0,0,0,0,0,0,0,0,0,0,0,0,0,0,0,0,0.198,0.326,0.442,NA,NA,NA,NA,NA,NA,NA,NA,NA,NA,NA,NA,NA,NA,NA,NA,NA,NA
0,0,0,0,0,0,0,0,0,0,0,0,0,0,0,0,0,0,0,0,0,-0.109,-0.091,-0.075,0.474,NA,NA,NA,NA,NA,NA,NA,NA,NA,NA,NA,NA,NA,NA,NA,NA,NA
0,0,0,0,0,0,0,0,0,0,0,0,0,0,0,0,0,0,0,0,0,-0.02,-0.028,-0.043,0.229,0.671,NA,NA,NA,NA,NA,NA,NA,NA,NA,NA,NA,NA,NA,NA,NA,NA
0,0,0,0,0,0,0,0,0,0,0,0,0,0,0,0,0,0,0,0,0,-0.053,-0.078,-0.133,0.1,0.074,0.744,NA,NA,NA,NA,NA,NA,NA,NA,NA,NA,NA,NA,NA,NA,NA
0,0,0,0,0,0,0,0,0,0,0,0,0,0,0,0,0,0,0,0,0,-0.167,-0.089,-0.053,-0.027,0.063,0.169,0.704,NA,NA,NA,NA,NA,NA,NA,NA,NA,NA,NA,NA,NA,NA
0,0,0,0,0,0,0,0,0,0,0,0,0,0,0,0,0,0,0,0,0,0.013,0.008,-0.112,0.21,0.092,0.286,0.058,0.718,NA,NA,NA,NA,NA,NA,NA,NA,NA,NA,NA,NA,NA
0,0,0,0,0,0,0,0,0,0,0,0,0,0,0,0,0,0,0,0,0,-0.106,-0.191,-0.104,0.26,0.142,0.214,-0.009,0.142,0.66,NA,NA,NA,NA,NA,NA,NA,NA,NA,NA,NA,NA
0,0,0,0,0,0,0,0,0,0,0,0,0,0,0,0,0,0,0,0,0,0.024,-0.017,-0.005,0.228,0.124,-0.092,-0.022,0.009,0.037,0.532,NA,NA,NA,NA,NA,NA,NA,NA,NA,NA,NA
0,0,0,0,0,0,0,0,0,0,0,0,0,0,0,0,0,0,0,0,0,-0.166,-0.213,-0.19,0.207,0.098,0.295,0.19,0.185,0.344,-0.061,0.7,NA,NA,NA,NA,NA,NA,NA,NA,NA,NA
0,0,0,0,0,0,0,0,0,0,0,0,0,0,0,0,0,0,0,0,0,-0.148,-0.213,-0.154,0.216,0.11,0.355,0.158,0.166,0.392,0.038,0.42,0.537,NA,NA,NA,NA,NA,NA,NA,NA,NA
0,0,0,0,0,0,0,0,0,0,0,0,0,0,0,0,0,0,0,0,0,0.152,0.262,0.234,-0.087,-0.037,-0.03,0.028,-0.062,-0.11,-0.007,-0.083,-0.068,0.433,NA,NA,NA,NA,NA,NA,NA,NA
0,0,0,0,0,0,0,0,0,0,0,0,0,0,0,0,0,0,0,0,0,-0.299,-0.114,-0.143,0.161,0.001,0.036,0.136,0.138,0.133,0.038,0.232,0.175,-0.052,0.726,NA,NA,NA,NA,NA,NA,NA
0,0,0,0,0,0,0,0,0,0,0,0,0,0,0,0,0,0,0,0,0,-0.127,-0.084,-0.111,0.002,-0.049,0.273,0.155,0.088,0.028,0.028,0.094,0.138,0.091,0.186,0.747,NA,NA,NA,NA,NA,NA
0,0,0,0,0,0,0,0,0,0,0,0,0,0,0,0,0,0,0,0,0,-0.18,-0.12,-0.09,0.2,0.048,0.084,0.133,0.152,0.156,0.099,-0.03,0.151,-0.041,0.29,0.248,0.841,NA,NA,NA,NA,NA
0,0,0,0,0,0,0,0,0,0,0,0,0,0,0,0,0,0,0,0,0,-0.117,-0.107,-0.08,0.176,0.148,0.291,0.06,0.182,0.234,0.091,0.137,0.333,-0.012,0.203,0.2,0.196,0.665,NA,NA,NA,NA
0,0,0,0,0,0,0,0,0,0,0,0,0,0,0,0,0,0,0,0,0,-0.335,-0.156,-0.093,0.122,0.039,0.26,0.069,0.037,0.139,0.014,0.156,0.242,0.058,0.366,0.228,0.227,0.39,0.925,NA,NA,NA
0,0,0,0,0,0,0,0,0,0,0,0,0,0,0,0,0,0,0,0,0,0.106,0.134,0.128,0.013,0.059,-0.067,-0.003,0.007,-0.052,-0.018,-0.103,-0.017,0.133,0.028,0.048,0.09,0.076,0.031,0.703,NA,NA
0,0,0,0,0,0,0,0,0,0,0,0,0,0,0,0,0,0,0,0,0,0.011,0.092,0.009,-0.03,0.033,0.078,-0.173,0.092,0.038,0.015,-0.184,-0.089,0.113,-0.11,0.169,0.183,0.04,0.13,0.078,0.878,NA
0,0,0,0,0,0,0,0,0,0,0,0,0,0,0,0,0,0,0,0,0,-0.348,-0.275,-0.164,0.051,0.018,0.216,0.228,-0.05,0.159,0.037,0.213,0.255,0.009,0.292,0.279,0.152,0.338,0.751,-0.043,-0.038,0.919
