"energ","enthus","content","irrit","restl","worry","guilty","afraid","anhed","angry","hopel","down","positive","fatigue","tension","concent","ruminate","avoida","reass","procr","avoidp","energ1","enthus1","content1","irrit1","restl1","worry1","guilty1","afraid1","anhed1","angry1","hopel1","down1","positive1","fatigue1","tension1","concent1","ruminate","avoida1","reass1","procr1","avoidp1"
1,NA,NA,NA,NA,NA,NA,NA,NA,NA,NA,NA,NA,NA,NA,NA,NA,NA,NA,NA,NA,NA,NA,NA,NA,NA,NA,NA,NA,NA,NA,NA,NA,NA,NA,NA,NA,NA,NA,NA,NA,NA
0.778,1,NA,NA,NA,NA,NA,NA,NA,NA,NA,NA,NA,NA,NA,NA,NA,NA,NA,NA,NA,NA,NA,NA,NA,NA,NA,NA,NA,NA,NA,NA,NA,NA,NA,NA,NA,NA,NA,NA,NA,NA
0.632,0.595,1,NA,NA,NA,NA,NA,NA,NA,NA,NA,NA,NA,NA,NA,NA,NA,NA,NA,NA,NA,NA,NA,NA,NA,NA,NA,NA,NA,NA,NA,NA,NA,NA,NA,NA,NA,NA,NA,NA,NA
-0.415,-0.367,-0.466,1,NA,NA,NA,NA,NA,NA,NA,NA,NA,NA,NA,NA,NA,NA,NA,NA,NA,NA,NA,NA,NA,NA,NA,NA,NA,NA,NA,NA,NA,NA,NA,NA,NA,NA,NA,NA,NA,NA
-0.154,-0.228,-0.314,0.547,1,NA,NA,NA,NA,NA,NA,NA,NA,NA,NA,NA,NA,NA,NA,NA,NA,NA,NA,NA,NA,NA,NA,NA,NA,NA,NA,NA,NA,NA,NA,NA,NA,NA,NA,NA,NA,NA
-0.429,-0.447,-0.4,0.312,0.234,1,NA,NA,NA,NA,NA,NA,NA,NA,NA,NA,NA,NA,NA,NA,NA,NA,NA,NA,NA,NA,NA,NA,NA,NA,NA,NA,NA,NA,NA,NA,NA,NA,NA,NA,NA,NA
-0.384,-0.425,-0.54,0.685,0.512,0.565,1,NA,NA,NA,NA,NA,NA,NA,NA,NA,NA,NA,NA,NA,NA,NA,NA,NA,NA,NA,NA,NA,NA,NA,NA,NA,NA,NA,NA,NA,NA,NA,NA,NA,NA,NA
-0.381,-0.345,-0.476,0.667,0.43,0.426,0.662,1,NA,NA,NA,NA,NA,NA,NA,NA,NA,NA,NA,NA,NA,NA,NA,NA,NA,NA,NA,NA,NA,NA,NA,NA,NA,NA,NA,NA,NA,NA,NA,NA,NA,NA
-0.382,-0.404,-0.423,0.576,0.453,0.475,0.64,0.559,1,NA,NA,NA,NA,NA,NA,NA,NA,NA,NA,NA,NA,NA,NA,NA,NA,NA,NA,NA,NA,NA,NA,NA,NA,NA,NA,NA,NA,NA,NA,NA,NA,NA
-0.299,-0.364,-0.296,0.639,0.432,0.433,0.565,0.428,0.501,1,NA,NA,NA,NA,NA,NA,NA,NA,NA,NA,NA,NA,NA,NA,NA,NA,NA,NA,NA,NA,NA,NA,NA,NA,NA,NA,NA,NA,NA,NA,NA,NA
-0.475,-0.498,-0.529,0.621,0.43,0.611,0.767,0.688,0.602,0.523,1,NA,NA,NA,NA,NA,NA,NA,NA,NA,NA,NA,NA,NA,NA,NA,NA,NA,NA,NA,NA,NA,NA,NA,NA,NA,NA,NA,NA,NA,NA,NA
-0.46,-0.469,-0.547,0.715,0.408,0.453,0.815,0.686,0.673,0.503,0.725,1,NA,NA,NA,NA,NA,NA,NA,NA,NA,NA,NA,NA,NA,NA,NA,NA,NA,NA,NA,NA,NA,NA,NA,NA,NA,NA,NA,NA,NA,NA
0.671,0.672,0.531,-0.26,-0.125,-0.331,-0.277,-0.333,-0.37,-0.186,-0.41,-0.277,1,NA,NA,NA,NA,NA,NA,NA,NA,NA,NA,NA,NA,NA,NA,NA,NA,NA,NA,NA,NA,NA,NA,NA,NA,NA,NA,NA,NA,NA
-0.292,-0.408,-0.373,0.49,0.336,0.286,0.474,0.523,0.474,0.348,0.435,0.546,-0.229,1,NA,NA,NA,NA,NA,NA,NA,NA,NA,NA,NA,NA,NA,NA,NA,NA,NA,NA,NA,NA,NA,NA,NA,NA,NA,NA,NA,NA
-0.129,-0.161,-0.22,0.393,0.363,0.235,0.41,0.422,0.491,0.273,0.345,0.455,-0.122,0.483,1,NA,NA,NA,NA,NA,NA,NA,NA,NA,NA,NA,NA,NA,NA,NA,NA,NA,NA,NA,NA,NA,NA,NA,NA,NA,NA,NA
-0.392,-0.301,-0.347,0.27,0.136,0.33,0.304,0.517,0.322,0.148,0.398,0.375,-0.405,0.433,0.338,1,NA,NA,NA,NA,NA,NA,NA,NA,NA,NA,NA,NA,NA,NA,NA,NA,NA,NA,NA,NA,NA,NA,NA,NA,NA,NA
-0.333,-0.329,-0.283,0.549,0.46,0.252,0.492,0.5,0.457,0.414,0.583,0.592,-0.229,0.563,0.475,0.425,1,NA,NA,NA,NA,NA,NA,NA,NA,NA,NA,NA,NA,NA,NA,NA,NA,NA,NA,NA,NA,NA,NA,NA,NA,NA
-0.37,-0.42,-0.448,0.507,0.348,0.38,0.629,0.41,0.591,0.396,0.608,0.553,-0.362,0.489,0.375,0.302,0.502,1,NA,NA,NA,NA,NA,NA,NA,NA,NA,NA,NA,NA,NA,NA,NA,NA,NA,NA,NA,NA,NA,NA,NA,NA
0.109,0.058,-0.008,0.32,0.251,-0.006,0.197,0.134,0.183,0.254,0.218,0.216,0.023,0.308,0.183,0.185,0.469,0.264,1,NA,NA,NA,NA,NA,NA,NA,NA,NA,NA,NA,NA,NA,NA,NA,NA,NA,NA,NA,NA,NA,NA,NA
-0.423,-0.407,-0.325,0.483,0.325,0.524,0.469,0.494,0.509,0.433,0.491,0.429,-0.33,0.429,0.267,0.39,0.354,0.452,0.039,1,NA,NA,NA,NA,NA,NA,NA,NA,NA,NA,NA,NA,NA,NA,NA,NA,NA,NA,NA,NA,NA,NA
-0.487,-0.518,-0.505,0.602,0.403,0.447,0.694,0.592,0.515,0.504,0.769,0.713,-0.403,0.525,0.402,0.397,0.706,0.595,0.296,0.518,1,NA,NA,NA,NA,NA,NA,NA,NA,NA,NA,NA,NA,NA,NA,NA,NA,NA,NA,NA,NA,NA
0,0,0,0,0,0,0,0,0,0,0,0,0,0,0,0,0,0,0,0,0,0.822,NA,NA,NA,NA,NA,NA,NA,NA,NA,NA,NA,NA,NA,NA,NA,NA,NA,NA,NA,NA
0,0,0,0,0,0,0,0,0,0,0,0,0,0,0,0,0,0,0,0,0,0.619,0.843,NA,NA,NA,NA,NA,NA,NA,NA,NA,NA,NA,NA,NA,NA,NA,NA,NA,NA,NA
0,0,0,0,0,0,0,0,0,0,0,0,0,0,0,0,0,0,0,0,0,0.45,0.449,0.823,NA,NA,NA,NA,NA,NA,NA,NA,NA,NA,NA,NA,NA,NA,NA,NA,NA,NA
0,0,0,0,0,0,0,0,0,0,0,0,0,0,0,0,0,0,0,0,0,-0.223,-0.186,-0.268,0.708,NA,NA,NA,NA,NA,NA,NA,NA,NA,NA,NA,NA,NA,NA,NA,NA,NA
0,0,0,0,0,0,0,0,0,0,0,0,0,0,0,0,0,0,0,0,0,-0.165,-0.225,-0.329,0.414,0.732,NA,NA,NA,NA,NA,NA,NA,NA,NA,NA,NA,NA,NA,NA,NA,NA
0,0,0,0,0,0,0,0,0,0,0,0,0,0,0,0,0,0,0,0,0,-0.264,-0.328,-0.262,0.177,0.218,0.774,NA,NA,NA,NA,NA,NA,NA,NA,NA,NA,NA,NA,NA,NA,NA
0,0,0,0,0,0,0,0,0,0,0,0,0,0,0,0,0,0,0,0,0,-0.191,-0.245,-0.352,0.403,0.37,0.384,0.727,NA,NA,NA,NA,NA,NA,NA,NA,NA,NA,NA,NA,NA,NA
0,0,0,0,0,0,0,0,0,0,0,0,0,0,0,0,0,0,0,0,0,-0.215,-0.197,-0.28,0.389,0.284,0.237,0.377,0.663,NA,NA,NA,NA,NA,NA,NA,NA,NA,NA,NA,NA,NA
0,0,0,0,0,0,0,0,0,0,0,0,0,0,0,0,0,0,0,0,0,-0.2,-0.242,-0.255,0.298,0.307,0.263,0.333,0.241,0.652,NA,NA,NA,NA,NA,NA,NA,NA,NA,NA,NA,NA
0,0,0,0,0,0,0,0,0,0,0,0,0,0,0,0,0,0,0,0,0,-0.154,-0.2,-0.163,0.405,0.32,0.291,0.346,0.196,0.255,0.74,NA,NA,NA,NA,NA,NA,NA,NA,NA,NA,NA
0,0,0,0,0,0,0,0,0,0,0,0,0,0,0,0,0,0,0,0,0,-0.351,-0.394,-0.379,0.437,0.347,0.466,0.559,0.438,0.328,0.351,0.805,NA,NA,NA,NA,NA,NA,NA,NA,NA,NA
0,0,0,0,0,0,0,0,0,0,0,0,0,0,0,0,0,0,0,0,0,-0.254,-0.252,-0.333,0.397,0.257,0.221,0.469,0.361,0.281,0.253,0.451,0.616,NA,NA,NA,NA,NA,NA,NA,NA,NA
0,0,0,0,0,0,0,0,0,0,0,0,0,0,0,0,0,0,0,0,0,0.516,0.527,0.374,-0.156,-0.14,-0.256,-0.195,-0.202,-0.269,-0.108,-0.323,-0.149,0.768,NA,NA,NA,NA,NA,NA,NA,NA
0,0,0,0,0,0,0,0,0,0,0,0,0,0,0,0,0,0,0,0,0,-0.008,-0.171,-0.126,0.225,0.239,0.07,0.157,0.27,0.132,0.127,0.189,0.162,-0.068,0.591,NA,NA,NA,NA,NA,NA,NA
0,0,0,0,0,0,0,0,0,0,0,0,0,0,0,0,0,0,0,0,0,0.004,0.012,-0.111,0.234,0.246,0.087,0.177,0.213,0.197,0.136,0.161,0.187,0.007,0.183,0.603,NA,NA,NA,NA,NA,NA
0,0,0,0,0,0,0,0,0,0,0,0,0,0,0,0,0,0,0,0,0,-0.215,-0.169,-0.202,0.148,0.138,0.149,0.138,0.295,0.151,0.048,0.233,0.186,-0.252,0.181,0.174,0.795,NA,NA,NA,NA,NA
0,0,0,0,0,0,0,0,0,0,0,0,0,0,0,0,0,0,0,0,0,-0.253,-0.254,-0.194,0.365,0.418,0.215,0.297,0.319,0.255,0.292,0.414,0.328,-0.2,0.305,0.287,0.309,0.803,NA,NA,NA,NA
0,0,0,0,0,0,0,0,0,0,0,0,0,0,0,0,0,0,0,0,0,-0.231,-0.321,-0.299,0.292,0.285,0.269,0.412,0.179,0.312,0.206,0.462,0.304,-0.235,0.181,0.222,0.206,0.374,0.784,NA,NA,NA
0,0,0,0,0,0,0,0,0,0,0,0,0,0,0,0,0,0,0,0,0,0.162,0.103,0.051,0.2,0.239,-0.059,0.049,0.025,0.043,0.109,0.088,0.053,0.049,0.198,0.177,0.14,0.383,0.16,0.784,NA,NA
0,0,0,0,0,0,0,0,0,0,0,0,0,0,0,0,0,0,0,0,0,-0.222,-0.228,-0.186,0.317,0.239,0.293,0.257,0.324,0.282,0.273,0.324,0.217,-0.198,0.133,0.103,0.261,0.225,0.194,0.019,0.66,NA
0,0,0,0,0,0,0,0,0,0,0,0,0,0,0,0,0,0,0,0,0,-0.338,-0.397,-0.358,0.403,0.352,0.321,0.479,0.403,0.263,0.361,0.602,0.453,-0.34,0.243,0.263,0.296,0.538,0.434,0.179,0.328,0.801
