"energ","enthus","content","irrit","restl","worry","guilty","afraid","anhed","angry","hopel","down","positive","fatigue","tension","concent","ruminate","avoida","reass","procr","avoidp","energ1","enthus1","content1","irrit1","restl1","worry1","guilty1","afraid1","anhed1","angry1","hopel1","down1","positive1","fatigue1","tension1","concent1","ruminate","avoida1","reass1","procr1","avoidp1"
1,NA,NA,NA,NA,NA,NA,NA,NA,NA,NA,NA,NA,NA,NA,NA,NA,NA,NA,NA,NA,NA,NA,NA,NA,NA,NA,NA,NA,NA,NA,NA,NA,NA,NA,NA,NA,NA,NA,NA,NA,NA
-0.116,1,NA,NA,NA,NA,NA,NA,NA,NA,NA,NA,NA,NA,NA,NA,NA,NA,NA,NA,NA,NA,NA,NA,NA,NA,NA,NA,NA,NA,NA,NA,NA,NA,NA,NA,NA,NA,NA,NA,NA,NA
0.009,0.339,1,NA,NA,NA,NA,NA,NA,NA,NA,NA,NA,NA,NA,NA,NA,NA,NA,NA,NA,NA,NA,NA,NA,NA,NA,NA,NA,NA,NA,NA,NA,NA,NA,NA,NA,NA,NA,NA,NA,NA
-0.042,-0.165,-0.314,1,NA,NA,NA,NA,NA,NA,NA,NA,NA,NA,NA,NA,NA,NA,NA,NA,NA,NA,NA,NA,NA,NA,NA,NA,NA,NA,NA,NA,NA,NA,NA,NA,NA,NA,NA,NA,NA,NA
-0.483,0.337,0.081,-0.037,1,NA,NA,NA,NA,NA,NA,NA,NA,NA,NA,NA,NA,NA,NA,NA,NA,NA,NA,NA,NA,NA,NA,NA,NA,NA,NA,NA,NA,NA,NA,NA,NA,NA,NA,NA,NA,NA
-0.276,0.1,-0.194,0.137,0.122,1,NA,NA,NA,NA,NA,NA,NA,NA,NA,NA,NA,NA,NA,NA,NA,NA,NA,NA,NA,NA,NA,NA,NA,NA,NA,NA,NA,NA,NA,NA,NA,NA,NA,NA,NA,NA
0.015,-0.475,-0.535,0.479,-0.226,0.14,1,NA,NA,NA,NA,NA,NA,NA,NA,NA,NA,NA,NA,NA,NA,NA,NA,NA,NA,NA,NA,NA,NA,NA,NA,NA,NA,NA,NA,NA,NA,NA,NA,NA,NA,NA
-0.079,-0.034,-0.108,0.476,0.067,-0.066,0.233,1,NA,NA,NA,NA,NA,NA,NA,NA,NA,NA,NA,NA,NA,NA,NA,NA,NA,NA,NA,NA,NA,NA,NA,NA,NA,NA,NA,NA,NA,NA,NA,NA,NA,NA
0.312,-0.597,-0.273,0.494,-0.526,-0.162,0.623,0.391,1,NA,NA,NA,NA,NA,NA,NA,NA,NA,NA,NA,NA,NA,NA,NA,NA,NA,NA,NA,NA,NA,NA,NA,NA,NA,NA,NA,NA,NA,NA,NA,NA,NA
0.214,-0.158,-0.072,0.384,-0.425,0.023,0.195,0.191,0.424,1,NA,NA,NA,NA,NA,NA,NA,NA,NA,NA,NA,NA,NA,NA,NA,NA,NA,NA,NA,NA,NA,NA,NA,NA,NA,NA,NA,NA,NA,NA,NA,NA
-0.12,-0.246,-0.084,0.409,-0.125,0.103,0.397,0.324,0.412,0.384,1,NA,NA,NA,NA,NA,NA,NA,NA,NA,NA,NA,NA,NA,NA,NA,NA,NA,NA,NA,NA,NA,NA,NA,NA,NA,NA,NA,NA,NA,NA,NA
0.177,-0.321,-0.717,0.366,-0.217,0.001,0.63,0.241,0.459,0.127,0.201,1,NA,NA,NA,NA,NA,NA,NA,NA,NA,NA,NA,NA,NA,NA,NA,NA,NA,NA,NA,NA,NA,NA,NA,NA,NA,NA,NA,NA,NA,NA
-0.057,0.293,0.594,-0.155,-0.121,0.014,-0.363,-0.156,-0.174,0.101,-0.072,-0.658,1,NA,NA,NA,NA,NA,NA,NA,NA,NA,NA,NA,NA,NA,NA,NA,NA,NA,NA,NA,NA,NA,NA,NA,NA,NA,NA,NA,NA,NA
0.09,-0.335,0.118,0.357,-0.347,0.002,0.3,0.411,0.63,0.366,0.447,0.002,0.278,1,NA,NA,NA,NA,NA,NA,NA,NA,NA,NA,NA,NA,NA,NA,NA,NA,NA,NA,NA,NA,NA,NA,NA,NA,NA,NA,NA,NA
0.073,-0.124,0.009,0.202,-0.273,0.057,0.085,-0.072,0.198,0.394,0.052,0.046,-0.035,0.175,1,NA,NA,NA,NA,NA,NA,NA,NA,NA,NA,NA,NA,NA,NA,NA,NA,NA,NA,NA,NA,NA,NA,NA,NA,NA,NA,NA
-0.609,0.385,-0.018,-0.065,0.536,0.252,-0.159,-0.185,-0.662,-0.202,-0.159,-0.16,-0.03,-0.493,0.024,1,NA,NA,NA,NA,NA,NA,NA,NA,NA,NA,NA,NA,NA,NA,NA,NA,NA,NA,NA,NA,NA,NA,NA,NA,NA,NA
0.239,-0.279,-0.166,0.193,-0.449,-0.125,0.339,0.257,0.529,0.25,-0.026,0.217,0.099,0.445,0.271,-0.439,1,NA,NA,NA,NA,NA,NA,NA,NA,NA,NA,NA,NA,NA,NA,NA,NA,NA,NA,NA,NA,NA,NA,NA,NA,NA
0.428,-0.464,-0.206,0.324,-0.733,-0.218,0.458,0.299,0.835,0.449,0.228,0.416,-0.022,0.586,0.277,-0.673,0.732,1,NA,NA,NA,NA,NA,NA,NA,NA,NA,NA,NA,NA,NA,NA,NA,NA,NA,NA,NA,NA,NA,NA,NA,NA
0.086,0.154,0.174,-0.201,0.433,0.03,-0.29,-0.165,-0.293,-0.437,-0.131,-0.303,-0.051,-0.305,-0.373,0,-0.549,-0.575,1,NA,NA,NA,NA,NA,NA,NA,NA,NA,NA,NA,NA,NA,NA,NA,NA,NA,NA,NA,NA,NA,NA,NA
0.44,-0.344,0.145,0.264,-0.609,-0.187,0.257,0.295,0.749,0.369,0.236,0.076,0.25,0.723,0.231,-0.782,0.594,0.829,-0.311,1,NA,NA,NA,NA,NA,NA,NA,NA,NA,NA,NA,NA,NA,NA,NA,NA,NA,NA,NA,NA,NA,NA
0.212,-0.258,-0.125,0.307,-0.568,-0.067,0.384,0.138,0.579,0.389,0.127,0.176,0.174,0.371,0.211,-0.332,0.545,0.728,-0.487,0.596,1,NA,NA,NA,NA,NA,NA,NA,NA,NA,NA,NA,NA,NA,NA,NA,NA,NA,NA,NA,NA,NA
0,0,0,0,0,0,0,0,0,0,0,0,0,0,0,0,0,0,0,0,0,0.545,NA,NA,NA,NA,NA,NA,NA,NA,NA,NA,NA,NA,NA,NA,NA,NA,NA,NA,NA,NA
0,0,0,0,0,0,0,0,0,0,0,0,0,0,0,0,0,0,0,0,0,0.164,0.591,NA,NA,NA,NA,NA,NA,NA,NA,NA,NA,NA,NA,NA,NA,NA,NA,NA,NA,NA
0,0,0,0,0,0,0,0,0,0,0,0,0,0,0,0,0,0,0,0,0,0.08,0.105,0.581,NA,NA,NA,NA,NA,NA,NA,NA,NA,NA,NA,NA,NA,NA,NA,NA,NA,NA
0,0,0,0,0,0,0,0,0,0,0,0,0,0,0,0,0,0,0,0,0,-0.132,0.069,-0.2,0.818,NA,NA,NA,NA,NA,NA,NA,NA,NA,NA,NA,NA,NA,NA,NA,NA,NA
0,0,0,0,0,0,0,0,0,0,0,0,0,0,0,0,0,0,0,0,0,-0.125,0.029,-0.011,0.136,0.519,NA,NA,NA,NA,NA,NA,NA,NA,NA,NA,NA,NA,NA,NA,NA,NA
0,0,0,0,0,0,0,0,0,0,0,0,0,0,0,0,0,0,0,0,0,-0.111,0.019,-0.077,0.133,-0.037,0.787,NA,NA,NA,NA,NA,NA,NA,NA,NA,NA,NA,NA,NA,NA,NA
0,0,0,0,0,0,0,0,0,0,0,0,0,0,0,0,0,0,0,0,0,-0.161,-0.051,-0.15,0.272,-0.01,0.127,0.48,NA,NA,NA,NA,NA,NA,NA,NA,NA,NA,NA,NA,NA,NA
0,0,0,0,0,0,0,0,0,0,0,0,0,0,0,0,0,0,0,0,0,-0.169,0.141,-0.045,0.411,0.223,-0.002,0.078,0.868,NA,NA,NA,NA,NA,NA,NA,NA,NA,NA,NA,NA,NA
0,0,0,0,0,0,0,0,0,0,0,0,0,0,0,0,0,0,0,0,0,-0.138,-0.088,-0.018,0.189,-0.001,-0.011,0.152,0.119,0.244,NA,NA,NA,NA,NA,NA,NA,NA,NA,NA,NA,NA
0,0,0,0,0,0,0,0,0,0,0,0,0,0,0,0,0,0,0,0,0,0.065,0.073,-0.016,0.206,-0.108,0.158,0.006,0.135,0.097,0.74,NA,NA,NA,NA,NA,NA,NA,NA,NA,NA,NA
0,0,0,0,0,0,0,0,0,0,0,0,0,0,0,0,0,0,0,0,0,-0.219,0.017,0.039,0.287,0.028,0.11,0.155,0.242,0.154,0.221,0.768,NA,NA,NA,NA,NA,NA,NA,NA,NA,NA
0,0,0,0,0,0,0,0,0,0,0,0,0,0,0,0,0,0,0,0,0,-0.023,-0.017,-0.246,0.208,0.038,-0.033,0.196,0.159,0.077,0.028,0.041,0.357,NA,NA,NA,NA,NA,NA,NA,NA,NA
0,0,0,0,0,0,0,0,0,0,0,0,0,0,0,0,0,0,0,0,0,0.013,0.125,0.145,-0.045,-0.133,0.066,-0.041,-0.11,-0.019,0.089,0,-0.13,0.476,NA,NA,NA,NA,NA,NA,NA,NA
0,0,0,0,0,0,0,0,0,0,0,0,0,0,0,0,0,0,0,0,0,-0.106,-0.02,0.034,0.124,0.069,0.106,0.074,0.153,0.107,0.113,0.226,-0.009,0.124,0.421,NA,NA,NA,NA,NA,NA,NA
0,0,0,0,0,0,0,0,0,0,0,0,0,0,0,0,0,0,0,0,0,0.112,-0.001,0.068,0.017,-0.204,0.065,-0.016,-0.151,0.038,0.194,-0.102,-0.007,-0.026,-0.042,0.706,NA,NA,NA,NA,NA,NA
0,0,0,0,0,0,0,0,0,0,0,0,0,0,0,0,0,0,0,0,0,-0.089,-0.049,0.001,0.049,0.008,0.072,0.07,-0.043,0.017,0.009,0.034,-0.016,-0.029,-0.037,0.076,0.213,NA,NA,NA,NA,NA
0,0,0,0,0,0,0,0,0,0,0,0,0,0,0,0,0,0,0,0,0,-0.006,0.02,-0.087,-0.043,0.033,-0.012,0.028,0.025,-0.014,-0.081,-0.229,0.005,0.043,0.016,0.073,-0.043,0.477,NA,NA,NA,NA
0,0,0,0,0,0,0,0,0,0,0,0,0,0,0,0,0,0,0,0,0,-0.021,0.01,-0.05,0.019,-0.082,-0.011,0.027,0.018,0.047,0.021,-0.023,0.03,0.06,0.015,0.05,-0.016,0.078,0.084,NA,NA,NA
0,0,0,0,0,0,0,0,0,0,0,0,0,0,0,0,0,0,0,0,0,0.033,0.038,0.008,0.068,0.041,-0.021,0.005,0.036,0.038,-0.024,0.05,-0.002,-0.015,-0.003,-0.063,-0.053,-0.044,-0.029,0.198,NA,NA
0,0,0,0,0,0,0,0,0,0,0,0,0,0,0,0,0,0,0,0,0,0.015,0.091,0.055,0.048,-0.036,-0.004,0.024,0.097,0.053,0.034,0.019,0.004,0.113,0.096,0.034,-0.08,0.055,0.063,0.002,0.198,NA
0,0,0,0,0,0,0,0,0,0,0,0,0,0,0,0,0,0,0,0,0,-0.045,0.078,-0.055,0.101,-0.151,0.039,0.128,0.004,0.076,0.096,0.005,0.021,0.207,0.012,0.013,0.023,0.063,0.125,-0.02,0.121,0.557
