"energ","enthus","content","irrit","restl","worry","guilty","afraid","anhed","angry","hopel","down","positive","fatigue","tension","concent","ruminate","avoida","reass","procr","avoidp","energ1","enthus1","content1","irrit1","restl1","worry1","guilty1","afraid1","anhed1","angry1","hopel1","down1","positive1","fatigue1","tension1","concent1","ruminate","avoida1","reass1","procr1","avoidp1"
1,NA,NA,NA,NA,NA,NA,NA,NA,NA,NA,NA,NA,NA,NA,NA,NA,NA,NA,NA,NA,NA,NA,NA,NA,NA,NA,NA,NA,NA,NA,NA,NA,NA,NA,NA,NA,NA,NA,NA,NA,NA
0.581,1,NA,NA,NA,NA,NA,NA,NA,NA,NA,NA,NA,NA,NA,NA,NA,NA,NA,NA,NA,NA,NA,NA,NA,NA,NA,NA,NA,NA,NA,NA,NA,NA,NA,NA,NA,NA,NA,NA,NA,NA
-0.074,0.13,1,NA,NA,NA,NA,NA,NA,NA,NA,NA,NA,NA,NA,NA,NA,NA,NA,NA,NA,NA,NA,NA,NA,NA,NA,NA,NA,NA,NA,NA,NA,NA,NA,NA,NA,NA,NA,NA,NA,NA
0.056,-0.112,-0.317,1,NA,NA,NA,NA,NA,NA,NA,NA,NA,NA,NA,NA,NA,NA,NA,NA,NA,NA,NA,NA,NA,NA,NA,NA,NA,NA,NA,NA,NA,NA,NA,NA,NA,NA,NA,NA,NA,NA
0.323,0.179,-0.472,0.394,1,NA,NA,NA,NA,NA,NA,NA,NA,NA,NA,NA,NA,NA,NA,NA,NA,NA,NA,NA,NA,NA,NA,NA,NA,NA,NA,NA,NA,NA,NA,NA,NA,NA,NA,NA,NA,NA
0.232,-0.069,-0.415,0.344,0.219,1,NA,NA,NA,NA,NA,NA,NA,NA,NA,NA,NA,NA,NA,NA,NA,NA,NA,NA,NA,NA,NA,NA,NA,NA,NA,NA,NA,NA,NA,NA,NA,NA,NA,NA,NA,NA
-0.051,-0.235,-0.448,0.167,0.362,0.324,1,NA,NA,NA,NA,NA,NA,NA,NA,NA,NA,NA,NA,NA,NA,NA,NA,NA,NA,NA,NA,NA,NA,NA,NA,NA,NA,NA,NA,NA,NA,NA,NA,NA,NA,NA
-0.05,-0.287,-0.279,0.194,0.12,0.389,0.348,1,NA,NA,NA,NA,NA,NA,NA,NA,NA,NA,NA,NA,NA,NA,NA,NA,NA,NA,NA,NA,NA,NA,NA,NA,NA,NA,NA,NA,NA,NA,NA,NA,NA,NA
-0.271,-0.473,-0.162,0.203,-0.109,0.28,0.319,0.335,1,NA,NA,NA,NA,NA,NA,NA,NA,NA,NA,NA,NA,NA,NA,NA,NA,NA,NA,NA,NA,NA,NA,NA,NA,NA,NA,NA,NA,NA,NA,NA,NA,NA
0.029,-0.136,-0.343,0.652,0.35,0.378,0.245,0.127,0.031,1,NA,NA,NA,NA,NA,NA,NA,NA,NA,NA,NA,NA,NA,NA,NA,NA,NA,NA,NA,NA,NA,NA,NA,NA,NA,NA,NA,NA,NA,NA,NA,NA
-0.125,-0.321,-0.488,0.378,0.276,0.619,0.489,0.437,0.384,0.403,1,NA,NA,NA,NA,NA,NA,NA,NA,NA,NA,NA,NA,NA,NA,NA,NA,NA,NA,NA,NA,NA,NA,NA,NA,NA,NA,NA,NA,NA,NA,NA
-0.296,-0.365,-0.125,0.22,0.144,0.357,0.333,0.319,0.531,0.033,0.503,1,NA,NA,NA,NA,NA,NA,NA,NA,NA,NA,NA,NA,NA,NA,NA,NA,NA,NA,NA,NA,NA,NA,NA,NA,NA,NA,NA,NA,NA,NA
0.299,0.541,0.555,-0.312,-0.314,-0.335,-0.481,-0.413,-0.437,-0.317,-0.557,-0.313,1,NA,NA,NA,NA,NA,NA,NA,NA,NA,NA,NA,NA,NA,NA,NA,NA,NA,NA,NA,NA,NA,NA,NA,NA,NA,NA,NA,NA,NA
-0.463,-0.373,0.032,0.064,-0.306,0.068,0.05,0.15,0.339,-0.106,0.251,0.34,-0.076,1,NA,NA,NA,NA,NA,NA,NA,NA,NA,NA,NA,NA,NA,NA,NA,NA,NA,NA,NA,NA,NA,NA,NA,NA,NA,NA,NA,NA
-0.133,-0.046,0.026,-0.104,-0.063,0.024,0.004,0.101,0.185,-0.289,0.075,0.171,-0.031,0.202,1,NA,NA,NA,NA,NA,NA,NA,NA,NA,NA,NA,NA,NA,NA,NA,NA,NA,NA,NA,NA,NA,NA,NA,NA,NA,NA,NA
-0.08,-0.315,-0.412,0.079,0.132,0.354,0.42,0.353,0.457,0.039,0.468,0.314,-0.438,0.121,0.368,1,NA,NA,NA,NA,NA,NA,NA,NA,NA,NA,NA,NA,NA,NA,NA,NA,NA,NA,NA,NA,NA,NA,NA,NA,NA,NA
-0.286,-0.017,0.332,-0.073,-0.062,-0.244,-0.146,-0.155,-0.169,0.017,-0.219,0.014,0.164,0.251,0.059,-0.192,1,NA,NA,NA,NA,NA,NA,NA,NA,NA,NA,NA,NA,NA,NA,NA,NA,NA,NA,NA,NA,NA,NA,NA,NA,NA
-0.109,-0.294,-0.314,0.285,0.09,0.272,0.237,0.206,0.42,0.249,0.459,0.146,-0.377,0.245,0.245,0.535,0.042,1,NA,NA,NA,NA,NA,NA,NA,NA,NA,NA,NA,NA,NA,NA,NA,NA,NA,NA,NA,NA,NA,NA,NA,NA
-0.176,-0.018,0.334,-0.016,-0.071,-0.27,-0.243,-0.357,-0.238,-0.093,-0.329,0.051,0.205,0.009,0.044,-0.243,0.424,-0.165,1,NA,NA,NA,NA,NA,NA,NA,NA,NA,NA,NA,NA,NA,NA,NA,NA,NA,NA,NA,NA,NA,NA,NA
-0.05,-0.273,-0.185,0.014,0.181,0.151,0.332,0.191,0.414,0.022,0.361,0.174,-0.378,0.078,0.193,0.446,0.039,0.689,-0.238,1,NA,NA,NA,NA,NA,NA,NA,NA,NA,NA,NA,NA,NA,NA,NA,NA,NA,NA,NA,NA,NA,NA
-0.142,-0.427,-0.111,0.298,-0.062,0.434,0.211,0.32,0.545,0.27,0.479,0.329,-0.375,0.265,0.354,0.568,0.005,0.626,-0.116,0.399,1,NA,NA,NA,NA,NA,NA,NA,NA,NA,NA,NA,NA,NA,NA,NA,NA,NA,NA,NA,NA,NA
0,0,0,0,0,0,0,0,0,0,0,0,0,0,0,0,0,0,0,0,0,0.69,NA,NA,NA,NA,NA,NA,NA,NA,NA,NA,NA,NA,NA,NA,NA,NA,NA,NA,NA,NA
0,0,0,0,0,0,0,0,0,0,0,0,0,0,0,0,0,0,0,0,0,0.475,0.883,NA,NA,NA,NA,NA,NA,NA,NA,NA,NA,NA,NA,NA,NA,NA,NA,NA,NA,NA
0,0,0,0,0,0,0,0,0,0,0,0,0,0,0,0,0,0,0,0,0,0.06,0.162,0.811,NA,NA,NA,NA,NA,NA,NA,NA,NA,NA,NA,NA,NA,NA,NA,NA,NA,NA
0,0,0,0,0,0,0,0,0,0,0,0,0,0,0,0,0,0,0,0,0,0.02,-0.145,-0.215,0.875,NA,NA,NA,NA,NA,NA,NA,NA,NA,NA,NA,NA,NA,NA,NA,NA,NA
0,0,0,0,0,0,0,0,0,0,0,0,0,0,0,0,0,0,0,0,0,0.194,0.164,-0.328,0.21,0.727,NA,NA,NA,NA,NA,NA,NA,NA,NA,NA,NA,NA,NA,NA,NA,NA
0,0,0,0,0,0,0,0,0,0,0,0,0,0,0,0,0,0,0,0,0,0.109,-0.146,-0.28,0.253,0.061,0.683,NA,NA,NA,NA,NA,NA,NA,NA,NA,NA,NA,NA,NA,NA,NA
0,0,0,0,0,0,0,0,0,0,0,0,0,0,0,0,0,0,0,0,0,-0.046,-0.203,-0.365,0.041,0.217,0.173,0.794,NA,NA,NA,NA,NA,NA,NA,NA,NA,NA,NA,NA,NA,NA
0,0,0,0,0,0,0,0,0,0,0,0,0,0,0,0,0,0,0,0,0,-0.194,-0.379,-0.181,0.263,-0.028,0.232,0.238,0.754,NA,NA,NA,NA,NA,NA,NA,NA,NA,NA,NA,NA,NA
0,0,0,0,0,0,0,0,0,0,0,0,0,0,0,0,0,0,0,0,0,-0.306,-0.467,-0.082,0.168,-0.149,0.106,0.274,0.253,0.85,NA,NA,NA,NA,NA,NA,NA,NA,NA,NA,NA,NA
0,0,0,0,0,0,0,0,0,0,0,0,0,0,0,0,0,0,0,0,0,0.071,-0.136,-0.224,0.538,0.11,0.287,0.071,0.167,0.017,0.805,NA,NA,NA,NA,NA,NA,NA,NA,NA,NA,NA
0,0,0,0,0,0,0,0,0,0,0,0,0,0,0,0,0,0,0,0,0,-0.193,-0.358,-0.349,0.286,0.038,0.373,0.329,0.298,0.297,0.26,0.783,NA,NA,NA,NA,NA,NA,NA,NA,NA,NA
0,0,0,0,0,0,0,0,0,0,0,0,0,0,0,0,0,0,0,0,0,-0.255,-0.338,-0.122,0.226,0.1,0.216,0.189,0.243,0.462,-0.02,0.398,0.826,NA,NA,NA,NA,NA,NA,NA,NA,NA
0,0,0,0,0,0,0,0,0,0,0,0,0,0,0,0,0,0,0,0,0,0.369,0.522,0.479,-0.277,-0.176,-0.201,-0.366,-0.396,-0.36,-0.224,-0.415,-0.268,0.9,NA,NA,NA,NA,NA,NA,NA,NA
0,0,0,0,0,0,0,0,0,0,0,0,0,0,0,0,0,0,0,0,0,-0.368,-0.371,0.057,0.099,-0.242,0.075,0.032,0.133,0.334,-0.054,0.278,0.365,-0.104,0.905,NA,NA,NA,NA,NA,NA,NA
0,0,0,0,0,0,0,0,0,0,0,0,0,0,0,0,0,0,0,0,0,-0.196,-0.127,0.065,-0.067,-0.053,0,0.006,0.032,0.172,-0.252,0.071,0.195,-0.07,0.198,0.745,NA,NA,NA,NA,NA,NA
0,0,0,0,0,0,0,0,0,0,0,0,0,0,0,0,0,0,0,0,0,-0.179,-0.362,-0.277,0.042,0.02,0.189,0.358,0.212,0.362,-0.004,0.35,0.259,-0.334,0.123,0.265,0.879,NA,NA,NA,NA,NA
0,0,0,0,0,0,0,0,0,0,0,0,0,0,0,0,0,0,0,0,0,-0.109,0.014,0.238,-0.013,-0.024,-0.1,-0.15,-0.068,-0.069,0.011,-0.15,0.043,0.117,0.243,0.104,-0.082,0.78,NA,NA,NA,NA
0,0,0,0,0,0,0,0,0,0,0,0,0,0,0,0,0,0,0,0,0,-0.17,-0.333,-0.221,0.211,-0.047,0.201,0.176,0.148,0.372,0.184,0.377,0.152,-0.34,0.235,0.206,0.476,0.08,0.918,NA,NA,NA
0,0,0,0,0,0,0,0,0,0,0,0,0,0,0,0,0,0,0,0,0,0.04,0.081,0.241,-0.049,0.014,-0.142,-0.19,-0.202,-0.168,-0.111,-0.226,0.02,0.199,-0.039,0.105,-0.154,0.316,-0.088,0.737,NA,NA
0,0,0,0,0,0,0,0,0,0,0,0,0,0,0,0,0,0,0,0,0,-0.154,-0.253,-0.13,-0.028,0.046,0.026,0.272,0.059,0.329,-0.036,0.227,0.146,-0.25,0.108,0.171,0.372,0.075,0.619,-0.109,0.831,NA
0,0,0,0,0,0,0,0,0,0,0,0,0,0,0,0,0,0,0,0,0,-0.185,-0.448,-0.003,0.226,-0.186,0.248,0.108,0.267,0.454,0.219,0.331,0.269,-0.281,0.282,0.3,0.426,0.129,0.567,-0.075,0.323,0.836
