"energ","enthus","content","irrit","restl","worry","guilty","afraid","anhed","angry","hopel","down","positive","fatigue","tension","concent","ruminate","avoida","reass","procr","avoidp","energ1","enthus1","content1","irrit1","restl1","worry1","guilty1","afraid1","anhed1","angry1","hopel1","down1","positive1","fatigue1","tension1","concent1","ruminate","avoida1","reass1","procr1","avoidp1"
1,NA,NA,NA,NA,NA,NA,NA,NA,NA,NA,NA,NA,NA,NA,NA,NA,NA,NA,NA,NA,NA,NA,NA,NA,NA,NA,NA,NA,NA,NA,NA,NA,NA,NA,NA,NA,NA,NA,NA,NA,NA
0.613,1,NA,NA,NA,NA,NA,NA,NA,NA,NA,NA,NA,NA,NA,NA,NA,NA,NA,NA,NA,NA,NA,NA,NA,NA,NA,NA,NA,NA,NA,NA,NA,NA,NA,NA,NA,NA,NA,NA,NA,NA
0.604,0.551,1,NA,NA,NA,NA,NA,NA,NA,NA,NA,NA,NA,NA,NA,NA,NA,NA,NA,NA,NA,NA,NA,NA,NA,NA,NA,NA,NA,NA,NA,NA,NA,NA,NA,NA,NA,NA,NA,NA,NA
-0.373,-0.309,-0.521,1,NA,NA,NA,NA,NA,NA,NA,NA,NA,NA,NA,NA,NA,NA,NA,NA,NA,NA,NA,NA,NA,NA,NA,NA,NA,NA,NA,NA,NA,NA,NA,NA,NA,NA,NA,NA,NA,NA
0.195,0.05,-0.017,0.137,1,NA,NA,NA,NA,NA,NA,NA,NA,NA,NA,NA,NA,NA,NA,NA,NA,NA,NA,NA,NA,NA,NA,NA,NA,NA,NA,NA,NA,NA,NA,NA,NA,NA,NA,NA,NA,NA
0.117,0.001,-0.009,0.132,0.593,1,NA,NA,NA,NA,NA,NA,NA,NA,NA,NA,NA,NA,NA,NA,NA,NA,NA,NA,NA,NA,NA,NA,NA,NA,NA,NA,NA,NA,NA,NA,NA,NA,NA,NA,NA,NA
-0.136,-0.101,-0.244,0.211,0.161,0.186,1,NA,NA,NA,NA,NA,NA,NA,NA,NA,NA,NA,NA,NA,NA,NA,NA,NA,NA,NA,NA,NA,NA,NA,NA,NA,NA,NA,NA,NA,NA,NA,NA,NA,NA,NA
-0.155,-0.074,-0.189,0.093,0.149,0.275,0.07,1,NA,NA,NA,NA,NA,NA,NA,NA,NA,NA,NA,NA,NA,NA,NA,NA,NA,NA,NA,NA,NA,NA,NA,NA,NA,NA,NA,NA,NA,NA,NA,NA,NA,NA
-0.376,-0.181,-0.389,0.366,-0.168,-0.286,0.386,0.027,1,NA,NA,NA,NA,NA,NA,NA,NA,NA,NA,NA,NA,NA,NA,NA,NA,NA,NA,NA,NA,NA,NA,NA,NA,NA,NA,NA,NA,NA,NA,NA,NA,NA
-0.219,-0.197,-0.398,0.48,0.216,0.179,0.12,0.019,0.257,1,NA,NA,NA,NA,NA,NA,NA,NA,NA,NA,NA,NA,NA,NA,NA,NA,NA,NA,NA,NA,NA,NA,NA,NA,NA,NA,NA,NA,NA,NA,NA,NA
-0.246,-0.316,-0.424,0.344,0.097,0.006,0.444,-0.019,0.361,0.4,1,NA,NA,NA,NA,NA,NA,NA,NA,NA,NA,NA,NA,NA,NA,NA,NA,NA,NA,NA,NA,NA,NA,NA,NA,NA,NA,NA,NA,NA,NA,NA
-0.402,-0.385,-0.605,0.46,-0.099,0.003,0.529,0.127,0.6,0.31,0.483,1,NA,NA,NA,NA,NA,NA,NA,NA,NA,NA,NA,NA,NA,NA,NA,NA,NA,NA,NA,NA,NA,NA,NA,NA,NA,NA,NA,NA,NA,NA
0.563,0.642,0.693,-0.428,-0.135,-0.183,-0.219,-0.138,-0.263,-0.338,-0.363,-0.467,1,NA,NA,NA,NA,NA,NA,NA,NA,NA,NA,NA,NA,NA,NA,NA,NA,NA,NA,NA,NA,NA,NA,NA,NA,NA,NA,NA,NA,NA
-0.271,-0.259,-0.395,0.426,0.157,0.214,0.348,0.139,0.301,0.293,0.376,0.449,-0.271,1,NA,NA,NA,NA,NA,NA,NA,NA,NA,NA,NA,NA,NA,NA,NA,NA,NA,NA,NA,NA,NA,NA,NA,NA,NA,NA,NA,NA
-0.232,-0.237,-0.285,0.413,0.136,0.148,0.256,-0.048,0.309,0.503,0.328,0.314,-0.299,0.226,1,NA,NA,NA,NA,NA,NA,NA,NA,NA,NA,NA,NA,NA,NA,NA,NA,NA,NA,NA,NA,NA,NA,NA,NA,NA,NA,NA
-0.105,-0.137,-0.157,0.233,0.568,0.457,0.262,0.145,-0.059,0.235,0.273,0.077,-0.284,0.278,0.204,1,NA,NA,NA,NA,NA,NA,NA,NA,NA,NA,NA,NA,NA,NA,NA,NA,NA,NA,NA,NA,NA,NA,NA,NA,NA,NA
0.038,0.074,0.023,0.12,0.194,0.341,0.069,0.274,-0.055,0.006,-0.146,-0.016,-0.087,0.285,0.019,0.29,1,NA,NA,NA,NA,NA,NA,NA,NA,NA,NA,NA,NA,NA,NA,NA,NA,NA,NA,NA,NA,NA,NA,NA,NA,NA
-0.003,-0.042,0.03,0.2,-0.002,-0.011,0.22,0.258,0.289,0.006,0.04,0.233,0.023,0.237,-0.131,0.062,0.223,1,NA,NA,NA,NA,NA,NA,NA,NA,NA,NA,NA,NA,NA,NA,NA,NA,NA,NA,NA,NA,NA,NA,NA,NA
0.03,0.081,-0.067,0.126,0.312,0.251,0.172,-0.124,-0.048,0.272,0.228,0.004,-0.035,0.141,0.404,0.359,0.192,-0.182,1,NA,NA,NA,NA,NA,NA,NA,NA,NA,NA,NA,NA,NA,NA,NA,NA,NA,NA,NA,NA,NA,NA,NA
-0.026,0.083,0.132,-0.164,0.103,0.191,0.152,0.179,-0.053,-0.149,0.081,-0.057,0.09,0.079,-0.201,0.227,0.223,0.173,-0.101,1,NA,NA,NA,NA,NA,NA,NA,NA,NA,NA,NA,NA,NA,NA,NA,NA,NA,NA,NA,NA,NA,NA
-0.014,-0.199,-0.143,0.35,0.139,0.086,0.068,0.28,0.059,0.071,0.229,0.194,-0.091,0.33,-0.022,0.227,0.164,0.567,-0.023,0.08,1,NA,NA,NA,NA,NA,NA,NA,NA,NA,NA,NA,NA,NA,NA,NA,NA,NA,NA,NA,NA,NA
0,0,0,0,0,0,0,0,0,0,0,0,0,0,0,0,0,0,0,0,0,0.773,NA,NA,NA,NA,NA,NA,NA,NA,NA,NA,NA,NA,NA,NA,NA,NA,NA,NA,NA,NA
0,0,0,0,0,0,0,0,0,0,0,0,0,0,0,0,0,0,0,0,0,0.489,0.781,NA,NA,NA,NA,NA,NA,NA,NA,NA,NA,NA,NA,NA,NA,NA,NA,NA,NA,NA
0,0,0,0,0,0,0,0,0,0,0,0,0,0,0,0,0,0,0,0,0,0.461,0.466,0.715,NA,NA,NA,NA,NA,NA,NA,NA,NA,NA,NA,NA,NA,NA,NA,NA,NA,NA
0,0,0,0,0,0,0,0,0,0,0,0,0,0,0,0,0,0,0,0,0,-0.25,-0.217,-0.292,0.723,NA,NA,NA,NA,NA,NA,NA,NA,NA,NA,NA,NA,NA,NA,NA,NA,NA
0,0,0,0,0,0,0,0,0,0,0,0,0,0,0,0,0,0,0,0,0,0.029,-0.036,0.01,0.049,0.534,NA,NA,NA,NA,NA,NA,NA,NA,NA,NA,NA,NA,NA,NA,NA,NA
0,0,0,0,0,0,0,0,0,0,0,0,0,0,0,0,0,0,0,0,0,-0.059,-0.084,-0.058,0.071,0.261,0.622,NA,NA,NA,NA,NA,NA,NA,NA,NA,NA,NA,NA,NA,NA,NA
0,0,0,0,0,0,0,0,0,0,0,0,0,0,0,0,0,0,0,0,0,-0.166,-0.19,-0.15,0.065,0.062,0.166,0.754,NA,NA,NA,NA,NA,NA,NA,NA,NA,NA,NA,NA,NA,NA
0,0,0,0,0,0,0,0,0,0,0,0,0,0,0,0,0,0,0,0,0,-0.127,-0.061,-0.073,0.055,0.165,0.328,0.081,0.661,NA,NA,NA,NA,NA,NA,NA,NA,NA,NA,NA,NA,NA
0,0,0,0,0,0,0,0,0,0,0,0,0,0,0,0,0,0,0,0,0,-0.301,-0.195,-0.206,0.155,-0.1,-0.111,0.213,-0.011,0.683,NA,NA,NA,NA,NA,NA,NA,NA,NA,NA,NA,NA
0,0,0,0,0,0,0,0,0,0,0,0,0,0,0,0,0,0,0,0,0,-0.193,-0.186,-0.244,0.312,0.055,0.105,0.064,0.038,0.163,0.664,NA,NA,NA,NA,NA,NA,NA,NA,NA,NA,NA
0,0,0,0,0,0,0,0,0,0,0,0,0,0,0,0,0,0,0,0,0,-0.142,-0.214,-0.214,0.159,0.124,0.144,0.271,0.015,0.123,0.17,0.589,NA,NA,NA,NA,NA,NA,NA,NA,NA,NA
0,0,0,0,0,0,0,0,0,0,0,0,0,0,0,0,0,0,0,0,0,-0.341,-0.391,-0.451,0.231,-0.054,0.086,0.373,0.067,0.358,0.216,0.203,0.697,NA,NA,NA,NA,NA,NA,NA,NA,NA
0,0,0,0,0,0,0,0,0,0,0,0,0,0,0,0,0,0,0,0,0,0.473,0.511,0.502,-0.24,-0.072,-0.171,-0.185,-0.113,-0.188,-0.167,-0.201,-0.353,0.795,NA,NA,NA,NA,NA,NA,NA,NA
0,0,0,0,0,0,0,0,0,0,0,0,0,0,0,0,0,0,0,0,0,-0.243,-0.266,-0.29,0.297,0.134,0.166,0.312,0.136,0.226,0.217,0.252,0.334,-0.204,0.871,NA,NA,NA,NA,NA,NA,NA
0,0,0,0,0,0,0,0,0,0,0,0,0,0,0,0,0,0,0,0,0,-0.109,-0.096,-0.11,0.289,0.082,0.073,0.214,-0.003,0.239,0.312,0.179,0.207,-0.086,0.203,0.721,NA,NA,NA,NA,NA,NA
0,0,0,0,0,0,0,0,0,0,0,0,0,0,0,0,0,0,0,0,0,-0.121,-0.117,-0.068,0.152,0.225,0.277,0.194,0.171,-0.065,0.114,0.259,0.087,-0.168,0.196,0.086,0.686,NA,NA,NA,NA,NA
0,0,0,0,0,0,0,0,0,0,0,0,0,0,0,0,0,0,0,0,0,0.036,0.037,0.068,0.123,0.093,0.27,0.126,0.138,0.001,0.025,0,0.049,-0.088,0.161,0.135,0.194,0.764,NA,NA,NA,NA
0,0,0,0,0,0,0,0,0,0,0,0,0,0,0,0,0,0,0,0,0,-0.04,-0.118,0.033,0.089,0.053,0.126,0.174,0.15,0.088,0.024,-0.018,0.117,-0.031,0.171,0.026,0.117,0.178,0.681,NA,NA,NA
0,0,0,0,0,0,0,0,0,0,0,0,0,0,0,0,0,0,0,0,0,0.111,0.109,0.076,0.081,0.126,0.074,0.052,-0.079,-0.088,0.055,0.133,-0.05,0.105,0.059,0.253,0.159,0.142,-0.075,0.8,NA,NA
0,0,0,0,0,0,0,0,0,0,0,0,0,0,0,0,0,0,0,0,0,-0.038,0.091,0.084,-0.095,0.148,0.261,0.149,0.121,0.006,-0.034,0.184,-0.005,0.044,0.114,-0.087,0.295,0.198,0.17,-0.041,0.979,NA
0,0,0,0,0,0,0,0,0,0,0,0,0,0,0,0,0,0,0,0,0,0.017,-0.127,-0.066,0.203,0.165,0.193,0.039,0.137,-0.103,0.011,0.137,0.053,-0.063,0.249,0,0.264,0.13,0.329,0.069,0.147,0.701
