"energ","enthus","content","irrit","restl","worry","guilty","afraid","anhed","angry","hopel","down","positive","fatigue","tension","concent","ruminate","avoida","reass","procr","avoidp","energ1","enthus1","content1","irrit1","restl1","worry1","guilty1","afraid1","anhed1","angry1","hopel1","down1","positive1","fatigue1","tension1","concent1","ruminate","avoida1","reass1","procr1","avoidp1"
1,NA,NA,NA,NA,NA,NA,NA,NA,NA,NA,NA,NA,NA,NA,NA,NA,NA,NA,NA,NA,NA,NA,NA,NA,NA,NA,NA,NA,NA,NA,NA,NA,NA,NA,NA,NA,NA,NA,NA,NA,NA
0.79,1,NA,NA,NA,NA,NA,NA,NA,NA,NA,NA,NA,NA,NA,NA,NA,NA,NA,NA,NA,NA,NA,NA,NA,NA,NA,NA,NA,NA,NA,NA,NA,NA,NA,NA,NA,NA,NA,NA,NA,NA
0.76,0.75,1,NA,NA,NA,NA,NA,NA,NA,NA,NA,NA,NA,NA,NA,NA,NA,NA,NA,NA,NA,NA,NA,NA,NA,NA,NA,NA,NA,NA,NA,NA,NA,NA,NA,NA,NA,NA,NA,NA,NA
-0.273,-0.326,-0.34,1,NA,NA,NA,NA,NA,NA,NA,NA,NA,NA,NA,NA,NA,NA,NA,NA,NA,NA,NA,NA,NA,NA,NA,NA,NA,NA,NA,NA,NA,NA,NA,NA,NA,NA,NA,NA,NA,NA
-0.263,-0.406,-0.36,0.329,1,NA,NA,NA,NA,NA,NA,NA,NA,NA,NA,NA,NA,NA,NA,NA,NA,NA,NA,NA,NA,NA,NA,NA,NA,NA,NA,NA,NA,NA,NA,NA,NA,NA,NA,NA,NA,NA
-0.576,-0.515,-0.542,0.46,0.283,1,NA,NA,NA,NA,NA,NA,NA,NA,NA,NA,NA,NA,NA,NA,NA,NA,NA,NA,NA,NA,NA,NA,NA,NA,NA,NA,NA,NA,NA,NA,NA,NA,NA,NA,NA,NA
-0.698,-0.744,-0.824,0.346,0.402,0.671,1,NA,NA,NA,NA,NA,NA,NA,NA,NA,NA,NA,NA,NA,NA,NA,NA,NA,NA,NA,NA,NA,NA,NA,NA,NA,NA,NA,NA,NA,NA,NA,NA,NA,NA,NA
-0.328,-0.339,-0.367,0.371,0.321,0.591,0.413,1,NA,NA,NA,NA,NA,NA,NA,NA,NA,NA,NA,NA,NA,NA,NA,NA,NA,NA,NA,NA,NA,NA,NA,NA,NA,NA,NA,NA,NA,NA,NA,NA,NA,NA
-0.655,-0.611,-0.657,0.138,0.162,0.498,0.616,0.02,1,NA,NA,NA,NA,NA,NA,NA,NA,NA,NA,NA,NA,NA,NA,NA,NA,NA,NA,NA,NA,NA,NA,NA,NA,NA,NA,NA,NA,NA,NA,NA,NA,NA
-0.47,-0.467,-0.575,0.587,0.199,0.455,0.497,0.276,0.331,1,NA,NA,NA,NA,NA,NA,NA,NA,NA,NA,NA,NA,NA,NA,NA,NA,NA,NA,NA,NA,NA,NA,NA,NA,NA,NA,NA,NA,NA,NA,NA,NA
-0.689,-0.74,-0.805,0.296,0.468,0.558,0.836,0.316,0.65,0.47,1,NA,NA,NA,NA,NA,NA,NA,NA,NA,NA,NA,NA,NA,NA,NA,NA,NA,NA,NA,NA,NA,NA,NA,NA,NA,NA,NA,NA,NA,NA,NA
-0.714,-0.748,-0.745,0.403,0.362,0.601,0.71,0.326,0.669,0.633,0.737,1,NA,NA,NA,NA,NA,NA,NA,NA,NA,NA,NA,NA,NA,NA,NA,NA,NA,NA,NA,NA,NA,NA,NA,NA,NA,NA,NA,NA,NA,NA
0.674,0.784,0.687,-0.407,-0.468,-0.447,-0.667,-0.324,-0.484,-0.469,-0.682,-0.725,1,NA,NA,NA,NA,NA,NA,NA,NA,NA,NA,NA,NA,NA,NA,NA,NA,NA,NA,NA,NA,NA,NA,NA,NA,NA,NA,NA,NA,NA
-0.491,-0.568,-0.445,0.265,0.366,0.419,0.526,0.24,0.438,0.456,0.523,0.67,-0.576,1,NA,NA,NA,NA,NA,NA,NA,NA,NA,NA,NA,NA,NA,NA,NA,NA,NA,NA,NA,NA,NA,NA,NA,NA,NA,NA,NA,NA
-0.247,-0.358,-0.25,0.29,0.283,0.286,0.333,0.186,0.204,0.475,0.418,0.421,-0.322,0.604,1,NA,NA,NA,NA,NA,NA,NA,NA,NA,NA,NA,NA,NA,NA,NA,NA,NA,NA,NA,NA,NA,NA,NA,NA,NA,NA,NA
-0.153,-0.123,-0.192,0.297,0.27,0.235,0.212,0.298,-0.066,-0.073,0.187,0.084,-0.135,-0.075,-0.249,1,NA,NA,NA,NA,NA,NA,NA,NA,NA,NA,NA,NA,NA,NA,NA,NA,NA,NA,NA,NA,NA,NA,NA,NA,NA,NA
-0.202,-0.17,-0.184,0.356,0.119,0.39,0.157,0.268,0.243,0.6,0.183,0.46,-0.208,0.445,0.449,-0.233,1,NA,NA,NA,NA,NA,NA,NA,NA,NA,NA,NA,NA,NA,NA,NA,NA,NA,NA,NA,NA,NA,NA,NA,NA,NA
-0.516,-0.507,-0.523,0.315,0.302,0.492,0.462,0.206,0.535,0.298,0.546,0.674,-0.531,0.405,0.237,0.241,0.284,1,NA,NA,NA,NA,NA,NA,NA,NA,NA,NA,NA,NA,NA,NA,NA,NA,NA,NA,NA,NA,NA,NA,NA,NA
-0.428,-0.387,-0.458,0.253,0.321,0.498,0.514,0.348,0.349,0.364,0.434,0.559,-0.441,0.541,0.184,0.112,0.34,0.439,1,NA,NA,NA,NA,NA,NA,NA,NA,NA,NA,NA,NA,NA,NA,NA,NA,NA,NA,NA,NA,NA,NA,NA
-0.106,-0.227,-0.118,-0.077,0.017,0.013,0.114,-0.088,0.073,0.063,0.115,0.286,-0.172,0.203,0.039,0.166,-0.131,0.258,0.144,1,NA,NA,NA,NA,NA,NA,NA,NA,NA,NA,NA,NA,NA,NA,NA,NA,NA,NA,NA,NA,NA,NA
-0.514,-0.474,-0.453,0.236,0.234,0.491,0.483,0.206,0.4,0.508,0.425,0.636,-0.505,0.516,0.456,-0.087,0.455,0.524,0.365,0.167,1,NA,NA,NA,NA,NA,NA,NA,NA,NA,NA,NA,NA,NA,NA,NA,NA,NA,NA,NA,NA,NA
0,0,0,0,0,0,0,0,0,0,0,0,0,0,0,0,0,0,0,0,0,0.9,NA,NA,NA,NA,NA,NA,NA,NA,NA,NA,NA,NA,NA,NA,NA,NA,NA,NA,NA,NA
0,0,0,0,0,0,0,0,0,0,0,0,0,0,0,0,0,0,0,0,0,0.704,0.869,NA,NA,NA,NA,NA,NA,NA,NA,NA,NA,NA,NA,NA,NA,NA,NA,NA,NA,NA
0,0,0,0,0,0,0,0,0,0,0,0,0,0,0,0,0,0,0,0,0,0.602,0.595,0.857,NA,NA,NA,NA,NA,NA,NA,NA,NA,NA,NA,NA,NA,NA,NA,NA,NA,NA
0,0,0,0,0,0,0,0,0,0,0,0,0,0,0,0,0,0,0,0,0,-0.289,-0.338,-0.371,0.931,NA,NA,NA,NA,NA,NA,NA,NA,NA,NA,NA,NA,NA,NA,NA,NA,NA
0,0,0,0,0,0,0,0,0,0,0,0,0,0,0,0,0,0,0,0,0,-0.204,-0.348,-0.271,0.33,0.899,NA,NA,NA,NA,NA,NA,NA,NA,NA,NA,NA,NA,NA,NA,NA,NA
0,0,0,0,0,0,0,0,0,0,0,0,0,0,0,0,0,0,0,0,0,-0.46,-0.395,-0.432,0.488,0.274,0.874,NA,NA,NA,NA,NA,NA,NA,NA,NA,NA,NA,NA,NA,NA,NA
0,0,0,0,0,0,0,0,0,0,0,0,0,0,0,0,0,0,0,0,0,-0.58,-0.593,-0.698,0.4,0.326,0.608,0.913,NA,NA,NA,NA,NA,NA,NA,NA,NA,NA,NA,NA,NA,NA
0,0,0,0,0,0,0,0,0,0,0,0,0,0,0,0,0,0,0,0,0,-0.325,-0.352,-0.384,0.368,0.367,0.542,0.404,0.882,NA,NA,NA,NA,NA,NA,NA,NA,NA,NA,NA,NA,NA
0,0,0,0,0,0,0,0,0,0,0,0,0,0,0,0,0,0,0,0,0,-0.538,-0.461,-0.451,0.148,0.099,0.325,0.439,0.059,0.723,NA,NA,NA,NA,NA,NA,NA,NA,NA,NA,NA,NA
0,0,0,0,0,0,0,0,0,0,0,0,0,0,0,0,0,0,0,0,0,-0.428,-0.387,-0.539,0.57,0.168,0.373,0.477,0.25,0.254,0.898,NA,NA,NA,NA,NA,NA,NA,NA,NA,NA,NA
0,0,0,0,0,0,0,0,0,0,0,0,0,0,0,0,0,0,0,0,0,-0.568,-0.587,-0.644,0.317,0.401,0.476,0.725,0.325,0.444,0.409,0.886,NA,NA,NA,NA,NA,NA,NA,NA,NA,NA
0,0,0,0,0,0,0,0,0,0,0,0,0,0,0,0,0,0,0,0,0,-0.578,-0.577,-0.565,0.387,0.269,0.485,0.594,0.338,0.453,0.556,0.593,0.808,NA,NA,NA,NA,NA,NA,NA,NA,NA
0,0,0,0,0,0,0,0,0,0,0,0,0,0,0,0,0,0,0,0,0,0.54,0.625,0.479,-0.389,-0.375,-0.332,-0.512,-0.349,-0.281,-0.374,-0.501,-0.534,0.824,NA,NA,NA,NA,NA,NA,NA,NA
0,0,0,0,0,0,0,0,0,0,0,0,0,0,0,0,0,0,0,0,0,-0.449,-0.436,-0.337,0.249,0.321,0.306,0.41,0.309,0.278,0.332,0.412,0.503,-0.476,0.817,NA,NA,NA,NA,NA,NA,NA
0,0,0,0,0,0,0,0,0,0,0,0,0,0,0,0,0,0,0,0,0,-0.239,-0.276,-0.179,0.252,0.293,0.201,0.273,0.271,0.096,0.292,0.341,0.266,-0.256,0.404,0.791,NA,NA,NA,NA,NA,NA
0,0,0,0,0,0,0,0,0,0,0,0,0,0,0,0,0,0,0,0,0,-0.049,-0.089,-0.115,0.324,0.179,0.265,0.161,0.222,-0.151,0.04,0.129,0.061,-0.099,0.047,-0.051,0.73,NA,NA,NA,NA,NA
0,0,0,0,0,0,0,0,0,0,0,0,0,0,0,0,0,0,0,0,0,-0.207,-0.104,-0.133,0.296,0.11,0.296,0.115,0.301,0.124,0.458,0.117,0.358,-0.159,0.285,0.206,-0.044,0.81,NA,NA,NA,NA
0,0,0,0,0,0,0,0,0,0,0,0,0,0,0,0,0,0,0,0,0,-0.383,-0.351,-0.289,0.268,0.218,0.39,0.28,0.284,0.237,0.212,0.36,0.447,-0.364,0.276,0.167,0.175,0.193,0.774,NA,NA,NA
0,0,0,0,0,0,0,0,0,0,0,0,0,0,0,0,0,0,0,0,0,-0.322,-0.263,-0.322,0.241,0.284,0.422,0.413,0.354,0.205,0.27,0.339,0.414,-0.311,0.447,0.167,0.054,0.257,0.371,0.92,NA,NA
0,0,0,0,0,0,0,0,0,0,0,0,0,0,0,0,0,0,0,0,0,0.043,-0.022,0.009,-0.098,-0.069,-0.097,-0.044,-0.115,-0.079,-0.034,-0.016,0.03,-0.048,0.013,-0.035,0.118,-0.265,0.104,-0.001,0.686,NA
0,0,0,0,0,0,0,0,0,0,0,0,0,0,0,0,0,0,0,0,0,-0.373,-0.279,-0.242,0.204,0.164,0.329,0.312,0.214,0.177,0.369,0.231,0.416,-0.35,0.282,0.209,0.005,0.29,0.33,0.211,-0.028,0.791
