"energ","enthus","content","irrit","restl","worry","guilty","afraid","anhed","angry","hopel","down","positive","fatigue","tension","concent","ruminate","avoida","reass","procr","avoidp","energ1","enthus1","content1","irrit1","restl1","worry1","guilty1","afraid1","anhed1","angry1","hopel1","down1","positive1","fatigue1","tension1","concent1","ruminate","avoida1","reass1","procr1","avoidp1"
1,NA,NA,NA,NA,NA,NA,NA,NA,NA,NA,NA,NA,NA,NA,NA,NA,NA,NA,NA,NA,NA,NA,NA,NA,NA,NA,NA,NA,NA,NA,NA,NA,NA,NA,NA,NA,NA,NA,NA,NA,NA
0.413,1,NA,NA,NA,NA,NA,NA,NA,NA,NA,NA,NA,NA,NA,NA,NA,NA,NA,NA,NA,NA,NA,NA,NA,NA,NA,NA,NA,NA,NA,NA,NA,NA,NA,NA,NA,NA,NA,NA,NA,NA
0.514,0.416,1,NA,NA,NA,NA,NA,NA,NA,NA,NA,NA,NA,NA,NA,NA,NA,NA,NA,NA,NA,NA,NA,NA,NA,NA,NA,NA,NA,NA,NA,NA,NA,NA,NA,NA,NA,NA,NA,NA,NA
-0.31,-0.393,-0.368,1,NA,NA,NA,NA,NA,NA,NA,NA,NA,NA,NA,NA,NA,NA,NA,NA,NA,NA,NA,NA,NA,NA,NA,NA,NA,NA,NA,NA,NA,NA,NA,NA,NA,NA,NA,NA,NA,NA
-0.116,0.045,-0.204,0.26,1,NA,NA,NA,NA,NA,NA,NA,NA,NA,NA,NA,NA,NA,NA,NA,NA,NA,NA,NA,NA,NA,NA,NA,NA,NA,NA,NA,NA,NA,NA,NA,NA,NA,NA,NA,NA,NA
-0.147,-0.316,-0.31,0.278,0.378,1,NA,NA,NA,NA,NA,NA,NA,NA,NA,NA,NA,NA,NA,NA,NA,NA,NA,NA,NA,NA,NA,NA,NA,NA,NA,NA,NA,NA,NA,NA,NA,NA,NA,NA,NA,NA
-0.349,-0.219,-0.341,0.078,0.337,0.462,1,NA,NA,NA,NA,NA,NA,NA,NA,NA,NA,NA,NA,NA,NA,NA,NA,NA,NA,NA,NA,NA,NA,NA,NA,NA,NA,NA,NA,NA,NA,NA,NA,NA,NA,NA
-0.169,-0.411,-0.271,0.285,0.318,0.371,0.424,1,NA,NA,NA,NA,NA,NA,NA,NA,NA,NA,NA,NA,NA,NA,NA,NA,NA,NA,NA,NA,NA,NA,NA,NA,NA,NA,NA,NA,NA,NA,NA,NA,NA,NA
-0.309,-0.61,-0.395,0.243,0.137,0.174,0.306,0.36,1,NA,NA,NA,NA,NA,NA,NA,NA,NA,NA,NA,NA,NA,NA,NA,NA,NA,NA,NA,NA,NA,NA,NA,NA,NA,NA,NA,NA,NA,NA,NA,NA,NA
0.002,-0.243,-0.269,0.42,0.429,0.465,0.275,0.455,0.287,1,NA,NA,NA,NA,NA,NA,NA,NA,NA,NA,NA,NA,NA,NA,NA,NA,NA,NA,NA,NA,NA,NA,NA,NA,NA,NA,NA,NA,NA,NA,NA,NA
0.148,-0.023,0.155,-0.192,-0.1,-0.104,0.017,0.017,0.042,0.075,1,NA,NA,NA,NA,NA,NA,NA,NA,NA,NA,NA,NA,NA,NA,NA,NA,NA,NA,NA,NA,NA,NA,NA,NA,NA,NA,NA,NA,NA,NA,NA
-0.244,-0.422,-0.29,0.375,0.345,0.202,0.167,0.416,0.424,0.48,0.164,1,NA,NA,NA,NA,NA,NA,NA,NA,NA,NA,NA,NA,NA,NA,NA,NA,NA,NA,NA,NA,NA,NA,NA,NA,NA,NA,NA,NA,NA,NA
0.026,0.334,0.165,-0.044,-0.186,-0.33,-0.201,-0.449,-0.364,-0.361,0.029,-0.203,1,NA,NA,NA,NA,NA,NA,NA,NA,NA,NA,NA,NA,NA,NA,NA,NA,NA,NA,NA,NA,NA,NA,NA,NA,NA,NA,NA,NA,NA
-0.437,-0.532,-0.358,0.404,0.169,0.207,0.217,0.315,0.434,0.259,0.109,0.53,-0.204,1,NA,NA,NA,NA,NA,NA,NA,NA,NA,NA,NA,NA,NA,NA,NA,NA,NA,NA,NA,NA,NA,NA,NA,NA,NA,NA,NA,NA
-0.18,0.008,-0.005,0.145,0.385,0.278,0.424,0.202,0.294,0.249,0.001,0.175,-0.394,0.204,1,NA,NA,NA,NA,NA,NA,NA,NA,NA,NA,NA,NA,NA,NA,NA,NA,NA,NA,NA,NA,NA,NA,NA,NA,NA,NA,NA
-0.305,-0.111,-0.058,0.194,0.065,0.159,0.377,0.061,0.281,0.173,0.068,0.294,-0.219,0.338,0.5,1,NA,NA,NA,NA,NA,NA,NA,NA,NA,NA,NA,NA,NA,NA,NA,NA,NA,NA,NA,NA,NA,NA,NA,NA,NA,NA
-0.009,-0.128,-0.135,0.2,0.085,0.237,0.006,0.221,-0.035,0.339,0.008,0.142,-0.006,0.109,-0.145,-0.27,1,NA,NA,NA,NA,NA,NA,NA,NA,NA,NA,NA,NA,NA,NA,NA,NA,NA,NA,NA,NA,NA,NA,NA,NA,NA
-0.195,-0.233,-0.163,0.452,-0.094,-0.121,0.006,0.048,0.253,-0.024,0.024,0.401,0.278,0.406,-0.112,0.283,-0.11,1,NA,NA,NA,NA,NA,NA,NA,NA,NA,NA,NA,NA,NA,NA,NA,NA,NA,NA,NA,NA,NA,NA,NA,NA
0.037,-0.169,-0.1,0.31,0.218,0.351,0.37,0.372,0.272,0.501,0.008,0.345,-0.297,0.213,0.448,0.364,-0.016,0.121,1,NA,NA,NA,NA,NA,NA,NA,NA,NA,NA,NA,NA,NA,NA,NA,NA,NA,NA,NA,NA,NA,NA,NA
-0.153,-0.06,-0.006,0.253,0.152,0.084,0.186,0.037,0.175,0.128,0.15,0.213,-0.077,0.244,0.491,0.645,-0.374,0.377,0.354,1,NA,NA,NA,NA,NA,NA,NA,NA,NA,NA,NA,NA,NA,NA,NA,NA,NA,NA,NA,NA,NA,NA
-0.104,-0.221,-0.268,0.164,0.301,0,0.166,0.364,0.476,0.368,0.2,0.343,-0.331,0.145,0.184,0.105,0.169,0.01,0.108,0.066,1,NA,NA,NA,NA,NA,NA,NA,NA,NA,NA,NA,NA,NA,NA,NA,NA,NA,NA,NA,NA,NA
0,0,0,0,0,0,0,0,0,0,0,0,0,0,0,0,0,0,0,0,0,0.766,NA,NA,NA,NA,NA,NA,NA,NA,NA,NA,NA,NA,NA,NA,NA,NA,NA,NA,NA,NA
0,0,0,0,0,0,0,0,0,0,0,0,0,0,0,0,0,0,0,0,0,0.188,0.637,NA,NA,NA,NA,NA,NA,NA,NA,NA,NA,NA,NA,NA,NA,NA,NA,NA,NA,NA
0,0,0,0,0,0,0,0,0,0,0,0,0,0,0,0,0,0,0,0,0,0.373,0.24,0.819,NA,NA,NA,NA,NA,NA,NA,NA,NA,NA,NA,NA,NA,NA,NA,NA,NA,NA
0,0,0,0,0,0,0,0,0,0,0,0,0,0,0,0,0,0,0,0,0,-0.251,-0.266,-0.247,0.784,NA,NA,NA,NA,NA,NA,NA,NA,NA,NA,NA,NA,NA,NA,NA,NA,NA
0,0,0,0,0,0,0,0,0,0,0,0,0,0,0,0,0,0,0,0,0,-0.019,0.09,-0.084,0.111,0.819,NA,NA,NA,NA,NA,NA,NA,NA,NA,NA,NA,NA,NA,NA,NA,NA
0,0,0,0,0,0,0,0,0,0,0,0,0,0,0,0,0,0,0,0,0,-0.129,-0.171,-0.232,0.096,0.285,0.681,NA,NA,NA,NA,NA,NA,NA,NA,NA,NA,NA,NA,NA,NA,NA
0,0,0,0,0,0,0,0,0,0,0,0,0,0,0,0,0,0,0,0,0,-0.138,-0.097,-0.195,-0.001,0.291,0.357,0.73,NA,NA,NA,NA,NA,NA,NA,NA,NA,NA,NA,NA,NA,NA
0,0,0,0,0,0,0,0,0,0,0,0,0,0,0,0,0,0,0,0,0,0.088,-0.111,-0.048,0.051,0.166,0.157,0.192,0.459,NA,NA,NA,NA,NA,NA,NA,NA,NA,NA,NA,NA,NA
0,0,0,0,0,0,0,0,0,0,0,0,0,0,0,0,0,0,0,0,0,-0.119,-0.332,-0.257,0.141,0.135,0.159,0.253,0.159,0.695,NA,NA,NA,NA,NA,NA,NA,NA,NA,NA,NA,NA
0,0,0,0,0,0,0,0,0,0,0,0,0,0,0,0,0,0,0,0,0,0.125,-0.092,-0.093,0.246,0.306,0.291,0.243,0.204,0.188,0.661,NA,NA,NA,NA,NA,NA,NA,NA,NA,NA,NA
0,0,0,0,0,0,0,0,0,0,0,0,0,0,0,0,0,0,0,0,0,0.169,0.036,0.122,-0.021,-0.031,-0.002,0.028,0.078,0.004,0.094,0.567,NA,NA,NA,NA,NA,NA,NA,NA,NA,NA
0,0,0,0,0,0,0,0,0,0,0,0,0,0,0,0,0,0,0,0,0,-0.109,-0.2,-0.161,0.217,0.17,0.078,0.083,0.153,0.204,0.218,0.112,0.618,NA,NA,NA,NA,NA,NA,NA,NA,NA
0,0,0,0,0,0,0,0,0,0,0,0,0,0,0,0,0,0,0,0,0,-0.098,0.016,-0.006,0.083,-0.188,-0.155,-0.141,-0.158,-0.178,-0.157,-0.006,0.025,0.605,NA,NA,NA,NA,NA,NA,NA,NA
0,0,0,0,0,0,0,0,0,0,0,0,0,0,0,0,0,0,0,0,0,-0.27,-0.266,-0.224,0.353,0.153,0.095,0.104,0.086,0.181,0.094,0.057,0.336,0.008,0.782,NA,NA,NA,NA,NA,NA,NA
0,0,0,0,0,0,0,0,0,0,0,0,0,0,0,0,0,0,0,0,0,-0.099,0.087,0.048,0.128,0.384,0.186,0.39,0.11,0.241,0.221,-0.025,0.074,-0.306,0.142,0.894,NA,NA,NA,NA,NA,NA
0,0,0,0,0,0,0,0,0,0,0,0,0,0,0,0,0,0,0,0,0,-0.189,0,-0.002,0.14,0.118,0.13,0.296,0.009,0.162,0.147,0.048,0.183,-0.156,0.207,0.448,0.722,NA,NA,NA,NA,NA
0,0,0,0,0,0,0,0,0,0,0,0,0,0,0,0,0,0,0,0,0,0.091,-0.101,0.005,0.123,0.011,0.025,-0.088,0.048,-0.068,0.18,0.041,0.047,0.083,0.086,-0.111,-0.243,0.817,NA,NA,NA,NA
0,0,0,0,0,0,0,0,0,0,0,0,0,0,0,0,0,0,0,0,0,-0.189,-0.227,-0.173,0.38,-0.149,-0.091,-0.076,-0.002,0.14,-0.032,-0.014,0.308,0.267,0.336,-0.145,0.118,-0.114,0.778,NA,NA,NA
0,0,0,0,0,0,0,0,0,0,0,0,0,0,0,0,0,0,0,0,0,0.11,-0.038,0.011,0.156,0.145,0.135,0.243,0.147,0.128,0.283,0.051,0.16,-0.077,0.09,0.313,0.231,-0.116,0.089,0.616,NA,NA
0,0,0,0,0,0,0,0,0,0,0,0,0,0,0,0,0,0,0,0,0,-0.099,-0.03,0.015,0.198,0.113,0.014,0.141,0.032,0.102,0.123,0.062,0.129,-0.036,0.204,0.38,0.403,-0.244,0.215,0.21,0.565,NA
0,0,0,0,0,0,0,0,0,0,0,0,0,0,0,0,0,0,0,0,0,-0.019,-0.116,-0.153,0.099,0.244,0.02,0.175,0.15,0.384,0.255,0.118,0.206,-0.151,0.038,0.192,0.1,0.134,-0.011,0.043,0.074,0.811
