"energ","enthus","content","irrit","restl","worry","guilty","afraid","anhed","angry","hopel","down","positive","fatigue","tension","concent","ruminate","avoida","reass","procr","avoidp","energ1","enthus1","content1","irrit1","restl1","worry1","guilty1","afraid1","anhed1","angry1","hopel1","down1","positive1","fatigue1","tension1","concent1","ruminate","avoida1","reass1","procr1","avoidp1"
1,NA,NA,NA,NA,NA,NA,NA,NA,NA,NA,NA,NA,NA,NA,NA,NA,NA,NA,NA,NA,NA,NA,NA,NA,NA,NA,NA,NA,NA,NA,NA,NA,NA,NA,NA,NA,NA,NA,NA,NA,NA
0.441,1,NA,NA,NA,NA,NA,NA,NA,NA,NA,NA,NA,NA,NA,NA,NA,NA,NA,NA,NA,NA,NA,NA,NA,NA,NA,NA,NA,NA,NA,NA,NA,NA,NA,NA,NA,NA,NA,NA,NA,NA
0.251,0.31,1,NA,NA,NA,NA,NA,NA,NA,NA,NA,NA,NA,NA,NA,NA,NA,NA,NA,NA,NA,NA,NA,NA,NA,NA,NA,NA,NA,NA,NA,NA,NA,NA,NA,NA,NA,NA,NA,NA,NA
-0.173,-0.246,-0.167,1,NA,NA,NA,NA,NA,NA,NA,NA,NA,NA,NA,NA,NA,NA,NA,NA,NA,NA,NA,NA,NA,NA,NA,NA,NA,NA,NA,NA,NA,NA,NA,NA,NA,NA,NA,NA,NA,NA
-0.309,-0.137,-0.188,0.206,1,NA,NA,NA,NA,NA,NA,NA,NA,NA,NA,NA,NA,NA,NA,NA,NA,NA,NA,NA,NA,NA,NA,NA,NA,NA,NA,NA,NA,NA,NA,NA,NA,NA,NA,NA,NA,NA
0.022,-0.086,-0.031,0.31,0.228,1,NA,NA,NA,NA,NA,NA,NA,NA,NA,NA,NA,NA,NA,NA,NA,NA,NA,NA,NA,NA,NA,NA,NA,NA,NA,NA,NA,NA,NA,NA,NA,NA,NA,NA,NA,NA
-0.111,-0.143,0.101,0.268,0.246,0.427,1,NA,NA,NA,NA,NA,NA,NA,NA,NA,NA,NA,NA,NA,NA,NA,NA,NA,NA,NA,NA,NA,NA,NA,NA,NA,NA,NA,NA,NA,NA,NA,NA,NA,NA,NA
0.061,-0.181,-0.079,-0.058,0.014,0.24,0.162,1,NA,NA,NA,NA,NA,NA,NA,NA,NA,NA,NA,NA,NA,NA,NA,NA,NA,NA,NA,NA,NA,NA,NA,NA,NA,NA,NA,NA,NA,NA,NA,NA,NA,NA
-0.136,-0.241,-0.245,0.061,0.324,0.147,0.198,0.194,1,NA,NA,NA,NA,NA,NA,NA,NA,NA,NA,NA,NA,NA,NA,NA,NA,NA,NA,NA,NA,NA,NA,NA,NA,NA,NA,NA,NA,NA,NA,NA,NA,NA
0.096,-0.114,-0.156,0.346,0.141,0.229,0.268,0.007,0.042,1,NA,NA,NA,NA,NA,NA,NA,NA,NA,NA,NA,NA,NA,NA,NA,NA,NA,NA,NA,NA,NA,NA,NA,NA,NA,NA,NA,NA,NA,NA,NA,NA
-0.122,-0.042,-0.33,0.157,0.124,0.006,-0.056,-0.038,0.114,0.152,1,NA,NA,NA,NA,NA,NA,NA,NA,NA,NA,NA,NA,NA,NA,NA,NA,NA,NA,NA,NA,NA,NA,NA,NA,NA,NA,NA,NA,NA,NA,NA
-0.243,-0.06,-0.143,0.078,0.288,0.208,0.263,-0.006,0.299,0.046,0.186,1,NA,NA,NA,NA,NA,NA,NA,NA,NA,NA,NA,NA,NA,NA,NA,NA,NA,NA,NA,NA,NA,NA,NA,NA,NA,NA,NA,NA,NA,NA
0.342,0.401,0.295,-0.109,-0.16,-0.03,-0.051,-0.151,-0.17,-0.064,-0.246,-0.279,1,NA,NA,NA,NA,NA,NA,NA,NA,NA,NA,NA,NA,NA,NA,NA,NA,NA,NA,NA,NA,NA,NA,NA,NA,NA,NA,NA,NA,NA
-0.193,0.101,-0.084,0.272,0.357,0.033,0.141,-0.253,0.247,-0.09,0.145,0.228,0.116,1,NA,NA,NA,NA,NA,NA,NA,NA,NA,NA,NA,NA,NA,NA,NA,NA,NA,NA,NA,NA,NA,NA,NA,NA,NA,NA,NA,NA
-0.019,-0.03,-0.046,-0.037,0.149,-0.05,0.061,0.199,0.074,-0.021,0.19,0.073,-0.126,0.108,1,NA,NA,NA,NA,NA,NA,NA,NA,NA,NA,NA,NA,NA,NA,NA,NA,NA,NA,NA,NA,NA,NA,NA,NA,NA,NA,NA
-0.036,0.067,0.076,0.006,-0.025,0.037,-0.041,-0.095,0.141,-0.061,-0.075,-0.125,0.06,0.145,-0.024,1,NA,NA,NA,NA,NA,NA,NA,NA,NA,NA,NA,NA,NA,NA,NA,NA,NA,NA,NA,NA,NA,NA,NA,NA,NA,NA
-0.135,0.208,0.01,0.038,0.111,0.135,0.136,-0.248,0.054,-0.033,0.145,0.404,0.004,0.216,-0.122,0.046,1,NA,NA,NA,NA,NA,NA,NA,NA,NA,NA,NA,NA,NA,NA,NA,NA,NA,NA,NA,NA,NA,NA,NA,NA,NA
-0.153,-0.045,-0.038,-0.124,0.173,-0.073,-0.083,-0.045,0.134,-0.108,0.002,-0.005,-0.023,0.196,0.115,0.411,0.062,1,NA,NA,NA,NA,NA,NA,NA,NA,NA,NA,NA,NA,NA,NA,NA,NA,NA,NA,NA,NA,NA,NA,NA,NA
0.109,0.078,-0.186,0.048,-0.019,-0.007,-0.172,0.064,-0.062,0.017,0.186,-0.167,0.076,0.016,0.148,-0.021,-0.2,-0.231,1,NA,NA,NA,NA,NA,NA,NA,NA,NA,NA,NA,NA,NA,NA,NA,NA,NA,NA,NA,NA,NA,NA,NA
-0.126,-0.044,-0.019,-0.012,0.064,-0.027,0.039,-0.102,0.101,0.078,-0.004,-0.004,-0.027,0.088,-0.027,0.579,0.142,0.592,-0.167,1,NA,NA,NA,NA,NA,NA,NA,NA,NA,NA,NA,NA,NA,NA,NA,NA,NA,NA,NA,NA,NA,NA
-0.094,-0.138,-0.019,-0.041,0.209,0.153,0.088,0.074,0.293,0.127,0.089,0.136,-0.227,0.072,0.166,0.147,0.105,0.273,-0.112,0.239,1,NA,NA,NA,NA,NA,NA,NA,NA,NA,NA,NA,NA,NA,NA,NA,NA,NA,NA,NA,NA,NA
0,0,0,0,0,0,0,0,0,0,0,0,0,0,0,0,0,0,0,0,0,0.849,NA,NA,NA,NA,NA,NA,NA,NA,NA,NA,NA,NA,NA,NA,NA,NA,NA,NA,NA,NA
0,0,0,0,0,0,0,0,0,0,0,0,0,0,0,0,0,0,0,0,0,0.387,0.905,NA,NA,NA,NA,NA,NA,NA,NA,NA,NA,NA,NA,NA,NA,NA,NA,NA,NA,NA
0,0,0,0,0,0,0,0,0,0,0,0,0,0,0,0,0,0,0,0,0,0.14,0.253,0.818,NA,NA,NA,NA,NA,NA,NA,NA,NA,NA,NA,NA,NA,NA,NA,NA,NA,NA
0,0,0,0,0,0,0,0,0,0,0,0,0,0,0,0,0,0,0,0,0,-0.113,-0.176,-0.105,0.91,NA,NA,NA,NA,NA,NA,NA,NA,NA,NA,NA,NA,NA,NA,NA,NA,NA
0,0,0,0,0,0,0,0,0,0,0,0,0,0,0,0,0,0,0,0,0,-0.28,-0.111,-0.112,0.168,0.863,NA,NA,NA,NA,NA,NA,NA,NA,NA,NA,NA,NA,NA,NA,NA,NA
0,0,0,0,0,0,0,0,0,0,0,0,0,0,0,0,0,0,0,0,0,0.009,0.001,-0.02,0.344,0.23,0.85,NA,NA,NA,NA,NA,NA,NA,NA,NA,NA,NA,NA,NA,NA,NA
0,0,0,0,0,0,0,0,0,0,0,0,0,0,0,0,0,0,0,0,0,-0.154,-0.162,0.106,0.295,0.195,0.411,0.934,NA,NA,NA,NA,NA,NA,NA,NA,NA,NA,NA,NA,NA,NA
0,0,0,0,0,0,0,0,0,0,0,0,0,0,0,0,0,0,0,0,0,-0.013,-0.173,-0.153,-0.026,0.07,0.146,0.19,0.86,NA,NA,NA,NA,NA,NA,NA,NA,NA,NA,NA,NA,NA
0,0,0,0,0,0,0,0,0,0,0,0,0,0,0,0,0,0,0,0,0,-0.165,-0.212,-0.199,0.09,0.336,0.104,0.198,0.19,0.925,NA,NA,NA,NA,NA,NA,NA,NA,NA,NA,NA,NA
0,0,0,0,0,0,0,0,0,0,0,0,0,0,0,0,0,0,0,0,0,0.117,-0.042,-0.078,0.323,0.099,0.214,0.234,0.031,0.063,0.863,NA,NA,NA,NA,NA,NA,NA,NA,NA,NA,NA
0,0,0,0,0,0,0,0,0,0,0,0,0,0,0,0,0,0,0,0,0,-0.081,-0.065,-0.243,0.127,0.082,0.046,-0.068,-0.067,0.071,0.09,0.885,NA,NA,NA,NA,NA,NA,NA,NA,NA,NA
0,0,0,0,0,0,0,0,0,0,0,0,0,0,0,0,0,0,0,0,0,-0.237,-0.074,-0.104,0.054,0.248,0.164,0.237,0.052,0.26,0.024,0.113,0.908,NA,NA,NA,NA,NA,NA,NA,NA,NA
0,0,0,0,0,0,0,0,0,0,0,0,0,0,0,0,0,0,0,0,0,0.218,0.309,0.184,-0.085,-0.206,-0.01,-0.128,-0.173,-0.165,-0.085,-0.224,-0.305,0.784,NA,NA,NA,NA,NA,NA,NA,NA
0,0,0,0,0,0,0,0,0,0,0,0,0,0,0,0,0,0,0,0,0,-0.196,0.066,-0.1,0.244,0.302,0.083,0.101,-0.233,0.201,-0.059,0.141,0.165,0.053,0.904,NA,NA,NA,NA,NA,NA,NA
0,0,0,0,0,0,0,0,0,0,0,0,0,0,0,0,0,0,0,0,0,-0.058,-0.067,-0.033,0.011,0.126,0.03,0.151,0.184,0.011,0.05,0.072,0.062,-0.11,0.011,0.517,NA,NA,NA,NA,NA,NA
0,0,0,0,0,0,0,0,0,0,0,0,0,0,0,0,0,0,0,0,0,-0.043,0.069,0.07,-0.002,-0.023,0.073,-0.028,-0.122,0.129,-0.054,-0.069,-0.108,0.095,0.177,-0.066,0.87,NA,NA,NA,NA,NA
0,0,0,0,0,0,0,0,0,0,0,0,0,0,0,0,0,0,0,0,0,-0.18,0.139,-0.025,0.072,0.063,0.152,0.109,-0.219,0.038,-0.067,0.11,0.3,-0.038,0.191,-0.102,0.182,0.869,NA,NA,NA,NA
0,0,0,0,0,0,0,0,0,0,0,0,0,0,0,0,0,0,0,0,0,-0.091,-0.02,-0.095,-0.139,0.136,-0.012,-0.058,-0.007,0.111,-0.073,-0.007,0.008,-0.027,0.136,0.023,0.38,0.107,0.902,NA,NA,NA
0,0,0,0,0,0,0,0,0,0,0,0,0,0,0,0,0,0,0,0,0,0.073,0.056,-0.108,0.017,0.018,-0.008,-0.183,0.012,-0.074,-0.039,0.131,-0.159,0.068,0.03,0.063,-0.055,-0.184,-0.234,0.839,NA,NA
0,0,0,0,0,0,0,0,0,0,0,0,0,0,0,0,0,0,0,0,0,-0.085,-0.003,-0.026,-0.05,0.104,0.029,0.088,-0.079,0.128,0.043,-0.013,0.04,0.003,0.126,-0.043,0.51,0.233,0.531,-0.211,0.878,NA
0,0,0,0,0,0,0,0,0,0,0,0,0,0,0,0,0,0,0,0,0,-0.135,-0.093,-0.066,-0.022,0.261,0.167,0.133,0.087,0.327,0.165,0.075,0.153,-0.244,0.082,0.088,0.118,0.143,0.194,-0.142,0.183,0.919
