"energ","enthus","content","irrit","restl","worry","guilty","afraid","anhed","angry","hopel","down","positive","fatigue","tension","concent","ruminate","avoida","reass","procr","avoidp","energ1","enthus1","content1","irrit1","restl1","worry1","guilty1","afraid1","anhed1","angry1","hopel1","down1","positive1","fatigue1","tension1","concent1","ruminate","avoida1","reass1","procr1","avoidp1"
1,NA,NA,NA,NA,NA,NA,NA,NA,NA,NA,NA,NA,NA,NA,NA,NA,NA,NA,NA,NA,NA,NA,NA,NA,NA,NA,NA,NA,NA,NA,NA,NA,NA,NA,NA,NA,NA,NA,NA,NA,NA
0.636,1,NA,NA,NA,NA,NA,NA,NA,NA,NA,NA,NA,NA,NA,NA,NA,NA,NA,NA,NA,NA,NA,NA,NA,NA,NA,NA,NA,NA,NA,NA,NA,NA,NA,NA,NA,NA,NA,NA,NA,NA
0.223,0.329,1,NA,NA,NA,NA,NA,NA,NA,NA,NA,NA,NA,NA,NA,NA,NA,NA,NA,NA,NA,NA,NA,NA,NA,NA,NA,NA,NA,NA,NA,NA,NA,NA,NA,NA,NA,NA,NA,NA,NA
-0.012,-0.078,-0.2,1,NA,NA,NA,NA,NA,NA,NA,NA,NA,NA,NA,NA,NA,NA,NA,NA,NA,NA,NA,NA,NA,NA,NA,NA,NA,NA,NA,NA,NA,NA,NA,NA,NA,NA,NA,NA,NA,NA
0.439,0.306,0.02,0.393,1,NA,NA,NA,NA,NA,NA,NA,NA,NA,NA,NA,NA,NA,NA,NA,NA,NA,NA,NA,NA,NA,NA,NA,NA,NA,NA,NA,NA,NA,NA,NA,NA,NA,NA,NA,NA,NA
-0.019,-0.188,-0.26,0.499,0.234,1,NA,NA,NA,NA,NA,NA,NA,NA,NA,NA,NA,NA,NA,NA,NA,NA,NA,NA,NA,NA,NA,NA,NA,NA,NA,NA,NA,NA,NA,NA,NA,NA,NA,NA,NA,NA
0.038,-0.059,-0.056,0.211,-0.008,0.186,1,NA,NA,NA,NA,NA,NA,NA,NA,NA,NA,NA,NA,NA,NA,NA,NA,NA,NA,NA,NA,NA,NA,NA,NA,NA,NA,NA,NA,NA,NA,NA,NA,NA,NA,NA
-0.035,-0.115,-0.392,0.331,0.36,0.389,0.426,1,NA,NA,NA,NA,NA,NA,NA,NA,NA,NA,NA,NA,NA,NA,NA,NA,NA,NA,NA,NA,NA,NA,NA,NA,NA,NA,NA,NA,NA,NA,NA,NA,NA,NA
-0.331,-0.42,-0.46,0.144,-0.125,0.363,0.212,0.328,1,NA,NA,NA,NA,NA,NA,NA,NA,NA,NA,NA,NA,NA,NA,NA,NA,NA,NA,NA,NA,NA,NA,NA,NA,NA,NA,NA,NA,NA,NA,NA,NA,NA
0.066,-0.016,-0.256,0.527,0.309,0.433,0.262,0.454,0.142,1,NA,NA,NA,NA,NA,NA,NA,NA,NA,NA,NA,NA,NA,NA,NA,NA,NA,NA,NA,NA,NA,NA,NA,NA,NA,NA,NA,NA,NA,NA,NA,NA
-0.241,-0.069,-0.225,0.274,-0.128,0.4,0.201,0.352,0.313,0.345,1,NA,NA,NA,NA,NA,NA,NA,NA,NA,NA,NA,NA,NA,NA,NA,NA,NA,NA,NA,NA,NA,NA,NA,NA,NA,NA,NA,NA,NA,NA,NA
-0.228,-0.375,-0.311,0.365,-0.008,0.57,0.136,0.251,0.464,0.342,0.427,1,NA,NA,NA,NA,NA,NA,NA,NA,NA,NA,NA,NA,NA,NA,NA,NA,NA,NA,NA,NA,NA,NA,NA,NA,NA,NA,NA,NA,NA,NA
0.517,0.539,0.402,-0.246,0.042,-0.353,-0.133,-0.328,-0.562,-0.278,-0.333,-0.514,1,NA,NA,NA,NA,NA,NA,NA,NA,NA,NA,NA,NA,NA,NA,NA,NA,NA,NA,NA,NA,NA,NA,NA,NA,NA,NA,NA,NA,NA
-0.335,-0.297,-0.167,0.079,-0.298,0.107,0.183,-0.013,0.283,0.07,0.148,0.189,-0.324,1,NA,NA,NA,NA,NA,NA,NA,NA,NA,NA,NA,NA,NA,NA,NA,NA,NA,NA,NA,NA,NA,NA,NA,NA,NA,NA,NA,NA
0.173,0.068,0.042,0.015,0.199,0.03,0.09,0.172,0.025,-0.012,-0.303,-0.114,0.026,0.032,1,NA,NA,NA,NA,NA,NA,NA,NA,NA,NA,NA,NA,NA,NA,NA,NA,NA,NA,NA,NA,NA,NA,NA,NA,NA,NA,NA
0.023,-0.019,-0.281,0.235,0.034,0.169,0.158,0.137,0.184,0.145,0.152,0.114,-0.102,0.282,0.03,1,NA,NA,NA,NA,NA,NA,NA,NA,NA,NA,NA,NA,NA,NA,NA,NA,NA,NA,NA,NA,NA,NA,NA,NA,NA,NA
0.028,-0.059,-0.179,0.337,0.084,0.465,0.206,0.201,0.2,0.261,0.295,0.279,-0.128,0.052,-0.069,0.444,1,NA,NA,NA,NA,NA,NA,NA,NA,NA,NA,NA,NA,NA,NA,NA,NA,NA,NA,NA,NA,NA,NA,NA,NA,NA
-0.468,-0.437,-0.237,-0.053,-0.283,0.046,0.012,0.083,0.362,-0.093,0.218,0.249,-0.358,0.513,-0.03,0.108,0.035,1,NA,NA,NA,NA,NA,NA,NA,NA,NA,NA,NA,NA,NA,NA,NA,NA,NA,NA,NA,NA,NA,NA,NA,NA
0.304,0.297,0.065,0.123,0.197,-0.034,-0.127,-0.078,-0.253,0.102,-0.088,-0.095,0.35,-0.264,-0.08,-0.105,-0.133,-0.098,1,NA,NA,NA,NA,NA,NA,NA,NA,NA,NA,NA,NA,NA,NA,NA,NA,NA,NA,NA,NA,NA,NA,NA
-0.513,-0.445,-0.224,0.093,-0.245,0.104,-0.071,0.07,0.327,-0.033,0.245,0.361,-0.379,0.381,-0.1,0.165,0.057,0.796,-0.186,1,NA,NA,NA,NA,NA,NA,NA,NA,NA,NA,NA,NA,NA,NA,NA,NA,NA,NA,NA,NA,NA,NA
0.184,-0.132,-0.083,0.18,0.178,0.089,0.183,0.131,0.1,0.208,-0.179,0.138,-0.047,0.046,0.266,0.025,-0.123,0.018,0.253,-0.021,1,NA,NA,NA,NA,NA,NA,NA,NA,NA,NA,NA,NA,NA,NA,NA,NA,NA,NA,NA,NA,NA
0,0,0,0,0,0,0,0,0,0,0,0,0,0,0,0,0,0,0,0,0,0.958,NA,NA,NA,NA,NA,NA,NA,NA,NA,NA,NA,NA,NA,NA,NA,NA,NA,NA,NA,NA
0,0,0,0,0,0,0,0,0,0,0,0,0,0,0,0,0,0,0,0,0,0.636,0.929,NA,NA,NA,NA,NA,NA,NA,NA,NA,NA,NA,NA,NA,NA,NA,NA,NA,NA,NA
0,0,0,0,0,0,0,0,0,0,0,0,0,0,0,0,0,0,0,0,0,0.197,0.296,0.892,NA,NA,NA,NA,NA,NA,NA,NA,NA,NA,NA,NA,NA,NA,NA,NA,NA,NA
0,0,0,0,0,0,0,0,0,0,0,0,0,0,0,0,0,0,0,0,0,-0.025,-0.077,-0.178,0.949,NA,NA,NA,NA,NA,NA,NA,NA,NA,NA,NA,NA,NA,NA,NA,NA,NA
0,0,0,0,0,0,0,0,0,0,0,0,0,0,0,0,0,0,0,0,0,0.371,0.31,0.005,0.358,0.876,NA,NA,NA,NA,NA,NA,NA,NA,NA,NA,NA,NA,NA,NA,NA,NA
0,0,0,0,0,0,0,0,0,0,0,0,0,0,0,0,0,0,0,0,0,-0.004,-0.115,-0.212,0.473,0.219,0.817,NA,NA,NA,NA,NA,NA,NA,NA,NA,NA,NA,NA,NA,NA,NA
0,0,0,0,0,0,0,0,0,0,0,0,0,0,0,0,0,0,0,0,0,0.074,-0.032,-0.015,0.225,0.054,0.215,0.932,NA,NA,NA,NA,NA,NA,NA,NA,NA,NA,NA,NA,NA,NA
0,0,0,0,0,0,0,0,0,0,0,0,0,0,0,0,0,0,0,0,0,-0.03,-0.084,-0.345,0.31,0.385,0.378,0.355,0.872,NA,NA,NA,NA,NA,NA,NA,NA,NA,NA,NA,NA,NA
0,0,0,0,0,0,0,0,0,0,0,0,0,0,0,0,0,0,0,0,0,-0.256,-0.322,-0.334,0.116,-0.125,0.196,0.132,0.207,0.753,NA,NA,NA,NA,NA,NA,NA,NA,NA,NA,NA,NA
0,0,0,0,0,0,0,0,0,0,0,0,0,0,0,0,0,0,0,0,0,0.108,0.039,-0.212,0.484,0.358,0.377,0.199,0.364,0.003,0.916,NA,NA,NA,NA,NA,NA,NA,NA,NA,NA,NA
0,0,0,0,0,0,0,0,0,0,0,0,0,0,0,0,0,0,0,0,0,-0.209,-0.065,-0.126,0.224,-0.101,0.225,0.134,0.212,0.152,0.24,0.753,NA,NA,NA,NA,NA,NA,NA,NA,NA,NA
0,0,0,0,0,0,0,0,0,0,0,0,0,0,0,0,0,0,0,0,0,-0.192,-0.35,-0.199,0.35,-0.011,0.405,0.119,0.172,0.275,0.258,0.221,0.816,NA,NA,NA,NA,NA,NA,NA,NA,NA
0,0,0,0,0,0,0,0,0,0,0,0,0,0,0,0,0,0,0,0,0,0.497,0.542,0.334,-0.227,0.009,-0.246,-0.125,-0.307,-0.437,-0.237,-0.189,-0.4,0.932,NA,NA,NA,NA,NA,NA,NA,NA
0,0,0,0,0,0,0,0,0,0,0,0,0,0,0,0,0,0,0,0,0,-0.3,-0.247,-0.117,0.095,-0.261,0.107,0.093,-0.024,0.241,0.03,0.129,0.196,-0.285,0.877,NA,NA,NA,NA,NA,NA,NA
0,0,0,0,0,0,0,0,0,0,0,0,0,0,0,0,0,0,0,0,0,0.173,0.115,0.017,0.028,0.061,0.09,0.204,0.086,0.044,0.074,-0.18,0.045,-0.025,0.072,0.571,NA,NA,NA,NA,NA,NA
0,0,0,0,0,0,0,0,0,0,0,0,0,0,0,0,0,0,0,0,0,0.002,-0.034,-0.245,0.194,0.054,0.145,0.126,0.202,0.18,0.118,0.146,0.081,-0.125,0.221,0.071,0.853,NA,NA,NA,NA,NA
0,0,0,0,0,0,0,0,0,0,0,0,0,0,0,0,0,0,0,0,0,0.029,-0.055,-0.135,0.316,0.083,0.378,0.23,0.229,0.144,0.226,0.185,0.182,-0.14,0.049,0.056,0.343,0.889,NA,NA,NA,NA
0,0,0,0,0,0,0,0,0,0,0,0,0,0,0,0,0,0,0,0,0,-0.46,-0.423,-0.247,-0.003,-0.256,0.073,-0.005,0.057,0.35,-0.097,0.171,0.242,-0.363,0.481,-0.034,0.134,0.074,0.947,NA,NA,NA
0,0,0,0,0,0,0,0,0,0,0,0,0,0,0,0,0,0,0,0,0,0.198,0.187,-0.023,0.135,0.174,0.015,-0.132,-0.058,-0.15,0.128,-0.049,-0.013,0.228,-0.162,-0.03,-0.108,-0.145,-0.041,0.796,NA,NA
0,0,0,0,0,0,0,0,0,0,0,0,0,0,0,0,0,0,0,0,0,-0.492,-0.454,-0.265,0.161,-0.211,0.174,-0.04,0.086,0.321,0.008,0.196,0.376,-0.391,0.382,-0.056,0.182,0.108,0.759,-0.085,0.919,NA
0,0,0,0,0,0,0,0,0,0,0,0,0,0,0,0,0,0,0,0,0,0.166,-0.057,-0.022,0.121,0.132,0.076,0.152,0.069,0.024,0.152,-0.173,0.087,-0.033,0.024,0.187,0.013,-0.137,-0.005,0.219,-0.01,0.852
