"energ","enthus","content","irrit","restl","worry","guilty","afraid","anhed","angry","hopel","down","positive","fatigue","tension","concent","ruminate","avoida","reass","procr","avoidp","energ1","enthus1","content1","irrit1","restl1","worry1","guilty1","afraid1","anhed1","angry1","hopel1","down1","positive1","fatigue1","tension1","concent1","ruminate","avoida1","reass1","procr1","avoidp1"
1,NA,NA,NA,NA,NA,NA,NA,NA,NA,NA,NA,NA,NA,NA,NA,NA,NA,NA,NA,NA,NA,NA,NA,NA,NA,NA,NA,NA,NA,NA,NA,NA,NA,NA,NA,NA,NA,NA,NA,NA,NA
0.642,1,NA,NA,NA,NA,NA,NA,NA,NA,NA,NA,NA,NA,NA,NA,NA,NA,NA,NA,NA,NA,NA,NA,NA,NA,NA,NA,NA,NA,NA,NA,NA,NA,NA,NA,NA,NA,NA,NA,NA,NA
0.496,0.754,1,NA,NA,NA,NA,NA,NA,NA,NA,NA,NA,NA,NA,NA,NA,NA,NA,NA,NA,NA,NA,NA,NA,NA,NA,NA,NA,NA,NA,NA,NA,NA,NA,NA,NA,NA,NA,NA,NA,NA
-0.232,-0.273,-0.328,1,NA,NA,NA,NA,NA,NA,NA,NA,NA,NA,NA,NA,NA,NA,NA,NA,NA,NA,NA,NA,NA,NA,NA,NA,NA,NA,NA,NA,NA,NA,NA,NA,NA,NA,NA,NA,NA,NA
-0.117,-0.277,-0.333,0.4,1,NA,NA,NA,NA,NA,NA,NA,NA,NA,NA,NA,NA,NA,NA,NA,NA,NA,NA,NA,NA,NA,NA,NA,NA,NA,NA,NA,NA,NA,NA,NA,NA,NA,NA,NA,NA,NA
-0.255,-0.343,-0.454,0.502,0.643,1,NA,NA,NA,NA,NA,NA,NA,NA,NA,NA,NA,NA,NA,NA,NA,NA,NA,NA,NA,NA,NA,NA,NA,NA,NA,NA,NA,NA,NA,NA,NA,NA,NA,NA,NA,NA
-0.255,-0.389,-0.499,0.388,0.487,0.646,1,NA,NA,NA,NA,NA,NA,NA,NA,NA,NA,NA,NA,NA,NA,NA,NA,NA,NA,NA,NA,NA,NA,NA,NA,NA,NA,NA,NA,NA,NA,NA,NA,NA,NA,NA
-0.191,-0.282,-0.237,0.299,0.33,0.396,0.256,1,NA,NA,NA,NA,NA,NA,NA,NA,NA,NA,NA,NA,NA,NA,NA,NA,NA,NA,NA,NA,NA,NA,NA,NA,NA,NA,NA,NA,NA,NA,NA,NA,NA,NA
-0.389,-0.523,-0.632,0.416,0.448,0.583,0.698,0.188,1,NA,NA,NA,NA,NA,NA,NA,NA,NA,NA,NA,NA,NA,NA,NA,NA,NA,NA,NA,NA,NA,NA,NA,NA,NA,NA,NA,NA,NA,NA,NA,NA,NA
-0.046,-0.15,-0.26,0.672,0.149,0.399,0.284,0.23,0.296,1,NA,NA,NA,NA,NA,NA,NA,NA,NA,NA,NA,NA,NA,NA,NA,NA,NA,NA,NA,NA,NA,NA,NA,NA,NA,NA,NA,NA,NA,NA,NA,NA
-0.324,-0.375,-0.59,0.48,0.516,0.734,0.771,0.141,0.788,0.376,1,NA,NA,NA,NA,NA,NA,NA,NA,NA,NA,NA,NA,NA,NA,NA,NA,NA,NA,NA,NA,NA,NA,NA,NA,NA,NA,NA,NA,NA,NA,NA
-0.448,-0.522,-0.552,0.438,0.389,0.606,0.765,0.181,0.719,0.37,0.77,1,NA,NA,NA,NA,NA,NA,NA,NA,NA,NA,NA,NA,NA,NA,NA,NA,NA,NA,NA,NA,NA,NA,NA,NA,NA,NA,NA,NA,NA,NA
0.538,0.627,0.762,-0.239,-0.446,-0.593,-0.562,-0.279,-0.59,-0.154,-0.578,-0.616,1,NA,NA,NA,NA,NA,NA,NA,NA,NA,NA,NA,NA,NA,NA,NA,NA,NA,NA,NA,NA,NA,NA,NA,NA,NA,NA,NA,NA,NA
-0.435,-0.426,-0.369,0.074,0.397,0.344,0.402,0.269,0.342,-0.143,0.311,0.338,-0.492,1,NA,NA,NA,NA,NA,NA,NA,NA,NA,NA,NA,NA,NA,NA,NA,NA,NA,NA,NA,NA,NA,NA,NA,NA,NA,NA,NA,NA
-0.058,-0.259,-0.233,0.195,0.363,0.384,0.388,0.119,0.335,0.048,0.328,0.296,-0.302,0.409,1,NA,NA,NA,NA,NA,NA,NA,NA,NA,NA,NA,NA,NA,NA,NA,NA,NA,NA,NA,NA,NA,NA,NA,NA,NA,NA,NA
-0.364,-0.359,-0.443,0.295,0.646,0.691,0.651,0.217,0.562,0.103,0.657,0.593,-0.532,0.492,0.335,1,NA,NA,NA,NA,NA,NA,NA,NA,NA,NA,NA,NA,NA,NA,NA,NA,NA,NA,NA,NA,NA,NA,NA,NA,NA,NA
-0.131,-0.339,-0.358,0.242,0.371,0.344,0.485,-0.05,0.414,0.005,0.428,0.423,-0.238,0.271,0.329,0.433,1,NA,NA,NA,NA,NA,NA,NA,NA,NA,NA,NA,NA,NA,NA,NA,NA,NA,NA,NA,NA,NA,NA,NA,NA,NA
-0.489,-0.629,-0.615,0.342,0.505,0.581,0.657,0.369,0.623,0.044,0.617,0.581,-0.628,0.509,0.34,0.653,0.464,1,NA,NA,NA,NA,NA,NA,NA,NA,NA,NA,NA,NA,NA,NA,NA,NA,NA,NA,NA,NA,NA,NA,NA,NA
-0.08,0.023,-0.149,0.36,0.36,0.432,0.341,0.06,0.359,0.262,0.42,0.299,-0.201,0.216,0.173,0.495,0.118,0.312,1,NA,NA,NA,NA,NA,NA,NA,NA,NA,NA,NA,NA,NA,NA,NA,NA,NA,NA,NA,NA,NA,NA,NA
-0.282,-0.414,-0.516,0.237,0.369,0.517,0.589,0.182,0.509,0.118,0.578,0.491,-0.572,0.436,0.196,0.559,0.286,0.652,0.293,1,NA,NA,NA,NA,NA,NA,NA,NA,NA,NA,NA,NA,NA,NA,NA,NA,NA,NA,NA,NA,NA,NA
-0.385,-0.425,-0.468,0.366,0.365,0.604,0.661,0.366,0.448,0.206,0.546,0.523,-0.536,0.318,0.394,0.535,0.196,0.704,0.213,0.538,1,NA,NA,NA,NA,NA,NA,NA,NA,NA,NA,NA,NA,NA,NA,NA,NA,NA,NA,NA,NA,NA
0,0,0,0,0,0,0,0,0,0,0,0,0,0,0,0,0,0,0,0,0,0.886,NA,NA,NA,NA,NA,NA,NA,NA,NA,NA,NA,NA,NA,NA,NA,NA,NA,NA,NA,NA
0,0,0,0,0,0,0,0,0,0,0,0,0,0,0,0,0,0,0,0,0,0.496,0.83,NA,NA,NA,NA,NA,NA,NA,NA,NA,NA,NA,NA,NA,NA,NA,NA,NA,NA,NA
0,0,0,0,0,0,0,0,0,0,0,0,0,0,0,0,0,0,0,0,0,0.366,0.651,0.896,NA,NA,NA,NA,NA,NA,NA,NA,NA,NA,NA,NA,NA,NA,NA,NA,NA,NA
0,0,0,0,0,0,0,0,0,0,0,0,0,0,0,0,0,0,0,0,0,-0.176,-0.295,-0.318,0.956,NA,NA,NA,NA,NA,NA,NA,NA,NA,NA,NA,NA,NA,NA,NA,NA,NA
0,0,0,0,0,0,0,0,0,0,0,0,0,0,0,0,0,0,0,0,0,-0.092,-0.345,-0.413,0.333,0.821,NA,NA,NA,NA,NA,NA,NA,NA,NA,NA,NA,NA,NA,NA,NA,NA
0,0,0,0,0,0,0,0,0,0,0,0,0,0,0,0,0,0,0,0,0,-0.118,-0.295,-0.356,0.394,0.602,0.811,NA,NA,NA,NA,NA,NA,NA,NA,NA,NA,NA,NA,NA,NA,NA
0,0,0,0,0,0,0,0,0,0,0,0,0,0,0,0,0,0,0,0,0,-0.148,-0.32,-0.452,0.312,0.433,0.421,0.792,NA,NA,NA,NA,NA,NA,NA,NA,NA,NA,NA,NA,NA,NA
0,0,0,0,0,0,0,0,0,0,0,0,0,0,0,0,0,0,0,0,0,-0.151,-0.238,-0.213,0.287,0.319,0.297,0.146,0.944,NA,NA,NA,NA,NA,NA,NA,NA,NA,NA,NA,NA,NA
0,0,0,0,0,0,0,0,0,0,0,0,0,0,0,0,0,0,0,0,0,-0.278,-0.453,-0.571,0.398,0.427,0.434,0.534,0.135,0.939,NA,NA,NA,NA,NA,NA,NA,NA,NA,NA,NA,NA
0,0,0,0,0,0,0,0,0,0,0,0,0,0,0,0,0,0,0,0,0,0.044,-0.096,-0.171,0.622,0.129,0.265,0.211,0.18,0.225,0.929,NA,NA,NA,NA,NA,NA,NA,NA,NA,NA,NA
0,0,0,0,0,0,0,0,0,0,0,0,0,0,0,0,0,0,0,0,0,-0.234,-0.366,-0.55,0.452,0.505,0.571,0.603,0.077,0.702,0.289,0.903,NA,NA,NA,NA,NA,NA,NA,NA,NA,NA
0,0,0,0,0,0,0,0,0,0,0,0,0,0,0,0,0,0,0,0,0,-0.366,-0.459,-0.479,0.394,0.347,0.416,0.541,0.089,0.586,0.274,0.628,0.857,NA,NA,NA,NA,NA,NA,NA,NA,NA
0,0,0,0,0,0,0,0,0,0,0,0,0,0,0,0,0,0,0,0,0,0.427,0.522,0.665,-0.197,-0.45,-0.477,-0.409,-0.215,-0.482,-0.062,-0.488,-0.486,0.913,NA,NA,NA,NA,NA,NA,NA,NA
0,0,0,0,0,0,0,0,0,0,0,0,0,0,0,0,0,0,0,0,0,-0.319,-0.344,-0.332,-0.025,0.277,0.187,0.284,0.241,0.228,-0.186,0.211,0.24,-0.368,0.766,NA,NA,NA,NA,NA,NA,NA
0,0,0,0,0,0,0,0,0,0,0,0,0,0,0,0,0,0,0,0,0,-0.008,-0.206,-0.189,0.225,0.336,0.27,0.277,0.107,0.296,0.083,0.265,0.225,-0.241,0.261,0.912,NA,NA,NA,NA,NA,NA
0,0,0,0,0,0,0,0,0,0,0,0,0,0,0,0,0,0,0,0,0,-0.239,-0.315,-0.397,0.171,0.525,0.442,0.427,0.108,0.408,-0.027,0.48,0.386,-0.377,0.32,0.198,0.775,NA,NA,NA,NA,NA
0,0,0,0,0,0,0,0,0,0,0,0,0,0,0,0,0,0,0,0,0,-0.055,-0.3,-0.291,0.207,0.31,0.205,0.41,-0.104,0.325,-0.009,0.351,0.351,-0.169,0.18,0.221,0.341,0.814,NA,NA,NA,NA
0,0,0,0,0,0,0,0,0,0,0,0,0,0,0,0,0,0,0,0,0,-0.34,-0.526,-0.522,0.273,0.439,0.371,0.429,0.278,0.487,-0.06,0.466,0.385,-0.454,0.345,0.221,0.45,0.309,0.824,NA,NA,NA
0,0,0,0,0,0,0,0,0,0,0,0,0,0,0,0,0,0,0,0,0,-0.059,-0.005,-0.156,0.342,0.199,0.198,0.098,0.04,0.27,0.243,0.263,0.157,-0.115,0.078,0.047,0.275,-0.027,0.188,0.767,NA,NA
0,0,0,0,0,0,0,0,0,0,0,0,0,0,0,0,0,0,0,0,0,-0.163,-0.293,-0.374,0.158,0.307,0.279,0.269,0.041,0.313,-0.001,0.362,0.264,-0.38,0.272,0.039,0.362,0.164,0.447,0.231,0.757,NA
0,0,0,0,0,0,0,0,0,0,0,0,0,0,0,0,0,0,0,0,0,-0.223,-0.321,-0.334,0.245,0.291,0.322,0.38,0.259,0.275,0.098,0.341,0.27,-0.338,0.143,0.254,0.177,0.035,0.444,-0.006,0.228,0.708
