"energ","enthus","content","irrit","restl","worry","guilty","afraid","anhed","angry","hopel","down","positive","fatigue","tension","concent","ruminate","avoida","reass","procr","avoidp","energ1","enthus1","content1","irrit1","restl1","worry1","guilty1","afraid1","anhed1","angry1","hopel1","down1","positive1","fatigue1","tension1","concent1","ruminate","avoida1","reass1","procr1","avoidp1"
1,NA,NA,NA,NA,NA,NA,NA,NA,NA,NA,NA,NA,NA,NA,NA,NA,NA,NA,NA,NA,NA,NA,NA,NA,NA,NA,NA,NA,NA,NA,NA,NA,NA,NA,NA,NA,NA,NA,NA,NA,NA
0.338,1,NA,NA,NA,NA,NA,NA,NA,NA,NA,NA,NA,NA,NA,NA,NA,NA,NA,NA,NA,NA,NA,NA,NA,NA,NA,NA,NA,NA,NA,NA,NA,NA,NA,NA,NA,NA,NA,NA,NA,NA
0.424,0.524,1,NA,NA,NA,NA,NA,NA,NA,NA,NA,NA,NA,NA,NA,NA,NA,NA,NA,NA,NA,NA,NA,NA,NA,NA,NA,NA,NA,NA,NA,NA,NA,NA,NA,NA,NA,NA,NA,NA,NA
-0.214,-0.137,-0.172,1,NA,NA,NA,NA,NA,NA,NA,NA,NA,NA,NA,NA,NA,NA,NA,NA,NA,NA,NA,NA,NA,NA,NA,NA,NA,NA,NA,NA,NA,NA,NA,NA,NA,NA,NA,NA,NA,NA
0.063,0.199,0.124,-0.335,1,NA,NA,NA,NA,NA,NA,NA,NA,NA,NA,NA,NA,NA,NA,NA,NA,NA,NA,NA,NA,NA,NA,NA,NA,NA,NA,NA,NA,NA,NA,NA,NA,NA,NA,NA,NA,NA
-0.254,-0.241,-0.435,0.26,-0.183,1,NA,NA,NA,NA,NA,NA,NA,NA,NA,NA,NA,NA,NA,NA,NA,NA,NA,NA,NA,NA,NA,NA,NA,NA,NA,NA,NA,NA,NA,NA,NA,NA,NA,NA,NA,NA
0.033,-0.012,0.122,-0.006,-0.214,0.227,1,NA,NA,NA,NA,NA,NA,NA,NA,NA,NA,NA,NA,NA,NA,NA,NA,NA,NA,NA,NA,NA,NA,NA,NA,NA,NA,NA,NA,NA,NA,NA,NA,NA,NA,NA
0.14,0.446,0.325,-0.122,0.228,-0.212,0.241,1,NA,NA,NA,NA,NA,NA,NA,NA,NA,NA,NA,NA,NA,NA,NA,NA,NA,NA,NA,NA,NA,NA,NA,NA,NA,NA,NA,NA,NA,NA,NA,NA,NA,NA
0.114,0.075,0.217,-0.018,-0.074,-0.087,0.184,0.387,1,NA,NA,NA,NA,NA,NA,NA,NA,NA,NA,NA,NA,NA,NA,NA,NA,NA,NA,NA,NA,NA,NA,NA,NA,NA,NA,NA,NA,NA,NA,NA,NA,NA
0.043,0.203,0.222,0.264,-0.038,0.142,0.068,0.181,0.372,1,NA,NA,NA,NA,NA,NA,NA,NA,NA,NA,NA,NA,NA,NA,NA,NA,NA,NA,NA,NA,NA,NA,NA,NA,NA,NA,NA,NA,NA,NA,NA,NA
-0.01,-0.052,0.005,0.252,-0.274,0.105,0.203,0.205,0.256,0.088,1,NA,NA,NA,NA,NA,NA,NA,NA,NA,NA,NA,NA,NA,NA,NA,NA,NA,NA,NA,NA,NA,NA,NA,NA,NA,NA,NA,NA,NA,NA,NA
-0.295,-0.201,-0.287,0.373,-0.138,0.195,0.1,-0.044,0.023,0.153,0.29,1,NA,NA,NA,NA,NA,NA,NA,NA,NA,NA,NA,NA,NA,NA,NA,NA,NA,NA,NA,NA,NA,NA,NA,NA,NA,NA,NA,NA,NA,NA
0.444,0.39,0.54,-0.33,0.082,-0.647,0.014,0.184,0.161,0.007,-0.108,-0.133,1,NA,NA,NA,NA,NA,NA,NA,NA,NA,NA,NA,NA,NA,NA,NA,NA,NA,NA,NA,NA,NA,NA,NA,NA,NA,NA,NA,NA,NA
0.079,0.006,-0.059,0.202,0.144,-0.027,-0.136,0.021,0.031,0.142,0.299,0.42,0.024,1,NA,NA,NA,NA,NA,NA,NA,NA,NA,NA,NA,NA,NA,NA,NA,NA,NA,NA,NA,NA,NA,NA,NA,NA,NA,NA,NA,NA
0.202,0.043,-0.034,0.195,0.027,0.042,-0.067,0.015,-0.203,-0.082,-0.005,0.172,0.117,0.143,1,NA,NA,NA,NA,NA,NA,NA,NA,NA,NA,NA,NA,NA,NA,NA,NA,NA,NA,NA,NA,NA,NA,NA,NA,NA,NA,NA
-0.255,-0.33,-0.261,0.529,-0.141,0.313,-0.041,-0.09,0.195,0.177,0.193,0.501,-0.325,0.201,0.075,1,NA,NA,NA,NA,NA,NA,NA,NA,NA,NA,NA,NA,NA,NA,NA,NA,NA,NA,NA,NA,NA,NA,NA,NA,NA,NA
0.251,0.118,0.065,0.196,-0.154,0.098,0.103,-0.138,-0.037,0.076,0.091,0.148,0.049,0.117,0.37,-0.008,1,NA,NA,NA,NA,NA,NA,NA,NA,NA,NA,NA,NA,NA,NA,NA,NA,NA,NA,NA,NA,NA,NA,NA,NA,NA
-0.228,0.042,-0.065,0.219,0.062,0.084,-0.075,-0.03,0.159,0.121,0.092,0.165,-0.068,0.078,0.152,0.359,0.112,1,NA,NA,NA,NA,NA,NA,NA,NA,NA,NA,NA,NA,NA,NA,NA,NA,NA,NA,NA,NA,NA,NA,NA,NA
0.362,0.204,0.438,-0.307,0.329,-0.503,0.012,0.188,-0.009,-0.249,-0.198,-0.397,0.518,-0.098,0.113,-0.477,-0.022,-0.107,1,NA,NA,NA,NA,NA,NA,NA,NA,NA,NA,NA,NA,NA,NA,NA,NA,NA,NA,NA,NA,NA,NA,NA
-0.34,-0.083,-0.22,0.15,-0.01,0.301,0.089,0.04,-0.025,0.044,0.023,0.254,-0.235,-0.023,0.347,0.193,0.21,0.271,-0.14,1,NA,NA,NA,NA,NA,NA,NA,NA,NA,NA,NA,NA,NA,NA,NA,NA,NA,NA,NA,NA,NA,NA
-0.089,-0.048,-0.104,0.212,0.003,0.253,0.233,-0.002,0.044,0.165,-0.001,0.176,-0.169,-0.084,0.026,0.233,0.092,0.391,-0.08,0.03,1,NA,NA,NA,NA,NA,NA,NA,NA,NA,NA,NA,NA,NA,NA,NA,NA,NA,NA,NA,NA,NA
0,0,0,0,0,0,0,0,0,0,0,0,0,0,0,0,0,0,0,0,0,0.909,NA,NA,NA,NA,NA,NA,NA,NA,NA,NA,NA,NA,NA,NA,NA,NA,NA,NA,NA,NA
0,0,0,0,0,0,0,0,0,0,0,0,0,0,0,0,0,0,0,0,0,0.304,0.944,NA,NA,NA,NA,NA,NA,NA,NA,NA,NA,NA,NA,NA,NA,NA,NA,NA,NA,NA
0,0,0,0,0,0,0,0,0,0,0,0,0,0,0,0,0,0,0,0,0,0.367,0.462,0.93,NA,NA,NA,NA,NA,NA,NA,NA,NA,NA,NA,NA,NA,NA,NA,NA,NA,NA
0,0,0,0,0,0,0,0,0,0,0,0,0,0,0,0,0,0,0,0,0,-0.131,-0.115,-0.145,0.734,NA,NA,NA,NA,NA,NA,NA,NA,NA,NA,NA,NA,NA,NA,NA,NA,NA
0,0,0,0,0,0,0,0,0,0,0,0,0,0,0,0,0,0,0,0,0,0.038,0.192,0.119,-0.295,0.971,NA,NA,NA,NA,NA,NA,NA,NA,NA,NA,NA,NA,NA,NA,NA,NA
0,0,0,0,0,0,0,0,0,0,0,0,0,0,0,0,0,0,0,0,0,-0.127,-0.201,-0.322,0.237,-0.154,0.885,NA,NA,NA,NA,NA,NA,NA,NA,NA,NA,NA,NA,NA,NA,NA
0,0,0,0,0,0,0,0,0,0,0,0,0,0,0,0,0,0,0,0,0,0.058,-0.006,0.136,0.027,-0.229,0.189,0.975,NA,NA,NA,NA,NA,NA,NA,NA,NA,NA,NA,NA,NA,NA
0,0,0,0,0,0,0,0,0,0,0,0,0,0,0,0,0,0,0,0,0,0.14,0.446,0.308,-0.124,0.231,-0.161,0.204,0.923,NA,NA,NA,NA,NA,NA,NA,NA,NA,NA,NA,NA,NA
0,0,0,0,0,0,0,0,0,0,0,0,0,0,0,0,0,0,0,0,0,0.095,0.041,0.086,-0.01,-0.103,0.073,0.15,0.312,0.812,NA,NA,NA,NA,NA,NA,NA,NA,NA,NA,NA,NA
0,0,0,0,0,0,0,0,0,0,0,0,0,0,0,0,0,0,0,0,0,0.108,0.192,0.185,0.128,-0.032,0.125,0.05,0.211,0.281,0.743,NA,NA,NA,NA,NA,NA,NA,NA,NA,NA,NA
0,0,0,0,0,0,0,0,0,0,0,0,0,0,0,0,0,0,0,0,0,0.081,-0.042,0.031,0.241,-0.309,0.13,0.222,0.107,0.191,0.042,0.838,NA,NA,NA,NA,NA,NA,NA,NA,NA,NA
0,0,0,0,0,0,0,0,0,0,0,0,0,0,0,0,0,0,0,0,0,-0.219,-0.202,-0.275,0.247,-0.136,0.208,0.096,-0.094,0.042,0.117,0.272,0.892,NA,NA,NA,NA,NA,NA,NA,NA,NA
0,0,0,0,0,0,0,0,0,0,0,0,0,0,0,0,0,0,0,0,0,0.34,0.35,0.432,-0.281,0.049,-0.551,0.034,0.173,0.026,0.067,-0.041,-0.078,0.906,NA,NA,NA,NA,NA,NA,NA,NA
0,0,0,0,0,0,0,0,0,0,0,0,0,0,0,0,0,0,0,0,0,0.128,-0.102,-0.123,0.123,0.085,0.033,-0.07,-0.072,-0.053,-0.018,0.29,0.334,0.044,0.77,NA,NA,NA,NA,NA,NA,NA
0,0,0,0,0,0,0,0,0,0,0,0,0,0,0,0,0,0,0,0,0,0.242,0.001,0.003,0.084,0.047,0.014,-0.017,0.04,-0.118,-0.012,0.07,0.143,0.159,0.181,0.939,NA,NA,NA,NA,NA,NA
0,0,0,0,0,0,0,0,0,0,0,0,0,0,0,0,0,0,0,0,0,-0.164,-0.265,-0.215,0.355,-0.113,0.305,0.025,-0.074,0.241,0.133,0.127,0.424,-0.275,0.1,0.026,0.81,NA,NA,NA,NA,NA
0,0,0,0,0,0,0,0,0,0,0,0,0,0,0,0,0,0,0,0,0,0.261,0.09,0.076,0.155,-0.112,0.071,0.107,-0.097,0,0.109,0.156,0.094,0.071,0.099,0.322,-0.039,0.895,NA,NA,NA,NA
0,0,0,0,0,0,0,0,0,0,0,0,0,0,0,0,0,0,0,0,0,-0.188,0.066,-0.059,0.245,0.081,0.137,-0.112,-0.078,0.092,0.121,0.015,0.112,-0.122,-0.034,0.114,0.353,0.151,0.913,NA,NA,NA
0,0,0,0,0,0,0,0,0,0,0,0,0,0,0,0,0,0,0,0,0,0.261,0.203,0.423,-0.207,0.343,-0.453,0.001,0.178,-0.066,-0.188,-0.125,-0.366,0.417,-0.039,0.19,-0.415,-0.002,-0.077,0.934,NA,NA
0,0,0,0,0,0,0,0,0,0,0,0,0,0,0,0,0,0,0,0,0,-0.306,-0.055,-0.191,0.132,-0.02,0.268,0.028,0.026,0.003,0.077,0.013,0.215,-0.205,-0.051,0.31,0.23,0.176,0.198,-0.079,0.921,NA
0,0,0,0,0,0,0,0,0,0,0,0,0,0,0,0,0,0,0,0,0,-0.026,0.007,0.031,0.174,0.011,0.191,0.251,0.063,0.139,0.115,0.03,0.113,-0.111,-0.174,0.009,0.157,0.044,0.371,0.049,0.009,0.818
