"energ","enthus","content","irrit","restl","worry","guilty","afraid","anhed","angry","hopel","down","positive","fatigue","tension","concent","ruminate","avoida","reass","procr","avoidp","energ1","enthus1","content1","irrit1","restl1","worry1","guilty1","afraid1","anhed1","angry1","hopel1","down1","positive1","fatigue1","tension1","concent1","ruminate","avoida1","reass1","procr1","avoidp1"
1,NA,NA,NA,NA,NA,NA,NA,NA,NA,NA,NA,NA,NA,NA,NA,NA,NA,NA,NA,NA,NA,NA,NA,NA,NA,NA,NA,NA,NA,NA,NA,NA,NA,NA,NA,NA,NA,NA,NA,NA,NA
0.504,1,NA,NA,NA,NA,NA,NA,NA,NA,NA,NA,NA,NA,NA,NA,NA,NA,NA,NA,NA,NA,NA,NA,NA,NA,NA,NA,NA,NA,NA,NA,NA,NA,NA,NA,NA,NA,NA,NA,NA,NA
0.134,0.389,1,NA,NA,NA,NA,NA,NA,NA,NA,NA,NA,NA,NA,NA,NA,NA,NA,NA,NA,NA,NA,NA,NA,NA,NA,NA,NA,NA,NA,NA,NA,NA,NA,NA,NA,NA,NA,NA,NA,NA
0.036,-0.199,-0.404,1,NA,NA,NA,NA,NA,NA,NA,NA,NA,NA,NA,NA,NA,NA,NA,NA,NA,NA,NA,NA,NA,NA,NA,NA,NA,NA,NA,NA,NA,NA,NA,NA,NA,NA,NA,NA,NA,NA
0.329,0.059,-0.246,0.165,1,NA,NA,NA,NA,NA,NA,NA,NA,NA,NA,NA,NA,NA,NA,NA,NA,NA,NA,NA,NA,NA,NA,NA,NA,NA,NA,NA,NA,NA,NA,NA,NA,NA,NA,NA,NA,NA
0.219,0.003,-0.49,0.419,0.277,1,NA,NA,NA,NA,NA,NA,NA,NA,NA,NA,NA,NA,NA,NA,NA,NA,NA,NA,NA,NA,NA,NA,NA,NA,NA,NA,NA,NA,NA,NA,NA,NA,NA,NA,NA,NA
0.078,-0.296,-0.244,0.245,0.149,0.311,1,NA,NA,NA,NA,NA,NA,NA,NA,NA,NA,NA,NA,NA,NA,NA,NA,NA,NA,NA,NA,NA,NA,NA,NA,NA,NA,NA,NA,NA,NA,NA,NA,NA,NA,NA
0.275,-0.022,-0.321,0.382,0.188,0.616,0.364,1,NA,NA,NA,NA,NA,NA,NA,NA,NA,NA,NA,NA,NA,NA,NA,NA,NA,NA,NA,NA,NA,NA,NA,NA,NA,NA,NA,NA,NA,NA,NA,NA,NA,NA
-0.158,-0.318,-0.249,0.286,-0.006,0.337,0.556,0.509,1,NA,NA,NA,NA,NA,NA,NA,NA,NA,NA,NA,NA,NA,NA,NA,NA,NA,NA,NA,NA,NA,NA,NA,NA,NA,NA,NA,NA,NA,NA,NA,NA,NA
0.133,-0.132,-0.341,0.755,0.217,0.31,0.334,0.304,0.165,1,NA,NA,NA,NA,NA,NA,NA,NA,NA,NA,NA,NA,NA,NA,NA,NA,NA,NA,NA,NA,NA,NA,NA,NA,NA,NA,NA,NA,NA,NA,NA,NA
0.037,-0.27,-0.224,0.371,0.029,0.255,0.592,0.254,0.426,0.441,1,NA,NA,NA,NA,NA,NA,NA,NA,NA,NA,NA,NA,NA,NA,NA,NA,NA,NA,NA,NA,NA,NA,NA,NA,NA,NA,NA,NA,NA,NA,NA
-0.077,-0.28,-0.179,0.185,-0.08,0.223,0.608,0.421,0.643,0.257,0.489,1,NA,NA,NA,NA,NA,NA,NA,NA,NA,NA,NA,NA,NA,NA,NA,NA,NA,NA,NA,NA,NA,NA,NA,NA,NA,NA,NA,NA,NA,NA
0.35,0.572,0.442,-0.123,-0.024,-0.18,-0.148,-0.134,-0.313,-0.017,-0.15,-0.116,1,NA,NA,NA,NA,NA,NA,NA,NA,NA,NA,NA,NA,NA,NA,NA,NA,NA,NA,NA,NA,NA,NA,NA,NA,NA,NA,NA,NA,NA
-0.25,-0.309,-0.226,0.202,0.056,0.152,0.298,0.122,0.434,0.064,0.261,0.243,-0.345,1,NA,NA,NA,NA,NA,NA,NA,NA,NA,NA,NA,NA,NA,NA,NA,NA,NA,NA,NA,NA,NA,NA,NA,NA,NA,NA,NA,NA
0.04,-0.083,-0.256,0.408,0.259,0.196,0.101,0.096,0.099,0.303,0.247,-0.046,-0.062,0.318,1,NA,NA,NA,NA,NA,NA,NA,NA,NA,NA,NA,NA,NA,NA,NA,NA,NA,NA,NA,NA,NA,NA,NA,NA,NA,NA,NA
0.094,-0.26,-0.296,0.33,0.307,0.287,0.34,0.26,0.232,0.372,0.242,0.188,-0.171,0.31,0.441,1,NA,NA,NA,NA,NA,NA,NA,NA,NA,NA,NA,NA,NA,NA,NA,NA,NA,NA,NA,NA,NA,NA,NA,NA,NA,NA
0.093,-0.063,-0.219,0.222,0.05,0.266,0.57,0.412,0.443,0.332,0.492,0.557,-0.023,0.226,0.156,0.358,1,NA,NA,NA,NA,NA,NA,NA,NA,NA,NA,NA,NA,NA,NA,NA,NA,NA,NA,NA,NA,NA,NA,NA,NA,NA
-0.202,-0.358,-0.223,0.167,0.172,0.074,0.004,0.019,0.126,0.128,0.237,0.015,-0.155,0.183,0.214,0.178,0.033,1,NA,NA,NA,NA,NA,NA,NA,NA,NA,NA,NA,NA,NA,NA,NA,NA,NA,NA,NA,NA,NA,NA,NA,NA
0.089,-0.04,-0.042,0.104,0.183,0.242,0.289,0.191,0.2,0.186,0.119,0.232,-0.066,0.122,0.037,0.272,0.348,-0.197,1,NA,NA,NA,NA,NA,NA,NA,NA,NA,NA,NA,NA,NA,NA,NA,NA,NA,NA,NA,NA,NA,NA,NA
0.09,-0.207,-0.23,0.154,0.117,0.177,0.379,0.249,0.327,0.141,0.35,0.19,-0.111,0.254,0.244,0.403,0.346,0.356,0.029,1,NA,NA,NA,NA,NA,NA,NA,NA,NA,NA,NA,NA,NA,NA,NA,NA,NA,NA,NA,NA,NA,NA
-0.206,-0.232,-0.17,0.326,0.081,0.247,0.105,0.025,0.268,0.137,0.195,0.087,-0.302,0.404,0.1,0.032,0.03,0.454,-0.045,0.068,1,NA,NA,NA,NA,NA,NA,NA,NA,NA,NA,NA,NA,NA,NA,NA,NA,NA,NA,NA,NA,NA
0,0,0,0,0,0,0,0,0,0,0,0,0,0,0,0,0,0,0,0,0,0.899,NA,NA,NA,NA,NA,NA,NA,NA,NA,NA,NA,NA,NA,NA,NA,NA,NA,NA,NA,NA
0,0,0,0,0,0,0,0,0,0,0,0,0,0,0,0,0,0,0,0,0,0.455,0.884,NA,NA,NA,NA,NA,NA,NA,NA,NA,NA,NA,NA,NA,NA,NA,NA,NA,NA,NA
0,0,0,0,0,0,0,0,0,0,0,0,0,0,0,0,0,0,0,0,0,0.185,0.329,0.877,NA,NA,NA,NA,NA,NA,NA,NA,NA,NA,NA,NA,NA,NA,NA,NA,NA,NA
0,0,0,0,0,0,0,0,0,0,0,0,0,0,0,0,0,0,0,0,0,0.011,-0.198,-0.313,0.849,NA,NA,NA,NA,NA,NA,NA,NA,NA,NA,NA,NA,NA,NA,NA,NA,NA
0,0,0,0,0,0,0,0,0,0,0,0,0,0,0,0,0,0,0,0,0,0.286,-0.014,-0.174,0.09,0.97,NA,NA,NA,NA,NA,NA,NA,NA,NA,NA,NA,NA,NA,NA,NA,NA
0,0,0,0,0,0,0,0,0,0,0,0,0,0,0,0,0,0,0,0,0,0.169,-0.044,-0.426,0.362,0.21,0.876,NA,NA,NA,NA,NA,NA,NA,NA,NA,NA,NA,NA,NA,NA,NA
0,0,0,0,0,0,0,0,0,0,0,0,0,0,0,0,0,0,0,0,0,0.032,-0.239,-0.208,0.222,0.151,0.312,0.886,NA,NA,NA,NA,NA,NA,NA,NA,NA,NA,NA,NA,NA,NA
0,0,0,0,0,0,0,0,0,0,0,0,0,0,0,0,0,0,0,0,0,0.218,-0.052,-0.251,0.386,0.176,0.49,0.341,0.788,NA,NA,NA,NA,NA,NA,NA,NA,NA,NA,NA,NA,NA
0,0,0,0,0,0,0,0,0,0,0,0,0,0,0,0,0,0,0,0,0,-0.233,-0.317,-0.269,0.33,0.073,0.353,0.428,0.451,0.81,NA,NA,NA,NA,NA,NA,NA,NA,NA,NA,NA,NA
0,0,0,0,0,0,0,0,0,0,0,0,0,0,0,0,0,0,0,0,0,0.136,-0.094,-0.258,0.637,0.168,0.278,0.328,0.31,0.21,0.899,NA,NA,NA,NA,NA,NA,NA,NA,NA,NA,NA
0,0,0,0,0,0,0,0,0,0,0,0,0,0,0,0,0,0,0,0,0,0.051,-0.137,-0.197,0.355,0.04,0.293,0.482,0.291,0.381,0.406,0.859,NA,NA,NA,NA,NA,NA,NA,NA,NA,NA
0,0,0,0,0,0,0,0,0,0,0,0,0,0,0,0,0,0,0,0,0,-0.092,-0.283,-0.289,0.314,0.031,0.291,0.499,0.38,0.429,0.339,0.363,0.7,NA,NA,NA,NA,NA,NA,NA,NA,NA
0,0,0,0,0,0,0,0,0,0,0,0,0,0,0,0,0,0,0,0,0,0.36,0.48,0.366,-0.12,-0.035,-0.166,-0.142,-0.074,-0.295,-0.021,-0.093,-0.141,0.878,NA,NA,NA,NA,NA,NA,NA,NA
0,0,0,0,0,0,0,0,0,0,0,0,0,0,0,0,0,0,0,0,0,-0.282,-0.31,-0.224,0.257,0.065,0.234,0.263,0.199,0.393,0.132,0.267,0.279,-0.335,0.905,NA,NA,NA,NA,NA,NA,NA
0,0,0,0,0,0,0,0,0,0,0,0,0,0,0,0,0,0,0,0,0,0.06,-0.04,-0.182,0.332,0.216,0.192,0.034,0.127,0.112,0.265,0.209,0.062,-0.087,0.247,0.833,NA,NA,NA,NA,NA,NA
0,0,0,0,0,0,0,0,0,0,0,0,0,0,0,0,0,0,0,0,0,0.047,-0.28,-0.259,0.265,0.28,0.28,0.283,0.285,0.257,0.328,0.188,0.287,-0.207,0.322,0.35,0.927,NA,NA,NA,NA,NA
0,0,0,0,0,0,0,0,0,0,0,0,0,0,0,0,0,0,0,0,0,0.002,-0.033,-0.242,0.231,0.047,0.3,0.476,0.396,0.335,0.34,0.443,0.395,-0.045,0.2,0.153,0.31,0.908,NA,NA,NA,NA
0,0,0,0,0,0,0,0,0,0,0,0,0,0,0,0,0,0,0,0,0,-0.186,-0.272,-0.148,0.097,0.185,0.082,-0.064,0.045,0.179,0.089,0.143,0.092,-0.112,0.181,0.075,0.151,0.067,0.921,NA,NA,NA
0,0,0,0,0,0,0,0,0,0,0,0,0,0,0,0,0,0,0,0,0,0.017,-0.143,-0.088,0.153,0.178,0.209,0.36,0.147,0.122,0.219,0.155,0.188,-0.103,0.142,0.158,0.313,0.293,-0.095,0.889,NA,NA
0,0,0,0,0,0,0,0,0,0,0,0,0,0,0,0,0,0,0,0,0,0.075,-0.072,-0.17,0.054,0.134,0.229,0.207,0.254,0.184,0.067,0.162,0.139,-0.07,0.152,0.083,0.3,0.25,0.251,0.144,0.722,NA
0,0,0,0,0,0,0,0,0,0,0,0,0,0,0,0,0,0,0,0,0,-0.146,-0.152,-0.14,0.299,0.125,0.293,0.104,0.091,0.267,0.135,0.167,0.145,-0.274,0.399,0.074,0.07,0.048,0.41,0.023,0.038,0.901
