"energ","enthus","content","irrit","restl","worry","guilty","afraid","anhed","angry","hopel","down","positive","fatigue","tension","concent","ruminate","avoida","reass","procr","avoidp","energ1","enthus1","content1","irrit1","restl1","worry1","guilty1","afraid1","anhed1","angry1","hopel1","down1","positive1","fatigue1","tension1","concent1","ruminate","avoida1","reass1","procr1","avoidp1"
1,NA,NA,NA,NA,NA,NA,NA,NA,NA,NA,NA,NA,NA,NA,NA,NA,NA,NA,NA,NA,NA,NA,NA,NA,NA,NA,NA,NA,NA,NA,NA,NA,NA,NA,NA,NA,NA,NA,NA,NA,NA
0.51,1,NA,NA,NA,NA,NA,NA,NA,NA,NA,NA,NA,NA,NA,NA,NA,NA,NA,NA,NA,NA,NA,NA,NA,NA,NA,NA,NA,NA,NA,NA,NA,NA,NA,NA,NA,NA,NA,NA,NA,NA
0.274,0.545,1,NA,NA,NA,NA,NA,NA,NA,NA,NA,NA,NA,NA,NA,NA,NA,NA,NA,NA,NA,NA,NA,NA,NA,NA,NA,NA,NA,NA,NA,NA,NA,NA,NA,NA,NA,NA,NA,NA,NA
-0.355,-0.32,-0.462,1,NA,NA,NA,NA,NA,NA,NA,NA,NA,NA,NA,NA,NA,NA,NA,NA,NA,NA,NA,NA,NA,NA,NA,NA,NA,NA,NA,NA,NA,NA,NA,NA,NA,NA,NA,NA,NA,NA
-0.031,-0.28,-0.265,-0.122,1,NA,NA,NA,NA,NA,NA,NA,NA,NA,NA,NA,NA,NA,NA,NA,NA,NA,NA,NA,NA,NA,NA,NA,NA,NA,NA,NA,NA,NA,NA,NA,NA,NA,NA,NA,NA,NA
-0.078,-0.294,-0.447,0.32,0.179,1,NA,NA,NA,NA,NA,NA,NA,NA,NA,NA,NA,NA,NA,NA,NA,NA,NA,NA,NA,NA,NA,NA,NA,NA,NA,NA,NA,NA,NA,NA,NA,NA,NA,NA,NA,NA
-0.147,-0.185,-0.158,0.271,0.282,0.449,1,NA,NA,NA,NA,NA,NA,NA,NA,NA,NA,NA,NA,NA,NA,NA,NA,NA,NA,NA,NA,NA,NA,NA,NA,NA,NA,NA,NA,NA,NA,NA,NA,NA,NA,NA
-0.046,-0.076,-0.088,0.022,0.117,0.129,0.125,1,NA,NA,NA,NA,NA,NA,NA,NA,NA,NA,NA,NA,NA,NA,NA,NA,NA,NA,NA,NA,NA,NA,NA,NA,NA,NA,NA,NA,NA,NA,NA,NA,NA,NA
-0.386,-0.68,-0.524,0.35,0.205,0.224,0.098,0.052,1,NA,NA,NA,NA,NA,NA,NA,NA,NA,NA,NA,NA,NA,NA,NA,NA,NA,NA,NA,NA,NA,NA,NA,NA,NA,NA,NA,NA,NA,NA,NA,NA,NA
-0.224,-0.382,-0.305,0.461,0.081,0.273,0.239,-0.112,0.404,1,NA,NA,NA,NA,NA,NA,NA,NA,NA,NA,NA,NA,NA,NA,NA,NA,NA,NA,NA,NA,NA,NA,NA,NA,NA,NA,NA,NA,NA,NA,NA,NA
-0.077,0.04,0.024,0.265,-0.325,0.062,0.052,0.032,0.081,0.043,1,NA,NA,NA,NA,NA,NA,NA,NA,NA,NA,NA,NA,NA,NA,NA,NA,NA,NA,NA,NA,NA,NA,NA,NA,NA,NA,NA,NA,NA,NA,NA
-0.514,-0.506,-0.525,0.656,-0.08,0.25,0.091,-0.03,0.423,0.366,0.077,1,NA,NA,NA,NA,NA,NA,NA,NA,NA,NA,NA,NA,NA,NA,NA,NA,NA,NA,NA,NA,NA,NA,NA,NA,NA,NA,NA,NA,NA,NA
0.514,0.648,0.545,-0.478,-0.221,-0.216,-0.224,0.034,-0.56,-0.43,0.02,-0.561,1,NA,NA,NA,NA,NA,NA,NA,NA,NA,NA,NA,NA,NA,NA,NA,NA,NA,NA,NA,NA,NA,NA,NA,NA,NA,NA,NA,NA,NA
-0.689,-0.352,-0.15,0.488,0.028,0.035,0.124,0.07,0.26,0.213,0.014,0.462,-0.51,1,NA,NA,NA,NA,NA,NA,NA,NA,NA,NA,NA,NA,NA,NA,NA,NA,NA,NA,NA,NA,NA,NA,NA,NA,NA,NA,NA,NA
-0.098,-0.057,-0.218,0.234,-0.137,0.203,0.023,-0.204,0.033,0.171,0.081,0.3,-0.157,0.247,1,NA,NA,NA,NA,NA,NA,NA,NA,NA,NA,NA,NA,NA,NA,NA,NA,NA,NA,NA,NA,NA,NA,NA,NA,NA,NA,NA
-0.082,-0.295,-0.276,0.092,0.386,0.288,0.151,0.12,0.337,-0.068,-0.029,-0.053,-0.11,0.02,0.007,1,NA,NA,NA,NA,NA,NA,NA,NA,NA,NA,NA,NA,NA,NA,NA,NA,NA,NA,NA,NA,NA,NA,NA,NA,NA,NA
-0.156,-0.299,-0.353,0.396,0.219,0.186,0.22,-0.022,0.439,0.455,0.066,0.239,-0.366,0.13,-0.039,0.131,1,NA,NA,NA,NA,NA,NA,NA,NA,NA,NA,NA,NA,NA,NA,NA,NA,NA,NA,NA,NA,NA,NA,NA,NA,NA
-0.188,-0.156,-0.023,0.052,0.23,0.114,0.257,0.167,0.126,0.176,-0.127,0.057,-0.151,0.13,-0.024,-0.019,0.307,1,NA,NA,NA,NA,NA,NA,NA,NA,NA,NA,NA,NA,NA,NA,NA,NA,NA,NA,NA,NA,NA,NA,NA,NA
0.052,-0.185,-0.277,0.123,-0.074,0.289,0.094,0.148,0.253,0.139,0.112,0.218,-0.122,-0.025,0.109,0.033,0.363,-0.033,1,NA,NA,NA,NA,NA,NA,NA,NA,NA,NA,NA,NA,NA,NA,NA,NA,NA,NA,NA,NA,NA,NA,NA
0.002,-0.14,-0.207,0.15,-0.226,0.234,-0.034,0.141,0.108,-0.159,0.033,0.154,0.127,-0.034,0.078,0.196,-0.095,0.115,0.091,1,NA,NA,NA,NA,NA,NA,NA,NA,NA,NA,NA,NA,NA,NA,NA,NA,NA,NA,NA,NA,NA,NA
0.024,-0.095,-0.101,0.146,-0.014,0.22,-0.009,0.101,0.125,-0.089,0.053,0.14,0.055,-0.077,0.014,0.258,0.081,0.138,0.242,0.28,1,NA,NA,NA,NA,NA,NA,NA,NA,NA,NA,NA,NA,NA,NA,NA,NA,NA,NA,NA,NA,NA
0,0,0,0,0,0,0,0,0,0,0,0,0,0,0,0,0,0,0,0,0,0.769,NA,NA,NA,NA,NA,NA,NA,NA,NA,NA,NA,NA,NA,NA,NA,NA,NA,NA,NA,NA
0,0,0,0,0,0,0,0,0,0,0,0,0,0,0,0,0,0,0,0,0,0.376,0.72,NA,NA,NA,NA,NA,NA,NA,NA,NA,NA,NA,NA,NA,NA,NA,NA,NA,NA,NA
0,0,0,0,0,0,0,0,0,0,0,0,0,0,0,0,0,0,0,0,0,0.227,0.379,0.765,NA,NA,NA,NA,NA,NA,NA,NA,NA,NA,NA,NA,NA,NA,NA,NA,NA,NA
0,0,0,0,0,0,0,0,0,0,0,0,0,0,0,0,0,0,0,0,0,-0.112,-0.133,-0.267,0.639,NA,NA,NA,NA,NA,NA,NA,NA,NA,NA,NA,NA,NA,NA,NA,NA,NA
0,0,0,0,0,0,0,0,0,0,0,0,0,0,0,0,0,0,0,0,0,0.009,-0.104,-0.117,-0.173,0.75,NA,NA,NA,NA,NA,NA,NA,NA,NA,NA,NA,NA,NA,NA,NA,NA
0,0,0,0,0,0,0,0,0,0,0,0,0,0,0,0,0,0,0,0,0,0.017,-0.106,-0.165,0.087,0.113,0.562,NA,NA,NA,NA,NA,NA,NA,NA,NA,NA,NA,NA,NA,NA,NA
0,0,0,0,0,0,0,0,0,0,0,0,0,0,0,0,0,0,0,0,0,-0.063,-0.1,-0.077,0.045,0.249,0.207,0.64,NA,NA,NA,NA,NA,NA,NA,NA,NA,NA,NA,NA,NA,NA
0,0,0,0,0,0,0,0,0,0,0,0,0,0,0,0,0,0,0,0,0,0.047,0.035,-0.029,0.037,0.001,0.13,0.204,0.636,NA,NA,NA,NA,NA,NA,NA,NA,NA,NA,NA,NA,NA
0,0,0,0,0,0,0,0,0,0,0,0,0,0,0,0,0,0,0,0,0,-0.245,-0.404,-0.342,0.105,0.128,0.046,0.074,-0.008,0.677,NA,NA,NA,NA,NA,NA,NA,NA,NA,NA,NA,NA
0,0,0,0,0,0,0,0,0,0,0,0,0,0,0,0,0,0,0,0,0,-0.088,-0.111,-0.079,0.195,-0.033,0.081,0.027,-0.096,0.083,0.602,NA,NA,NA,NA,NA,NA,NA,NA,NA,NA,NA
0,0,0,0,0,0,0,0,0,0,0,0,0,0,0,0,0,0,0,0,0,-0.027,0.07,0.006,0.219,-0.187,0.033,0.058,0.101,0.048,0.028,0.83,NA,NA,NA,NA,NA,NA,NA,NA,NA,NA
0,0,0,0,0,0,0,0,0,0,0,0,0,0,0,0,0,0,0,0,0,-0.255,-0.312,-0.336,0.393,-0.12,0.018,-0.037,-0.059,0.163,0.138,0.021,0.641,NA,NA,NA,NA,NA,NA,NA,NA,NA
0,0,0,0,0,0,0,0,0,0,0,0,0,0,0,0,0,0,0,0,0,0.393,0.477,0.434,-0.25,-0.109,0.002,-0.099,0.058,-0.339,-0.13,0.059,-0.339,0.819,NA,NA,NA,NA,NA,NA,NA,NA
0,0,0,0,0,0,0,0,0,0,0,0,0,0,0,0,0,0,0,0,0,-0.4,-0.199,-0.119,0.243,-0.022,-0.019,-0.026,-0.013,0.071,0.058,-0.085,0.231,-0.372,0.74,NA,NA,NA,NA,NA,NA,NA
0,0,0,0,0,0,0,0,0,0,0,0,0,0,0,0,0,0,0,0,0,0.042,-0.031,-0.112,0.016,-0.005,0.087,-0.03,-0.043,-0.06,-0.039,0.051,0.069,-0.003,0.096,0.501,NA,NA,NA,NA,NA,NA
0,0,0,0,0,0,0,0,0,0,0,0,0,0,0,0,0,0,0,0,0,-0.01,-0.146,-0.142,-0.064,0.336,0.213,0.194,0.069,0.236,-0.125,-0.072,-0.17,-0.062,-0.044,-0.037,0.826,NA,NA,NA,NA,NA
0,0,0,0,0,0,0,0,0,0,0,0,0,0,0,0,0,0,0,0,0,-0.101,-0.149,-0.238,0.195,0.09,0.028,0.152,-0.013,0.276,0.184,0.098,0.09,-0.238,0.035,0.023,0.095,0.737,NA,NA,NA,NA
0,0,0,0,0,0,0,0,0,0,0,0,0,0,0,0,0,0,0,0,0,-0.11,-0.095,-0.034,0,0.145,0.003,0.195,0.051,0.122,0.047,-0.017,-0.014,-0.1,0.077,-0.062,0.041,0.217,0.763,NA,NA,NA
0,0,0,0,0,0,0,0,0,0,0,0,0,0,0,0,0,0,0,0,0,0.081,-0.093,-0.19,0.077,-0.025,0.104,0.101,0.108,0.121,0.053,0.089,0.131,-0.067,-0.013,0.135,-0.021,0.267,0.043,0.732,NA,NA
0,0,0,0,0,0,0,0,0,0,0,0,0,0,0,0,0,0,0,0,0,0.065,-0.059,-0.084,0.061,-0.157,0.166,0.006,0.008,0.071,-0.085,-0.01,0.069,0.128,-0.027,0.019,0.082,-0.057,0.075,0.054,0.754,NA
0,0,0,0,0,0,0,0,0,0,0,0,0,0,0,0,0,0,0,0,0,0.076,-0.028,-0.006,0.141,-0.014,0.211,0.062,0.032,0.065,0.01,0.051,0.12,0.067,-0.063,0.004,0.114,0.041,0.156,0.165,0.203,0.743
