"energ","enthus","content","irrit","restl","worry","guilty","afraid","anhed","angry","hopel","down","positive","fatigue","tension","concent","ruminate","avoida","reass","procr","avoidp","energ1","enthus1","content1","irrit1","restl1","worry1","guilty1","afraid1","anhed1","angry1","hopel1","down1","positive1","fatigue1","tension1","concent1","ruminate","avoida1","reass1","procr1","avoidp1"
1,NA,NA,NA,NA,NA,NA,NA,NA,NA,NA,NA,NA,NA,NA,NA,NA,NA,NA,NA,NA,NA,NA,NA,NA,NA,NA,NA,NA,NA,NA,NA,NA,NA,NA,NA,NA,NA,NA,NA,NA,NA
0.317,1,NA,NA,NA,NA,NA,NA,NA,NA,NA,NA,NA,NA,NA,NA,NA,NA,NA,NA,NA,NA,NA,NA,NA,NA,NA,NA,NA,NA,NA,NA,NA,NA,NA,NA,NA,NA,NA,NA,NA,NA
0.168,0.421,1,NA,NA,NA,NA,NA,NA,NA,NA,NA,NA,NA,NA,NA,NA,NA,NA,NA,NA,NA,NA,NA,NA,NA,NA,NA,NA,NA,NA,NA,NA,NA,NA,NA,NA,NA,NA,NA,NA,NA
0.171,-0.268,-0.403,1,NA,NA,NA,NA,NA,NA,NA,NA,NA,NA,NA,NA,NA,NA,NA,NA,NA,NA,NA,NA,NA,NA,NA,NA,NA,NA,NA,NA,NA,NA,NA,NA,NA,NA,NA,NA,NA,NA
0.069,-0.226,-0.413,0.474,1,NA,NA,NA,NA,NA,NA,NA,NA,NA,NA,NA,NA,NA,NA,NA,NA,NA,NA,NA,NA,NA,NA,NA,NA,NA,NA,NA,NA,NA,NA,NA,NA,NA,NA,NA,NA,NA
-0.109,-0.317,-0.37,0.403,0.425,1,NA,NA,NA,NA,NA,NA,NA,NA,NA,NA,NA,NA,NA,NA,NA,NA,NA,NA,NA,NA,NA,NA,NA,NA,NA,NA,NA,NA,NA,NA,NA,NA,NA,NA,NA,NA
-0.06,-0.348,-0.284,0.081,0.091,0.029,1,NA,NA,NA,NA,NA,NA,NA,NA,NA,NA,NA,NA,NA,NA,NA,NA,NA,NA,NA,NA,NA,NA,NA,NA,NA,NA,NA,NA,NA,NA,NA,NA,NA,NA,NA
0.091,-0.157,-0.238,0.278,0.36,0.324,0.057,1,NA,NA,NA,NA,NA,NA,NA,NA,NA,NA,NA,NA,NA,NA,NA,NA,NA,NA,NA,NA,NA,NA,NA,NA,NA,NA,NA,NA,NA,NA,NA,NA,NA,NA
-0.222,-0.16,-0.383,-0.002,-0.099,0.073,0.231,-0.002,1,NA,NA,NA,NA,NA,NA,NA,NA,NA,NA,NA,NA,NA,NA,NA,NA,NA,NA,NA,NA,NA,NA,NA,NA,NA,NA,NA,NA,NA,NA,NA,NA,NA
0.148,-0.159,-0.254,0.394,0.29,0.137,0.157,0.257,-0.082,1,NA,NA,NA,NA,NA,NA,NA,NA,NA,NA,NA,NA,NA,NA,NA,NA,NA,NA,NA,NA,NA,NA,NA,NA,NA,NA,NA,NA,NA,NA,NA,NA
-0.225,-0.443,-0.618,0.247,0.179,0.261,0.308,0.248,0.452,0.154,1,NA,NA,NA,NA,NA,NA,NA,NA,NA,NA,NA,NA,NA,NA,NA,NA,NA,NA,NA,NA,NA,NA,NA,NA,NA,NA,NA,NA,NA,NA,NA
-0.366,-0.324,-0.495,0.031,0.086,0.249,0.525,0.04,0.44,0.171,0.598,1,NA,NA,NA,NA,NA,NA,NA,NA,NA,NA,NA,NA,NA,NA,NA,NA,NA,NA,NA,NA,NA,NA,NA,NA,NA,NA,NA,NA,NA,NA
0.322,0.576,0.544,-0.045,-0.132,-0.254,-0.283,-0.102,-0.312,-0.036,-0.59,-0.438,1,NA,NA,NA,NA,NA,NA,NA,NA,NA,NA,NA,NA,NA,NA,NA,NA,NA,NA,NA,NA,NA,NA,NA,NA,NA,NA,NA,NA,NA
-0.26,-0.324,-0.398,0.133,0.133,0.133,0.283,0.125,0.3,0.191,0.452,0.499,-0.24,1,NA,NA,NA,NA,NA,NA,NA,NA,NA,NA,NA,NA,NA,NA,NA,NA,NA,NA,NA,NA,NA,NA,NA,NA,NA,NA,NA,NA
-0.045,-0.142,-0.089,0.184,0.067,0.208,0.042,0.334,0.012,0.191,0.205,0.151,0.058,0.279,1,NA,NA,NA,NA,NA,NA,NA,NA,NA,NA,NA,NA,NA,NA,NA,NA,NA,NA,NA,NA,NA,NA,NA,NA,NA,NA,NA
0.045,-0.123,-0.265,0.404,0.33,0.345,-0.055,0.17,0.112,0.136,0.116,-0.039,-0.022,0.125,0.058,1,NA,NA,NA,NA,NA,NA,NA,NA,NA,NA,NA,NA,NA,NA,NA,NA,NA,NA,NA,NA,NA,NA,NA,NA,NA,NA
0.166,0.119,0.206,0.164,0.044,-0.079,-0.089,-0.086,-0.261,0.149,-0.061,-0.063,0.025,-0.086,-0.19,0.067,1,NA,NA,NA,NA,NA,NA,NA,NA,NA,NA,NA,NA,NA,NA,NA,NA,NA,NA,NA,NA,NA,NA,NA,NA,NA
-0.008,0.048,-0.149,0.125,-0.037,0.159,0.056,0.276,0.236,0.112,0.312,0.247,-0.187,0.255,0.091,-0.059,-0.004,1,NA,NA,NA,NA,NA,NA,NA,NA,NA,NA,NA,NA,NA,NA,NA,NA,NA,NA,NA,NA,NA,NA,NA,NA
0.182,0.334,0.213,-0.062,-0.173,-0.331,0.041,0.052,0.075,-0.118,0.013,-0.228,0.213,-0.04,-0.075,-0.09,0.077,0.16,1,NA,NA,NA,NA,NA,NA,NA,NA,NA,NA,NA,NA,NA,NA,NA,NA,NA,NA,NA,NA,NA,NA,NA
0.108,-0.005,-0.094,-0.021,0.171,0.247,0.116,0.266,-0.056,-0.124,0.102,0.075,-0.155,0.008,0.084,0.076,-0.048,0.128,-0.007,1,NA,NA,NA,NA,NA,NA,NA,NA,NA,NA,NA,NA,NA,NA,NA,NA,NA,NA,NA,NA,NA,NA
0.034,-0.24,-0.235,0.333,0.238,0.083,0.08,0.518,-0.089,0.452,0.109,-0.022,-0.03,0.258,0.256,0.067,-0.071,0.105,-0.056,0.058,1,NA,NA,NA,NA,NA,NA,NA,NA,NA,NA,NA,NA,NA,NA,NA,NA,NA,NA,NA,NA,NA
0,0,0,0,0,0,0,0,0,0,0,0,0,0,0,0,0,0,0,0,0,0.85,NA,NA,NA,NA,NA,NA,NA,NA,NA,NA,NA,NA,NA,NA,NA,NA,NA,NA,NA,NA
0,0,0,0,0,0,0,0,0,0,0,0,0,0,0,0,0,0,0,0,0,0.251,0.858,NA,NA,NA,NA,NA,NA,NA,NA,NA,NA,NA,NA,NA,NA,NA,NA,NA,NA,NA
0,0,0,0,0,0,0,0,0,0,0,0,0,0,0,0,0,0,0,0,0,0.128,0.361,0.818,NA,NA,NA,NA,NA,NA,NA,NA,NA,NA,NA,NA,NA,NA,NA,NA,NA,NA
0,0,0,0,0,0,0,0,0,0,0,0,0,0,0,0,0,0,0,0,0,0.087,-0.317,-0.326,0.859,NA,NA,NA,NA,NA,NA,NA,NA,NA,NA,NA,NA,NA,NA,NA,NA,NA
0,0,0,0,0,0,0,0,0,0,0,0,0,0,0,0,0,0,0,0,0,0.004,-0.181,-0.32,0.357,0.877,NA,NA,NA,NA,NA,NA,NA,NA,NA,NA,NA,NA,NA,NA,NA,NA
0,0,0,0,0,0,0,0,0,0,0,0,0,0,0,0,0,0,0,0,0,-0.112,-0.284,-0.295,0.3,0.26,0.806,NA,NA,NA,NA,NA,NA,NA,NA,NA,NA,NA,NA,NA,NA,NA
0,0,0,0,0,0,0,0,0,0,0,0,0,0,0,0,0,0,0,0,0,-0.044,-0.285,-0.147,0.036,0.051,-0.061,0.699,NA,NA,NA,NA,NA,NA,NA,NA,NA,NA,NA,NA,NA,NA
0,0,0,0,0,0,0,0,0,0,0,0,0,0,0,0,0,0,0,0,0,0.055,-0.125,-0.184,0.133,0.282,0.236,0.003,0.848,NA,NA,NA,NA,NA,NA,NA,NA,NA,NA,NA,NA,NA
0,0,0,0,0,0,0,0,0,0,0,0,0,0,0,0,0,0,0,0,0,-0.2,-0.174,-0.338,-0.025,-0.103,0.102,0.128,-0.012,0.947,NA,NA,NA,NA,NA,NA,NA,NA,NA,NA,NA,NA
0,0,0,0,0,0,0,0,0,0,0,0,0,0,0,0,0,0,0,0,0,0.152,-0.146,-0.184,0.311,0.234,0.097,0.022,0.18,-0.169,0.805,NA,NA,NA,NA,NA,NA,NA,NA,NA,NA,NA
0,0,0,0,0,0,0,0,0,0,0,0,0,0,0,0,0,0,0,0,0,-0.137,-0.383,-0.455,0.119,0.137,0.139,0.236,0.169,0.354,0.084,0.742,NA,NA,NA,NA,NA,NA,NA,NA,NA,NA
0,0,0,0,0,0,0,0,0,0,0,0,0,0,0,0,0,0,0,0,0,-0.246,-0.298,-0.338,-0.004,0.067,0.126,0.28,-0.008,0.361,0.06,0.388,0.679,NA,NA,NA,NA,NA,NA,NA,NA,NA
0,0,0,0,0,0,0,0,0,0,0,0,0,0,0,0,0,0,0,0,0,0.227,0.444,0.459,-0.075,-0.12,-0.264,-0.238,-0.077,-0.284,-0.002,-0.479,-0.397,0.805,NA,NA,NA,NA,NA,NA,NA,NA
0,0,0,0,0,0,0,0,0,0,0,0,0,0,0,0,0,0,0,0,0,-0.242,-0.257,-0.256,0.017,0.119,0.02,0.21,0.042,0.229,0.072,0.283,0.325,-0.162,0.79,NA,NA,NA,NA,NA,NA,NA
0,0,0,0,0,0,0,0,0,0,0,0,0,0,0,0,0,0,0,0,0,-0.06,-0.124,-0.094,0.051,0.111,0.127,0.062,0.227,0.058,0.064,0.162,0.093,-0.01,0.124,0.588,NA,NA,NA,NA,NA,NA
0,0,0,0,0,0,0,0,0,0,0,0,0,0,0,0,0,0,0,0,0,-0.013,-0.211,-0.254,0.301,0.233,0.279,-0.011,0.14,0.117,0.171,0.1,-0.005,-0.108,0.092,0.098,0.864,NA,NA,NA,NA,NA
0,0,0,0,0,0,0,0,0,0,0,0,0,0,0,0,0,0,0,0,0,0.123,0.035,0.147,0.058,0.079,-0.059,0.023,-0.057,-0.273,0.16,-0.066,0.034,-0.057,-0.073,-0.139,-0.016,0.871,NA,NA,NA,NA
0,0,0,0,0,0,0,0,0,0,0,0,0,0,0,0,0,0,0,0,0,-0.04,0.043,-0.146,0.103,-0.085,0.105,0.045,0.16,0.189,0.113,0.251,0.211,-0.216,0.186,0,-0.091,0.015,0.942,NA,NA,NA
0,0,0,0,0,0,0,0,0,0,0,0,0,0,0,0,0,0,0,0,0,0.059,0.209,0.126,-0.023,-0.103,-0.264,0.14,-0.039,0.031,-0.071,0.003,-0.17,0.118,-0.011,-0.092,-0.152,0.01,0.131,0.846,NA,NA
0,0,0,0,0,0,0,0,0,0,0,0,0,0,0,0,0,0,0,0,0,0.045,-0.042,-0.091,-0.113,0.103,0.166,0.164,0.234,-0.024,-0.129,0.165,0.054,-0.218,0.029,0.152,0.011,-0.049,0.095,-0.021,0.82,NA
0,0,0,0,0,0,0,0,0,0,0,0,0,0,0,0,0,0,0,0,0,0.03,-0.156,-0.158,0.214,0.197,0.051,0.057,0.426,-0.1,0.337,0.091,-0.013,0.036,0.116,0.13,0.086,-0.041,0.086,-0.035,0.062,0.78
