"energ","enthus","content","irrit","restl","worry","guilty","afraid","anhed","angry","hopel","down","positive","fatigue","tension","concent","ruminate","avoida","reass","procr","avoidp","energ1","enthus1","content1","irrit1","restl1","worry1","guilty1","afraid1","anhed1","angry1","hopel1","down1","positive1","fatigue1","tension1","concent1","ruminate","avoida1","reass1","procr1","avoidp1"
1,NA,NA,NA,NA,NA,NA,NA,NA,NA,NA,NA,NA,NA,NA,NA,NA,NA,NA,NA,NA,NA,NA,NA,NA,NA,NA,NA,NA,NA,NA,NA,NA,NA,NA,NA,NA,NA,NA,NA,NA,NA
0.611,1,NA,NA,NA,NA,NA,NA,NA,NA,NA,NA,NA,NA,NA,NA,NA,NA,NA,NA,NA,NA,NA,NA,NA,NA,NA,NA,NA,NA,NA,NA,NA,NA,NA,NA,NA,NA,NA,NA,NA,NA
0.549,0.726,1,NA,NA,NA,NA,NA,NA,NA,NA,NA,NA,NA,NA,NA,NA,NA,NA,NA,NA,NA,NA,NA,NA,NA,NA,NA,NA,NA,NA,NA,NA,NA,NA,NA,NA,NA,NA,NA,NA,NA
-0.235,-0.399,-0.439,1,NA,NA,NA,NA,NA,NA,NA,NA,NA,NA,NA,NA,NA,NA,NA,NA,NA,NA,NA,NA,NA,NA,NA,NA,NA,NA,NA,NA,NA,NA,NA,NA,NA,NA,NA,NA,NA,NA
-0.184,-0.289,-0.297,0.223,1,NA,NA,NA,NA,NA,NA,NA,NA,NA,NA,NA,NA,NA,NA,NA,NA,NA,NA,NA,NA,NA,NA,NA,NA,NA,NA,NA,NA,NA,NA,NA,NA,NA,NA,NA,NA,NA
-0.252,-0.421,-0.47,0.638,0.259,1,NA,NA,NA,NA,NA,NA,NA,NA,NA,NA,NA,NA,NA,NA,NA,NA,NA,NA,NA,NA,NA,NA,NA,NA,NA,NA,NA,NA,NA,NA,NA,NA,NA,NA,NA,NA
-0.058,-0.02,-0.251,0.109,0.061,-0.017,1,NA,NA,NA,NA,NA,NA,NA,NA,NA,NA,NA,NA,NA,NA,NA,NA,NA,NA,NA,NA,NA,NA,NA,NA,NA,NA,NA,NA,NA,NA,NA,NA,NA,NA,NA
0.223,0.001,0.022,0.481,0.268,0.366,0.155,1,NA,NA,NA,NA,NA,NA,NA,NA,NA,NA,NA,NA,NA,NA,NA,NA,NA,NA,NA,NA,NA,NA,NA,NA,NA,NA,NA,NA,NA,NA,NA,NA,NA,NA
-0.167,-0.246,-0.415,0.274,0.29,0.371,0.416,0.059,1,NA,NA,NA,NA,NA,NA,NA,NA,NA,NA,NA,NA,NA,NA,NA,NA,NA,NA,NA,NA,NA,NA,NA,NA,NA,NA,NA,NA,NA,NA,NA,NA,NA
-0.016,-0.098,-0.246,0.193,0.183,0.108,0.518,0.121,0.346,1,NA,NA,NA,NA,NA,NA,NA,NA,NA,NA,NA,NA,NA,NA,NA,NA,NA,NA,NA,NA,NA,NA,NA,NA,NA,NA,NA,NA,NA,NA,NA,NA
-0.27,-0.205,-0.371,0.356,0.044,0.237,0.555,-0.011,0.479,0.467,1,NA,NA,NA,NA,NA,NA,NA,NA,NA,NA,NA,NA,NA,NA,NA,NA,NA,NA,NA,NA,NA,NA,NA,NA,NA,NA,NA,NA,NA,NA,NA
-0.155,-0.384,-0.456,0.634,0.249,0.661,0.311,0.392,0.502,0.393,0.568,1,NA,NA,NA,NA,NA,NA,NA,NA,NA,NA,NA,NA,NA,NA,NA,NA,NA,NA,NA,NA,NA,NA,NA,NA,NA,NA,NA,NA,NA,NA
0.531,0.643,0.776,-0.51,-0.343,-0.529,-0.232,0.058,-0.501,-0.353,-0.585,-0.634,1,NA,NA,NA,NA,NA,NA,NA,NA,NA,NA,NA,NA,NA,NA,NA,NA,NA,NA,NA,NA,NA,NA,NA,NA,NA,NA,NA,NA,NA
-0.583,-0.3,-0.293,0.415,0.284,0.389,0.141,0.094,0.22,0.117,0.274,0.336,-0.492,1,NA,NA,NA,NA,NA,NA,NA,NA,NA,NA,NA,NA,NA,NA,NA,NA,NA,NA,NA,NA,NA,NA,NA,NA,NA,NA,NA,NA
-0.26,-0.329,-0.343,0.224,0.349,0.281,0.16,-0.056,0.256,0.383,0.41,0.295,-0.473,0.329,1,NA,NA,NA,NA,NA,NA,NA,NA,NA,NA,NA,NA,NA,NA,NA,NA,NA,NA,NA,NA,NA,NA,NA,NA,NA,NA,NA
-0.325,-0.145,-0.375,-0.003,0.019,0.016,0.281,-0.257,0.381,0.285,0.306,0.033,-0.321,0.202,0.371,1,NA,NA,NA,NA,NA,NA,NA,NA,NA,NA,NA,NA,NA,NA,NA,NA,NA,NA,NA,NA,NA,NA,NA,NA,NA,NA
-0.023,-0.186,-0.226,0.301,0.199,0.475,0.02,0.221,0.579,0.183,0.333,0.455,-0.346,0.152,0.256,0.093,1,NA,NA,NA,NA,NA,NA,NA,NA,NA,NA,NA,NA,NA,NA,NA,NA,NA,NA,NA,NA,NA,NA,NA,NA,NA
-0.132,-0.123,-0.17,0.103,0.04,0.075,0.148,-0.225,0.386,0.009,0.282,0.19,-0.254,0.157,0.07,0.242,0.101,1,NA,NA,NA,NA,NA,NA,NA,NA,NA,NA,NA,NA,NA,NA,NA,NA,NA,NA,NA,NA,NA,NA,NA,NA
0.168,-0.064,-0.036,0.305,-0.012,0.409,0.032,0.41,0.1,0.099,0.066,0.365,-0.029,0.132,-0.076,-0.157,0.191,-0.065,1,NA,NA,NA,NA,NA,NA,NA,NA,NA,NA,NA,NA,NA,NA,NA,NA,NA,NA,NA,NA,NA,NA,NA
-0.233,-0.089,-0.194,-0.155,-0.035,-0.101,0.111,-0.438,0.263,0.033,0.194,-0.116,-0.141,0.025,0.087,0.521,-0.012,0.306,-0.074,1,NA,NA,NA,NA,NA,NA,NA,NA,NA,NA,NA,NA,NA,NA,NA,NA,NA,NA,NA,NA,NA,NA
0.019,-0.033,-0.151,0.159,0.022,0.128,0.258,0.146,0.349,0.129,0.388,0.3,-0.194,0.048,-0.024,0.119,0.488,0.23,0.016,-0.015,1,NA,NA,NA,NA,NA,NA,NA,NA,NA,NA,NA,NA,NA,NA,NA,NA,NA,NA,NA,NA,NA
0,0,0,0,0,0,0,0,0,0,0,0,0,0,0,0,0,0,0,0,0,0.833,NA,NA,NA,NA,NA,NA,NA,NA,NA,NA,NA,NA,NA,NA,NA,NA,NA,NA,NA,NA
0,0,0,0,0,0,0,0,0,0,0,0,0,0,0,0,0,0,0,0,0,0.552,0.834,NA,NA,NA,NA,NA,NA,NA,NA,NA,NA,NA,NA,NA,NA,NA,NA,NA,NA,NA
0,0,0,0,0,0,0,0,0,0,0,0,0,0,0,0,0,0,0,0,0,0.465,0.593,0.773,NA,NA,NA,NA,NA,NA,NA,NA,NA,NA,NA,NA,NA,NA,NA,NA,NA,NA
0,0,0,0,0,0,0,0,0,0,0,0,0,0,0,0,0,0,0,0,0,-0.204,-0.235,-0.325,0.706,NA,NA,NA,NA,NA,NA,NA,NA,NA,NA,NA,NA,NA,NA,NA,NA,NA
0,0,0,0,0,0,0,0,0,0,0,0,0,0,0,0,0,0,0,0,0,-0.159,-0.157,-0.209,0.104,0.716,NA,NA,NA,NA,NA,NA,NA,NA,NA,NA,NA,NA,NA,NA,NA,NA
0,0,0,0,0,0,0,0,0,0,0,0,0,0,0,0,0,0,0,0,0,-0.169,-0.244,-0.305,0.332,0.109,0.638,NA,NA,NA,NA,NA,NA,NA,NA,NA,NA,NA,NA,NA,NA,NA
0,0,0,0,0,0,0,0,0,0,0,0,0,0,0,0,0,0,0,0,0,-0.068,-0.033,-0.222,0.066,0.048,-0.035,0.85,NA,NA,NA,NA,NA,NA,NA,NA,NA,NA,NA,NA,NA,NA
0,0,0,0,0,0,0,0,0,0,0,0,0,0,0,0,0,0,0,0,0,0.136,0.058,-0.021,0.278,0.15,0.164,0.116,0.561,NA,NA,NA,NA,NA,NA,NA,NA,NA,NA,NA,NA,NA
0,0,0,0,0,0,0,0,0,0,0,0,0,0,0,0,0,0,0,0,0,-0.141,-0.109,-0.182,0.022,0.137,0.11,0.366,0.018,0.531,NA,NA,NA,NA,NA,NA,NA,NA,NA,NA,NA,NA
0,0,0,0,0,0,0,0,0,0,0,0,0,0,0,0,0,0,0,0,0,0.034,-0.053,-0.128,0.18,0.096,0.033,0.38,0.179,0.221,0.785,NA,NA,NA,NA,NA,NA,NA,NA,NA,NA,NA
0,0,0,0,0,0,0,0,0,0,0,0,0,0,0,0,0,0,0,0,0,-0.244,-0.17,-0.272,0.26,0.025,0.132,0.39,-0.018,0.331,0.291,0.766,NA,NA,NA,NA,NA,NA,NA,NA,NA,NA
0,0,0,0,0,0,0,0,0,0,0,0,0,0,0,0,0,0,0,0,0,-0.193,-0.222,-0.329,0.394,0.116,0.336,0.224,0.19,0.168,0.246,0.406,0.594,NA,NA,NA,NA,NA,NA,NA,NA,NA
0,0,0,0,0,0,0,0,0,0,0,0,0,0,0,0,0,0,0,0,0,0.429,0.469,0.567,-0.343,-0.217,-0.31,-0.177,-0.01,-0.189,-0.204,-0.423,-0.467,0.713,NA,NA,NA,NA,NA,NA,NA,NA
0,0,0,0,0,0,0,0,0,0,0,0,0,0,0,0,0,0,0,0,0,-0.438,-0.212,-0.196,0.281,0.257,0.194,0.137,0.085,0.133,0.053,0.22,0.253,-0.355,0.818,NA,NA,NA,NA,NA,NA,NA
0,0,0,0,0,0,0,0,0,0,0,0,0,0,0,0,0,0,0,0,0,-0.249,-0.252,-0.2,0.158,0.2,0.158,0.088,0.027,0.089,0.178,0.285,0.239,-0.301,0.276,0.554,NA,NA,NA,NA,NA,NA
0,0,0,0,0,0,0,0,0,0,0,0,0,0,0,0,0,0,0,0,0,-0.291,-0.163,-0.237,0.06,0.018,0.023,0.216,-0.112,0.216,0.167,0.214,0.042,-0.187,0.204,0.145,0.691,NA,NA,NA,NA,NA
0,0,0,0,0,0,0,0,0,0,0,0,0,0,0,0,0,0,0,0,0,-0.043,-0.041,-0.071,0.025,0.074,0.155,-0.029,0.013,0.244,0.05,0.181,0.116,-0.122,0.114,0.082,0.03,0.565,NA,NA,NA,NA
0,0,0,0,0,0,0,0,0,0,0,0,0,0,0,0,0,0,0,0,0,-0.128,-0.071,-0.059,0.032,0.042,0.004,0.119,-0.206,0.157,-0.025,0.167,0.053,-0.138,0.111,-0.004,0.104,0.031,0.684,NA,NA,NA
0,0,0,0,0,0,0,0,0,0,0,0,0,0,0,0,0,0,0,0,0,0.184,0.066,0.057,0.088,-0.099,0.193,-0.057,0.179,-0.043,0.045,-0.028,0.073,0.091,0.042,0.003,-0.092,0.028,-0.104,0.651,NA,NA
0,0,0,0,0,0,0,0,0,0,0,0,0,0,0,0,0,0,0,0,0,-0.219,-0.171,-0.186,-0.047,-0.021,0.024,0.057,-0.238,0.116,-0.033,0.116,-0.09,-0.06,0.059,0.047,0.277,0.032,0.095,-0.023,0.68,NA
0,0,0,0,0,0,0,0,0,0,0,0,0,0,0,0,0,0,0,0,0,-0.029,0.009,-0.037,0.059,0.009,-0.041,0.204,0.001,0.149,0.035,0.237,0.083,-0.083,0.062,-0.028,0.075,0.217,0.128,-0.143,-0.064,0.733
