"energ","enthus","content","irrit","restl","worry","guilty","afraid","anhed","angry","hopel","down","positive","fatigue","tension","concent","ruminate","avoida","reass","procr","avoidp","energ1","enthus1","content1","irrit1","restl1","worry1","guilty1","afraid1","anhed1","angry1","hopel1","down1","positive1","fatigue1","tension1","concent1","ruminate","avoida1","reass1","procr1","avoidp1"
1,NA,NA,NA,NA,NA,NA,NA,NA,NA,NA,NA,NA,NA,NA,NA,NA,NA,NA,NA,NA,NA,NA,NA,NA,NA,NA,NA,NA,NA,NA,NA,NA,NA,NA,NA,NA,NA,NA,NA,NA,NA
0.416,1,NA,NA,NA,NA,NA,NA,NA,NA,NA,NA,NA,NA,NA,NA,NA,NA,NA,NA,NA,NA,NA,NA,NA,NA,NA,NA,NA,NA,NA,NA,NA,NA,NA,NA,NA,NA,NA,NA,NA,NA
0.417,0.466,1,NA,NA,NA,NA,NA,NA,NA,NA,NA,NA,NA,NA,NA,NA,NA,NA,NA,NA,NA,NA,NA,NA,NA,NA,NA,NA,NA,NA,NA,NA,NA,NA,NA,NA,NA,NA,NA,NA,NA
-0.149,-0.059,-0.194,1,NA,NA,NA,NA,NA,NA,NA,NA,NA,NA,NA,NA,NA,NA,NA,NA,NA,NA,NA,NA,NA,NA,NA,NA,NA,NA,NA,NA,NA,NA,NA,NA,NA,NA,NA,NA,NA,NA
-0.154,-0.064,-0.227,0.284,1,NA,NA,NA,NA,NA,NA,NA,NA,NA,NA,NA,NA,NA,NA,NA,NA,NA,NA,NA,NA,NA,NA,NA,NA,NA,NA,NA,NA,NA,NA,NA,NA,NA,NA,NA,NA,NA
0.004,-0.008,0.064,0.179,0.269,1,NA,NA,NA,NA,NA,NA,NA,NA,NA,NA,NA,NA,NA,NA,NA,NA,NA,NA,NA,NA,NA,NA,NA,NA,NA,NA,NA,NA,NA,NA,NA,NA,NA,NA,NA,NA
0.029,0.255,0.012,0.093,0.075,-0.127,1,NA,NA,NA,NA,NA,NA,NA,NA,NA,NA,NA,NA,NA,NA,NA,NA,NA,NA,NA,NA,NA,NA,NA,NA,NA,NA,NA,NA,NA,NA,NA,NA,NA,NA,NA
-0.068,-0.103,-0.133,0.266,0.053,0.368,0.047,1,NA,NA,NA,NA,NA,NA,NA,NA,NA,NA,NA,NA,NA,NA,NA,NA,NA,NA,NA,NA,NA,NA,NA,NA,NA,NA,NA,NA,NA,NA,NA,NA,NA,NA
-0.246,-0.021,-0.315,0.428,0.098,0.107,0.016,0.098,1,NA,NA,NA,NA,NA,NA,NA,NA,NA,NA,NA,NA,NA,NA,NA,NA,NA,NA,NA,NA,NA,NA,NA,NA,NA,NA,NA,NA,NA,NA,NA,NA,NA
-0.013,-0.011,-0.04,0.46,0.184,0.228,0.152,0.317,0.097,1,NA,NA,NA,NA,NA,NA,NA,NA,NA,NA,NA,NA,NA,NA,NA,NA,NA,NA,NA,NA,NA,NA,NA,NA,NA,NA,NA,NA,NA,NA,NA,NA
0.203,0.216,0.08,0.083,-0.04,-0.11,0.138,0.104,0.006,0.075,1,NA,NA,NA,NA,NA,NA,NA,NA,NA,NA,NA,NA,NA,NA,NA,NA,NA,NA,NA,NA,NA,NA,NA,NA,NA,NA,NA,NA,NA,NA,NA
-0.18,-0.035,-0.141,0.251,0.157,0.177,0.12,0.283,0.275,0.227,0.065,1,NA,NA,NA,NA,NA,NA,NA,NA,NA,NA,NA,NA,NA,NA,NA,NA,NA,NA,NA,NA,NA,NA,NA,NA,NA,NA,NA,NA,NA,NA
0.12,0.367,0.24,-0.104,-0.109,-0.191,0.322,-0.149,-0.007,0.032,-0.049,0.039,1,NA,NA,NA,NA,NA,NA,NA,NA,NA,NA,NA,NA,NA,NA,NA,NA,NA,NA,NA,NA,NA,NA,NA,NA,NA,NA,NA,NA,NA
-0.381,-0.368,-0.292,0.241,0.135,0.27,-0.141,0.214,0.233,-0.041,-0.178,0.107,-0.243,1,NA,NA,NA,NA,NA,NA,NA,NA,NA,NA,NA,NA,NA,NA,NA,NA,NA,NA,NA,NA,NA,NA,NA,NA,NA,NA,NA,NA
-0.253,-0.105,-0.361,0.173,0.345,0.13,0.138,0.118,0.132,0.229,0.053,0.23,-0.161,0.19,1,NA,NA,NA,NA,NA,NA,NA,NA,NA,NA,NA,NA,NA,NA,NA,NA,NA,NA,NA,NA,NA,NA,NA,NA,NA,NA,NA
-0.146,0.029,-0.095,0.321,-0.013,0.12,0.03,0.168,0.312,0.003,0.142,0.267,-0.087,0.168,0.088,1,NA,NA,NA,NA,NA,NA,NA,NA,NA,NA,NA,NA,NA,NA,NA,NA,NA,NA,NA,NA,NA,NA,NA,NA,NA,NA
0.119,0.036,-0.153,0.352,0.416,0.215,0.051,0.17,0.087,0.191,0.021,0.154,-0.016,0.043,0.333,0.217,1,NA,NA,NA,NA,NA,NA,NA,NA,NA,NA,NA,NA,NA,NA,NA,NA,NA,NA,NA,NA,NA,NA,NA,NA,NA
-0.076,0.053,-0.172,0.299,0.129,0.048,0.093,0.117,0.54,0.17,0.111,0.219,-0.014,-0.033,0.131,0.097,0.235,1,NA,NA,NA,NA,NA,NA,NA,NA,NA,NA,NA,NA,NA,NA,NA,NA,NA,NA,NA,NA,NA,NA,NA,NA
0.094,-0.049,0.104,0.051,0.026,0.057,-0.035,0.035,-0.004,-0.065,0.233,0.084,0.017,0.205,0.147,0.061,-0.062,-0.086,1,NA,NA,NA,NA,NA,NA,NA,NA,NA,NA,NA,NA,NA,NA,NA,NA,NA,NA,NA,NA,NA,NA,NA
-0.083,-0.153,-0.315,0.178,0.365,0.013,0.068,-0.148,0.261,0.088,-0.016,0.045,-0.1,0.102,0.297,0.155,0.365,0.241,-0.055,1,NA,NA,NA,NA,NA,NA,NA,NA,NA,NA,NA,NA,NA,NA,NA,NA,NA,NA,NA,NA,NA,NA
-0.058,0.122,-0.008,0.295,0.132,0.262,0.129,0.243,0.358,0.266,0.017,0.296,-0.06,-0.001,0.022,0.108,0.107,0.545,0.018,0.124,1,NA,NA,NA,NA,NA,NA,NA,NA,NA,NA,NA,NA,NA,NA,NA,NA,NA,NA,NA,NA,NA
0,0,0,0,0,0,0,0,0,0,0,0,0,0,0,0,0,0,0,0,0,0.882,NA,NA,NA,NA,NA,NA,NA,NA,NA,NA,NA,NA,NA,NA,NA,NA,NA,NA,NA,NA
0,0,0,0,0,0,0,0,0,0,0,0,0,0,0,0,0,0,0,0,0,0.351,0.879,NA,NA,NA,NA,NA,NA,NA,NA,NA,NA,NA,NA,NA,NA,NA,NA,NA,NA,NA
0,0,0,0,0,0,0,0,0,0,0,0,0,0,0,0,0,0,0,0,0,0.378,0.428,0.929,NA,NA,NA,NA,NA,NA,NA,NA,NA,NA,NA,NA,NA,NA,NA,NA,NA,NA
0,0,0,0,0,0,0,0,0,0,0,0,0,0,0,0,0,0,0,0,0,-0.112,-0.012,-0.213,0.922,NA,NA,NA,NA,NA,NA,NA,NA,NA,NA,NA,NA,NA,NA,NA,NA,NA
0,0,0,0,0,0,0,0,0,0,0,0,0,0,0,0,0,0,0,0,0,-0.073,0.028,-0.103,0.327,0.87,NA,NA,NA,NA,NA,NA,NA,NA,NA,NA,NA,NA,NA,NA,NA,NA
0,0,0,0,0,0,0,0,0,0,0,0,0,0,0,0,0,0,0,0,0,0.032,0.019,0.071,0.153,0.227,0.809,NA,NA,NA,NA,NA,NA,NA,NA,NA,NA,NA,NA,NA,NA,NA
0,0,0,0,0,0,0,0,0,0,0,0,0,0,0,0,0,0,0,0,0,0.009,0.198,-0.009,0.104,0.158,0.039,0.723,NA,NA,NA,NA,NA,NA,NA,NA,NA,NA,NA,NA,NA,NA
0,0,0,0,0,0,0,0,0,0,0,0,0,0,0,0,0,0,0,0,0,-0.002,-0.018,-0.144,0.259,0.034,0.307,0.127,0.849,NA,NA,NA,NA,NA,NA,NA,NA,NA,NA,NA,NA,NA
0,0,0,0,0,0,0,0,0,0,0,0,0,0,0,0,0,0,0,0,0,-0.182,0.025,-0.289,0.391,0.076,0.099,0.038,0.073,0.886,NA,NA,NA,NA,NA,NA,NA,NA,NA,NA,NA,NA
0,0,0,0,0,0,0,0,0,0,0,0,0,0,0,0,0,0,0,0,0,-0.016,0.017,-0.048,0.451,0.186,0.213,0.204,0.289,0.112,0.975,NA,NA,NA,NA,NA,NA,NA,NA,NA,NA,NA
0,0,0,0,0,0,0,0,0,0,0,0,0,0,0,0,0,0,0,0,0,0.153,0.077,0.03,0.097,0.047,-0.021,0.064,0.163,-0.015,0.055,0.731,NA,NA,NA,NA,NA,NA,NA,NA,NA,NA
0,0,0,0,0,0,0,0,0,0,0,0,0,0,0,0,0,0,0,0,0,-0.123,-0.026,-0.157,0.225,0.179,0.183,0.127,0.239,0.193,0.203,0.124,0.86,NA,NA,NA,NA,NA,NA,NA,NA,NA
0,0,0,0,0,0,0,0,0,0,0,0,0,0,0,0,0,0,0,0,0,0.145,0.31,0.224,-0.028,0.014,-0.134,0.225,-0.109,0.023,0.075,-0.103,0.049,0.904,NA,NA,NA,NA,NA,NA,NA,NA
0,0,0,0,0,0,0,0,0,0,0,0,0,0,0,0,0,0,0,0,0,-0.358,-0.308,-0.264,0.227,0.085,0.258,-0.092,0.221,0.231,-0.02,-0.052,0.104,-0.239,0.961,NA,NA,NA,NA,NA,NA,NA
0,0,0,0,0,0,0,0,0,0,0,0,0,0,0,0,0,0,0,0,0,-0.224,-0.028,-0.279,0.224,0.298,0.166,0.228,0.174,0.16,0.248,0.118,0.272,-0.103,0.178,0.955,NA,NA,NA,NA,NA,NA
0,0,0,0,0,0,0,0,0,0,0,0,0,0,0,0,0,0,0,0,0,-0.173,0.018,-0.089,0.299,-0.056,0.157,-0.069,0.158,0.257,-0.047,0.107,0.238,-0.06,0.214,0.065,0.888,NA,NA,NA,NA,NA
0,0,0,0,0,0,0,0,0,0,0,0,0,0,0,0,0,0,0,0,0,0.125,0.084,-0.107,0.412,0.404,0.222,0.133,0.146,0.153,0.188,0.053,0.195,0.034,0.059,0.319,0.22,0.973,NA,NA,NA,NA
0,0,0,0,0,0,0,0,0,0,0,0,0,0,0,0,0,0,0,0,0,-0.058,0.088,-0.113,0.292,0.145,0.096,0.085,0.074,0.563,0.184,0.015,0.227,0.032,0.004,0.163,0.094,0.248,0.971,NA,NA,NA
0,0,0,0,0,0,0,0,0,0,0,0,0,0,0,0,0,0,0,0,0,0.136,-0.012,0.131,0.081,0.099,0.092,-0.076,0.144,-0.025,-0.03,0.261,0.152,0.044,0.161,0.165,0.09,0.016,-0.009,0.905,NA,NA
0,0,0,0,0,0,0,0,0,0,0,0,0,0,0,0,0,0,0,0,0,-0.062,-0.118,-0.211,0.214,0.281,0.035,0.152,-0.156,0.219,0.087,0.015,0.039,-0.013,0.092,0.242,0.086,0.32,0.213,0.02,0.885,NA
0,0,0,0,0,0,0,0,0,0,0,0,0,0,0,0,0,0,0,0,0,-0.03,0.096,0.009,0.294,0.153,0.24,0.164,0.236,0.329,0.258,0.026,0.29,0.007,0.003,0.08,0.092,0.134,0.551,0.097,0.11,0.909
