"energ","enthus","content","irrit","restl","worry","guilty","afraid","anhed","angry","hopel","down","positive","fatigue","tension","concent","ruminate","avoida","reass","procr","avoidp","energ1","enthus1","content1","irrit1","restl1","worry1","guilty1","afraid1","anhed1","angry1","hopel1","down1","positive1","fatigue1","tension1","concent1","ruminate","avoida1","reass1","procr1","avoidp1"
1,NA,NA,NA,NA,NA,NA,NA,NA,NA,NA,NA,NA,NA,NA,NA,NA,NA,NA,NA,NA,NA,NA,NA,NA,NA,NA,NA,NA,NA,NA,NA,NA,NA,NA,NA,NA,NA,NA,NA,NA,NA
0.428,1,NA,NA,NA,NA,NA,NA,NA,NA,NA,NA,NA,NA,NA,NA,NA,NA,NA,NA,NA,NA,NA,NA,NA,NA,NA,NA,NA,NA,NA,NA,NA,NA,NA,NA,NA,NA,NA,NA,NA,NA
0.405,0.345,1,NA,NA,NA,NA,NA,NA,NA,NA,NA,NA,NA,NA,NA,NA,NA,NA,NA,NA,NA,NA,NA,NA,NA,NA,NA,NA,NA,NA,NA,NA,NA,NA,NA,NA,NA,NA,NA,NA,NA
-0.309,-0.309,-0.371,1,NA,NA,NA,NA,NA,NA,NA,NA,NA,NA,NA,NA,NA,NA,NA,NA,NA,NA,NA,NA,NA,NA,NA,NA,NA,NA,NA,NA,NA,NA,NA,NA,NA,NA,NA,NA,NA,NA
0.179,0.225,-0.034,0.133,1,NA,NA,NA,NA,NA,NA,NA,NA,NA,NA,NA,NA,NA,NA,NA,NA,NA,NA,NA,NA,NA,NA,NA,NA,NA,NA,NA,NA,NA,NA,NA,NA,NA,NA,NA,NA,NA
-0.296,-0.239,-0.239,0.433,-0.003,1,NA,NA,NA,NA,NA,NA,NA,NA,NA,NA,NA,NA,NA,NA,NA,NA,NA,NA,NA,NA,NA,NA,NA,NA,NA,NA,NA,NA,NA,NA,NA,NA,NA,NA,NA,NA
-0.354,-0.339,-0.489,0.219,0.083,0.214,1,NA,NA,NA,NA,NA,NA,NA,NA,NA,NA,NA,NA,NA,NA,NA,NA,NA,NA,NA,NA,NA,NA,NA,NA,NA,NA,NA,NA,NA,NA,NA,NA,NA,NA,NA
-0.001,0.047,-0.259,-0.031,0.155,-0.08,0.366,1,NA,NA,NA,NA,NA,NA,NA,NA,NA,NA,NA,NA,NA,NA,NA,NA,NA,NA,NA,NA,NA,NA,NA,NA,NA,NA,NA,NA,NA,NA,NA,NA,NA,NA
-0.334,-0.454,-0.413,0.375,0.073,0.305,0.405,0.164,1,NA,NA,NA,NA,NA,NA,NA,NA,NA,NA,NA,NA,NA,NA,NA,NA,NA,NA,NA,NA,NA,NA,NA,NA,NA,NA,NA,NA,NA,NA,NA,NA,NA
-0.114,-0.035,-0.253,0.533,0.133,0.286,0.248,0.27,0.247,1,NA,NA,NA,NA,NA,NA,NA,NA,NA,NA,NA,NA,NA,NA,NA,NA,NA,NA,NA,NA,NA,NA,NA,NA,NA,NA,NA,NA,NA,NA,NA,NA
-0.385,-0.309,-0.357,0.304,-0.057,0.248,0.333,0.269,0.34,0.459,1,NA,NA,NA,NA,NA,NA,NA,NA,NA,NA,NA,NA,NA,NA,NA,NA,NA,NA,NA,NA,NA,NA,NA,NA,NA,NA,NA,NA,NA,NA,NA
-0.373,-0.257,-0.4,0.386,-0.036,0.338,0.436,0.197,0.504,0.413,0.508,1,NA,NA,NA,NA,NA,NA,NA,NA,NA,NA,NA,NA,NA,NA,NA,NA,NA,NA,NA,NA,NA,NA,NA,NA,NA,NA,NA,NA,NA,NA
0.486,0.508,0.509,-0.35,0.231,-0.312,-0.344,-0.061,-0.464,-0.266,-0.492,-0.427,1,NA,NA,NA,NA,NA,NA,NA,NA,NA,NA,NA,NA,NA,NA,NA,NA,NA,NA,NA,NA,NA,NA,NA,NA,NA,NA,NA,NA,NA
-0.326,-0.387,-0.119,0.189,-0.287,0.239,0.173,0.14,0.26,0.067,0.373,0.182,-0.426,1,NA,NA,NA,NA,NA,NA,NA,NA,NA,NA,NA,NA,NA,NA,NA,NA,NA,NA,NA,NA,NA,NA,NA,NA,NA,NA,NA,NA
-0.182,-0.126,-0.257,0.211,-0.056,0.154,0.232,0.023,0.285,-0.031,0.099,0.273,-0.266,0.223,1,NA,NA,NA,NA,NA,NA,NA,NA,NA,NA,NA,NA,NA,NA,NA,NA,NA,NA,NA,NA,NA,NA,NA,NA,NA,NA,NA
-0.187,-0.134,-0.191,0.387,0.342,0.159,0.236,0.218,0.344,0.195,0.284,0.313,-0.177,0.17,0.172,1,NA,NA,NA,NA,NA,NA,NA,NA,NA,NA,NA,NA,NA,NA,NA,NA,NA,NA,NA,NA,NA,NA,NA,NA,NA,NA
0.176,0.188,0.3,-0.218,0.067,-0.121,-0.067,-0.023,-0.198,-0.129,-0.148,-0.183,0.273,-0.201,0.063,-0.078,1,NA,NA,NA,NA,NA,NA,NA,NA,NA,NA,NA,NA,NA,NA,NA,NA,NA,NA,NA,NA,NA,NA,NA,NA,NA
-0.308,-0.308,-0.328,0.265,0.031,0.123,0.287,0.228,0.452,0.138,0.415,0.349,-0.398,0.285,0.262,0.513,-0.304,1,NA,NA,NA,NA,NA,NA,NA,NA,NA,NA,NA,NA,NA,NA,NA,NA,NA,NA,NA,NA,NA,NA,NA,NA
0.235,0.232,0.3,-0.223,0.169,-0.094,-0.055,-0.123,-0.188,-0.065,-0.227,-0.122,0.207,-0.126,-0.08,-0.162,0.184,-0.25,1,NA,NA,NA,NA,NA,NA,NA,NA,NA,NA,NA,NA,NA,NA,NA,NA,NA,NA,NA,NA,NA,NA,NA
-0.175,-0.184,-0.107,0.24,0.032,0.127,0.182,0.122,0.21,0,0.214,0.211,-0.153,0.285,0.237,0.614,-0.049,0.596,-0.142,1,NA,NA,NA,NA,NA,NA,NA,NA,NA,NA,NA,NA,NA,NA,NA,NA,NA,NA,NA,NA,NA,NA
-0.23,-0.288,-0.368,-0.004,-0.16,0.012,0.409,0.318,0.334,-0.043,0.345,0.148,-0.323,0.321,0.266,0.219,-0.103,0.401,-0.353,0.459,1,NA,NA,NA,NA,NA,NA,NA,NA,NA,NA,NA,NA,NA,NA,NA,NA,NA,NA,NA,NA,NA
0,0,0,0,0,0,0,0,0,0,0,0,0,0,0,0,0,0,0,0,0,0.865,NA,NA,NA,NA,NA,NA,NA,NA,NA,NA,NA,NA,NA,NA,NA,NA,NA,NA,NA,NA
0,0,0,0,0,0,0,0,0,0,0,0,0,0,0,0,0,0,0,0,0,0.387,0.814,NA,NA,NA,NA,NA,NA,NA,NA,NA,NA,NA,NA,NA,NA,NA,NA,NA,NA,NA
0,0,0,0,0,0,0,0,0,0,0,0,0,0,0,0,0,0,0,0,0,0.337,0.371,0.871,NA,NA,NA,NA,NA,NA,NA,NA,NA,NA,NA,NA,NA,NA,NA,NA,NA,NA
0,0,0,0,0,0,0,0,0,0,0,0,0,0,0,0,0,0,0,0,0,-0.287,-0.27,-0.345,0.904,NA,NA,NA,NA,NA,NA,NA,NA,NA,NA,NA,NA,NA,NA,NA,NA,NA
0,0,0,0,0,0,0,0,0,0,0,0,0,0,0,0,0,0,0,0,0,0.182,0.131,0,0.085,0.882,NA,NA,NA,NA,NA,NA,NA,NA,NA,NA,NA,NA,NA,NA,NA,NA
0,0,0,0,0,0,0,0,0,0,0,0,0,0,0,0,0,0,0,0,0,-0.328,-0.202,-0.207,0.391,-0.047,0.884,NA,NA,NA,NA,NA,NA,NA,NA,NA,NA,NA,NA,NA,NA,NA
0,0,0,0,0,0,0,0,0,0,0,0,0,0,0,0,0,0,0,0,0,-0.315,-0.363,-0.476,0.22,0.023,0.253,0.856,NA,NA,NA,NA,NA,NA,NA,NA,NA,NA,NA,NA,NA,NA
0,0,0,0,0,0,0,0,0,0,0,0,0,0,0,0,0,0,0,0,0,-0.027,-0.07,-0.301,0.059,0.1,0.031,0.318,0.775,NA,NA,NA,NA,NA,NA,NA,NA,NA,NA,NA,NA,NA
0,0,0,0,0,0,0,0,0,0,0,0,0,0,0,0,0,0,0,0,0,-0.308,-0.412,-0.411,0.324,0.069,0.284,0.385,0.271,0.855,NA,NA,NA,NA,NA,NA,NA,NA,NA,NA,NA,NA
0,0,0,0,0,0,0,0,0,0,0,0,0,0,0,0,0,0,0,0,0,-0.061,-0.052,-0.213,0.489,0.084,0.299,0.151,0.228,0.199,0.801,NA,NA,NA,NA,NA,NA,NA,NA,NA,NA,NA
0,0,0,0,0,0,0,0,0,0,0,0,0,0,0,0,0,0,0,0,0,-0.355,-0.283,-0.361,0.306,-0.082,0.3,0.288,0.222,0.302,0.417,0.908,NA,NA,NA,NA,NA,NA,NA,NA,NA,NA
0,0,0,0,0,0,0,0,0,0,0,0,0,0,0,0,0,0,0,0,0,-0.273,-0.23,-0.324,0.305,-0.052,0.268,0.377,0.248,0.412,0.319,0.421,0.83,NA,NA,NA,NA,NA,NA,NA,NA,NA
0,0,0,0,0,0,0,0,0,0,0,0,0,0,0,0,0,0,0,0,0,0.426,0.527,0.475,-0.335,0.206,-0.287,-0.351,-0.131,-0.448,-0.243,-0.482,-0.375,0.949,NA,NA,NA,NA,NA,NA,NA,NA
0,0,0,0,0,0,0,0,0,0,0,0,0,0,0,0,0,0,0,0,0,-0.295,-0.324,-0.147,0.212,-0.254,0.221,0.145,0.114,0.256,0.113,0.381,0.167,-0.423,0.973,NA,NA,NA,NA,NA,NA,NA
0,0,0,0,0,0,0,0,0,0,0,0,0,0,0,0,0,0,0,0,0,-0.215,-0.165,-0.27,0.145,-0.112,0.15,0.163,-0.008,0.275,-0.048,0.12,0.21,-0.302,0.2,0.758,NA,NA,NA,NA,NA,NA
0,0,0,0,0,0,0,0,0,0,0,0,0,0,0,0,0,0,0,0,0,-0.189,-0.093,-0.177,0.317,0.242,0.118,0.162,0.184,0.346,0.16,0.228,0.257,-0.187,0.154,0.132,0.856,NA,NA,NA,NA,NA
0,0,0,0,0,0,0,0,0,0,0,0,0,0,0,0,0,0,0,0,0,0.119,0.12,0.259,-0.165,-0.009,-0.121,-0.124,-0.18,-0.172,-0.197,-0.14,-0.17,0.249,-0.195,-0.028,-0.132,0.796,NA,NA,NA,NA
0,0,0,0,0,0,0,0,0,0,0,0,0,0,0,0,0,0,0,0,0,-0.314,-0.245,-0.296,0.202,-0.024,0.165,0.226,0.202,0.429,0.098,0.368,0.286,-0.369,0.277,0.315,0.409,-0.279,0.887,NA,NA,NA
0,0,0,0,0,0,0,0,0,0,0,0,0,0,0,0,0,0,0,0,0,0.211,0.161,0.293,-0.268,0.117,-0.13,-0.101,-0.116,-0.222,-0.088,-0.211,-0.105,0.196,-0.107,-0.196,-0.166,0.138,-0.247,0.86,NA,NA
0,0,0,0,0,0,0,0,0,0,0,0,0,0,0,0,0,0,0,0,0,-0.189,-0.116,-0.073,0.166,-0.064,0.105,0.105,0.062,0.216,-0.001,0.197,0.156,-0.148,0.276,0.219,0.439,-0.074,0.529,-0.145,0.801,NA
0,0,0,0,0,0,0,0,0,0,0,0,0,0,0,0,0,0,0,0,0,-0.228,-0.247,-0.356,0.034,-0.112,0.045,0.384,0.287,0.34,0.031,0.351,0.139,-0.298,0.281,0.291,0.166,-0.088,0.356,-0.292,0.412,0.928
