"energ","enthus","content","irrit","restl","worry","guilty","afraid","anhed","angry","hopel","down","positive","fatigue","tension","concent","ruminate","avoida","reass","procr","avoidp","energ1","enthus1","content1","irrit1","restl1","worry1","guilty1","afraid1","anhed1","angry1","hopel1","down1","positive1","fatigue1","tension1","concent1","ruminate","avoida1","reass1","procr1","avoidp1"
1,NA,NA,NA,NA,NA,NA,NA,NA,NA,NA,NA,NA,NA,NA,NA,NA,NA,NA,NA,NA,NA,NA,NA,NA,NA,NA,NA,NA,NA,NA,NA,NA,NA,NA,NA,NA,NA,NA,NA,NA,NA
0.642,1,NA,NA,NA,NA,NA,NA,NA,NA,NA,NA,NA,NA,NA,NA,NA,NA,NA,NA,NA,NA,NA,NA,NA,NA,NA,NA,NA,NA,NA,NA,NA,NA,NA,NA,NA,NA,NA,NA,NA,NA
0.151,0.254,1,NA,NA,NA,NA,NA,NA,NA,NA,NA,NA,NA,NA,NA,NA,NA,NA,NA,NA,NA,NA,NA,NA,NA,NA,NA,NA,NA,NA,NA,NA,NA,NA,NA,NA,NA,NA,NA,NA,NA
-0.395,-0.409,-0.343,1,NA,NA,NA,NA,NA,NA,NA,NA,NA,NA,NA,NA,NA,NA,NA,NA,NA,NA,NA,NA,NA,NA,NA,NA,NA,NA,NA,NA,NA,NA,NA,NA,NA,NA,NA,NA,NA,NA
-0.116,-0.144,-0.25,0.552,1,NA,NA,NA,NA,NA,NA,NA,NA,NA,NA,NA,NA,NA,NA,NA,NA,NA,NA,NA,NA,NA,NA,NA,NA,NA,NA,NA,NA,NA,NA,NA,NA,NA,NA,NA,NA,NA
-0.27,-0.428,-0.406,0.59,0.231,1,NA,NA,NA,NA,NA,NA,NA,NA,NA,NA,NA,NA,NA,NA,NA,NA,NA,NA,NA,NA,NA,NA,NA,NA,NA,NA,NA,NA,NA,NA,NA,NA,NA,NA,NA,NA
-0.083,-0.128,-0.32,0.555,0.311,0.508,1,NA,NA,NA,NA,NA,NA,NA,NA,NA,NA,NA,NA,NA,NA,NA,NA,NA,NA,NA,NA,NA,NA,NA,NA,NA,NA,NA,NA,NA,NA,NA,NA,NA,NA,NA
-0.305,-0.342,-0.122,0.641,0.227,0.596,0.544,1,NA,NA,NA,NA,NA,NA,NA,NA,NA,NA,NA,NA,NA,NA,NA,NA,NA,NA,NA,NA,NA,NA,NA,NA,NA,NA,NA,NA,NA,NA,NA,NA,NA,NA
-0.348,-0.377,-0.208,0.6,0.262,0.626,0.515,0.635,1,NA,NA,NA,NA,NA,NA,NA,NA,NA,NA,NA,NA,NA,NA,NA,NA,NA,NA,NA,NA,NA,NA,NA,NA,NA,NA,NA,NA,NA,NA,NA,NA,NA
-0.307,-0.426,-0.293,0.68,0.391,0.498,0.655,0.655,0.545,1,NA,NA,NA,NA,NA,NA,NA,NA,NA,NA,NA,NA,NA,NA,NA,NA,NA,NA,NA,NA,NA,NA,NA,NA,NA,NA,NA,NA,NA,NA,NA,NA
-0.329,-0.344,-0.139,0.601,0.221,0.371,0.602,0.664,0.498,0.701,1,NA,NA,NA,NA,NA,NA,NA,NA,NA,NA,NA,NA,NA,NA,NA,NA,NA,NA,NA,NA,NA,NA,NA,NA,NA,NA,NA,NA,NA,NA,NA
-0.235,-0.295,-0.315,0.59,0.388,0.525,0.62,0.636,0.627,0.63,0.697,1,NA,NA,NA,NA,NA,NA,NA,NA,NA,NA,NA,NA,NA,NA,NA,NA,NA,NA,NA,NA,NA,NA,NA,NA,NA,NA,NA,NA,NA,NA
0.353,0.384,0.409,-0.436,-0.052,-0.467,-0.265,-0.427,-0.445,-0.286,-0.267,-0.414,1,NA,NA,NA,NA,NA,NA,NA,NA,NA,NA,NA,NA,NA,NA,NA,NA,NA,NA,NA,NA,NA,NA,NA,NA,NA,NA,NA,NA,NA
-0.266,-0.289,0.008,0.207,0.149,0.293,0.103,0.201,0.17,0.052,-0.016,0.148,-0.205,1,NA,NA,NA,NA,NA,NA,NA,NA,NA,NA,NA,NA,NA,NA,NA,NA,NA,NA,NA,NA,NA,NA,NA,NA,NA,NA,NA,NA
-0.205,-0.168,-0.048,0.195,0.078,0.164,-0.009,0.153,0.056,0.047,-0.017,0.017,0,0.249,1,NA,NA,NA,NA,NA,NA,NA,NA,NA,NA,NA,NA,NA,NA,NA,NA,NA,NA,NA,NA,NA,NA,NA,NA,NA,NA,NA
-0.199,-0.317,-0.284,0.435,0.256,0.596,0.341,0.398,0.44,0.399,0.276,0.515,-0.359,0.292,-0.003,1,NA,NA,NA,NA,NA,NA,NA,NA,NA,NA,NA,NA,NA,NA,NA,NA,NA,NA,NA,NA,NA,NA,NA,NA,NA,NA
-0.04,-0.086,0.038,0.317,0.294,0.231,0.281,0.369,0.507,0.23,0.198,0.416,-0.116,0.219,-0.138,0.303,1,NA,NA,NA,NA,NA,NA,NA,NA,NA,NA,NA,NA,NA,NA,NA,NA,NA,NA,NA,NA,NA,NA,NA,NA,NA
-0.232,-0.302,-0.155,0.434,0.281,0.34,0.523,0.415,0.51,0.403,0.451,0.493,-0.254,0.07,-0.081,0.382,0.581,1,NA,NA,NA,NA,NA,NA,NA,NA,NA,NA,NA,NA,NA,NA,NA,NA,NA,NA,NA,NA,NA,NA,NA,NA
-0.063,-0.282,-0.228,0.286,0.141,0.356,0.218,0.257,0.169,0.3,0.295,0.216,-0.063,0.221,-0.021,0.161,0.239,0.262,1,NA,NA,NA,NA,NA,NA,NA,NA,NA,NA,NA,NA,NA,NA,NA,NA,NA,NA,NA,NA,NA,NA,NA
0.107,-0.094,-0.151,-0.05,-0.037,0.185,0.09,0.039,0.203,0.126,0.05,0.233,0.004,-0.067,0.05,0.241,0.055,0.123,-0.1,1,NA,NA,NA,NA,NA,NA,NA,NA,NA,NA,NA,NA,NA,NA,NA,NA,NA,NA,NA,NA,NA,NA
-0.213,-0.285,-0.077,0.39,0.241,0.373,0.398,0.456,0.577,0.38,0.27,0.464,-0.343,0.193,-0.125,0.456,0.587,0.706,0.131,0.104,1,NA,NA,NA,NA,NA,NA,NA,NA,NA,NA,NA,NA,NA,NA,NA,NA,NA,NA,NA,NA,NA
0,0,0,0,0,0,0,0,0,0,0,0,0,0,0,0,0,0,0,0,0,0.956,NA,NA,NA,NA,NA,NA,NA,NA,NA,NA,NA,NA,NA,NA,NA,NA,NA,NA,NA,NA
0,0,0,0,0,0,0,0,0,0,0,0,0,0,0,0,0,0,0,0,0,0.588,0.881,NA,NA,NA,NA,NA,NA,NA,NA,NA,NA,NA,NA,NA,NA,NA,NA,NA,NA,NA
0,0,0,0,0,0,0,0,0,0,0,0,0,0,0,0,0,0,0,0,0,0.137,0.164,0.903,NA,NA,NA,NA,NA,NA,NA,NA,NA,NA,NA,NA,NA,NA,NA,NA,NA,NA
0,0,0,0,0,0,0,0,0,0,0,0,0,0,0,0,0,0,0,0,0,-0.342,-0.294,-0.29,0.812,NA,NA,NA,NA,NA,NA,NA,NA,NA,NA,NA,NA,NA,NA,NA,NA,NA
0,0,0,0,0,0,0,0,0,0,0,0,0,0,0,0,0,0,0,0,0,-0.127,-0.135,-0.249,0.431,0.874,NA,NA,NA,NA,NA,NA,NA,NA,NA,NA,NA,NA,NA,NA,NA,NA
0,0,0,0,0,0,0,0,0,0,0,0,0,0,0,0,0,0,0,0,0,-0.136,-0.178,-0.216,0.382,0.158,0.59,NA,NA,NA,NA,NA,NA,NA,NA,NA,NA,NA,NA,NA,NA,NA
0,0,0,0,0,0,0,0,0,0,0,0,0,0,0,0,0,0,0,0,0,-0.06,-0.111,-0.282,0.399,0.22,0.365,0.73,NA,NA,NA,NA,NA,NA,NA,NA,NA,NA,NA,NA,NA,NA
0,0,0,0,0,0,0,0,0,0,0,0,0,0,0,0,0,0,0,0,0,-0.253,-0.288,-0.099,0.506,0.179,0.449,0.421,0.885,NA,NA,NA,NA,NA,NA,NA,NA,NA,NA,NA,NA,NA
0,0,0,0,0,0,0,0,0,0,0,0,0,0,0,0,0,0,0,0,0,-0.321,-0.283,-0.156,0.502,0.174,0.431,0.338,0.554,0.85,NA,NA,NA,NA,NA,NA,NA,NA,NA,NA,NA,NA
0,0,0,0,0,0,0,0,0,0,0,0,0,0,0,0,0,0,0,0,0,-0.246,-0.363,-0.205,0.45,0.303,0.324,0.388,0.51,0.356,0.612,NA,NA,NA,NA,NA,NA,NA,NA,NA,NA,NA
0,0,0,0,0,0,0,0,0,0,0,0,0,0,0,0,0,0,0,0,0,-0.301,-0.345,-0.158,0.481,0.163,0.304,0.416,0.555,0.379,0.463,0.754,NA,NA,NA,NA,NA,NA,NA,NA,NA,NA
0,0,0,0,0,0,0,0,0,0,0,0,0,0,0,0,0,0,0,0,0,-0.191,-0.234,-0.286,0.424,0.263,0.377,0.43,0.509,0.461,0.393,0.488,0.781,NA,NA,NA,NA,NA,NA,NA,NA,NA
0,0,0,0,0,0,0,0,0,0,0,0,0,0,0,0,0,0,0,0,0,0.279,0.238,0.301,-0.348,-0.07,-0.209,-0.207,-0.312,-0.397,-0.204,-0.264,-0.332,0.794,NA,NA,NA,NA,NA,NA,NA,NA
0,0,0,0,0,0,0,0,0,0,0,0,0,0,0,0,0,0,0,0,0,-0.249,-0.254,0.035,0.135,0.061,0.179,0.051,0.147,0.097,0.044,0.022,0.074,-0.103,0.916,NA,NA,NA,NA,NA,NA,NA
0,0,0,0,0,0,0,0,0,0,0,0,0,0,0,0,0,0,0,0,0,-0.111,-0.083,0.043,0.155,0.069,0.093,0.028,0.083,0.091,0.041,0.019,-0.003,0.155,0.124,0.751,NA,NA,NA,NA,NA,NA
0,0,0,0,0,0,0,0,0,0,0,0,0,0,0,0,0,0,0,0,0,-0.158,-0.179,-0.16,0.294,0.179,0.325,0.201,0.299,0.304,0.276,0.243,0.39,-0.189,0.163,-0.049,0.817,NA,NA,NA,NA,NA
0,0,0,0,0,0,0,0,0,0,0,0,0,0,0,0,0,0,0,0,0,-0.106,-0.131,-0.011,0.234,0.137,0.184,0.179,0.337,0.445,0.156,0.168,0.318,-0.18,0.148,-0.111,0.221,0.825,NA,NA,NA,NA
0,0,0,0,0,0,0,0,0,0,0,0,0,0,0,0,0,0,0,0,0,-0.219,-0.276,-0.149,0.371,0.206,0.216,0.335,0.346,0.4,0.27,0.322,0.334,-0.21,0.026,-0.04,0.257,0.518,0.876,NA,NA,NA
0,0,0,0,0,0,0,0,0,0,0,0,0,0,0,0,0,0,0,0,0,-0.029,-0.235,-0.177,0.182,0.115,0.209,0.062,0.153,0.048,0.156,0.2,0.088,0.008,0.208,-0.063,0.067,0.21,0.182,0.927,NA,NA
0,0,0,0,0,0,0,0,0,0,0,0,0,0,0,0,0,0,0,0,0,0.102,-0.002,-0.147,-0.072,-0.062,0.009,0.008,-0.041,0.018,0.03,-0.013,0.149,0.041,-0.127,0.164,0.115,-0.101,-0.011,-0.212,0.689,NA
0,0,0,0,0,0,0,0,0,0,0,0,0,0,0,0,0,0,0,0,0,-0.192,-0.235,-0.08,0.27,0.132,0.222,0.227,0.408,0.47,0.204,0.2,0.344,-0.279,0.125,-0.144,0.359,0.511,0.632,0.049,0.029,0.913
