"energ","enthus","content","irrit","restl","worry","guilty","afraid","anhed","angry","hopel","down","positive","fatigue","tension","concent","ruminate","avoida","reass","procr","avoidp","energ1","enthus1","content1","irrit1","restl1","worry1","guilty1","afraid1","anhed1","angry1","hopel1","down1","positive1","fatigue1","tension1","concent1","ruminate","avoida1","reass1","procr1","avoidp1"
1,NA,NA,NA,NA,NA,NA,NA,NA,NA,NA,NA,NA,NA,NA,NA,NA,NA,NA,NA,NA,NA,NA,NA,NA,NA,NA,NA,NA,NA,NA,NA,NA,NA,NA,NA,NA,NA,NA,NA,NA,NA
0.436,1,NA,NA,NA,NA,NA,NA,NA,NA,NA,NA,NA,NA,NA,NA,NA,NA,NA,NA,NA,NA,NA,NA,NA,NA,NA,NA,NA,NA,NA,NA,NA,NA,NA,NA,NA,NA,NA,NA,NA,NA
0.407,0.526,1,NA,NA,NA,NA,NA,NA,NA,NA,NA,NA,NA,NA,NA,NA,NA,NA,NA,NA,NA,NA,NA,NA,NA,NA,NA,NA,NA,NA,NA,NA,NA,NA,NA,NA,NA,NA,NA,NA,NA
-0.158,-0.059,-0.138,1,NA,NA,NA,NA,NA,NA,NA,NA,NA,NA,NA,NA,NA,NA,NA,NA,NA,NA,NA,NA,NA,NA,NA,NA,NA,NA,NA,NA,NA,NA,NA,NA,NA,NA,NA,NA,NA,NA
-0.143,-0.295,-0.221,0.201,1,NA,NA,NA,NA,NA,NA,NA,NA,NA,NA,NA,NA,NA,NA,NA,NA,NA,NA,NA,NA,NA,NA,NA,NA,NA,NA,NA,NA,NA,NA,NA,NA,NA,NA,NA,NA,NA
-0.217,-0.385,-0.545,0.38,0.356,1,NA,NA,NA,NA,NA,NA,NA,NA,NA,NA,NA,NA,NA,NA,NA,NA,NA,NA,NA,NA,NA,NA,NA,NA,NA,NA,NA,NA,NA,NA,NA,NA,NA,NA,NA,NA
-0.084,-0.228,-0.167,0.311,-0.064,0.375,1,NA,NA,NA,NA,NA,NA,NA,NA,NA,NA,NA,NA,NA,NA,NA,NA,NA,NA,NA,NA,NA,NA,NA,NA,NA,NA,NA,NA,NA,NA,NA,NA,NA,NA,NA
-0.27,-0.306,-0.451,0.39,0.335,0.748,0.216,1,NA,NA,NA,NA,NA,NA,NA,NA,NA,NA,NA,NA,NA,NA,NA,NA,NA,NA,NA,NA,NA,NA,NA,NA,NA,NA,NA,NA,NA,NA,NA,NA,NA,NA
-0.153,-0.197,-0.191,0.108,-0.022,0.194,0.362,0.098,1,NA,NA,NA,NA,NA,NA,NA,NA,NA,NA,NA,NA,NA,NA,NA,NA,NA,NA,NA,NA,NA,NA,NA,NA,NA,NA,NA,NA,NA,NA,NA,NA,NA
-0.072,-0.244,-0.4,0.177,0.282,0.454,0.263,0.382,0.125,1,NA,NA,NA,NA,NA,NA,NA,NA,NA,NA,NA,NA,NA,NA,NA,NA,NA,NA,NA,NA,NA,NA,NA,NA,NA,NA,NA,NA,NA,NA,NA,NA
-0.196,-0.401,-0.516,0.129,0.299,0.506,0.282,0.319,0.388,0.611,1,NA,NA,NA,NA,NA,NA,NA,NA,NA,NA,NA,NA,NA,NA,NA,NA,NA,NA,NA,NA,NA,NA,NA,NA,NA,NA,NA,NA,NA,NA,NA
-0.226,-0.385,-0.292,0.077,0.034,0.299,0.456,0.089,0.17,0.525,0.575,1,NA,NA,NA,NA,NA,NA,NA,NA,NA,NA,NA,NA,NA,NA,NA,NA,NA,NA,NA,NA,NA,NA,NA,NA,NA,NA,NA,NA,NA,NA
0.389,0.52,0.565,-0.121,-0.438,-0.453,-0.231,-0.435,-0.277,-0.519,-0.59,-0.369,1,NA,NA,NA,NA,NA,NA,NA,NA,NA,NA,NA,NA,NA,NA,NA,NA,NA,NA,NA,NA,NA,NA,NA,NA,NA,NA,NA,NA,NA
-0.419,-0.16,-0.215,0.111,-0.042,0.115,0.108,0.138,-0.02,0.143,0.1,0.22,-0.059,1,NA,NA,NA,NA,NA,NA,NA,NA,NA,NA,NA,NA,NA,NA,NA,NA,NA,NA,NA,NA,NA,NA,NA,NA,NA,NA,NA,NA
-0.233,-0.224,-0.11,0.306,0.208,0.23,0.202,0.279,-0.03,0.105,0.052,0.105,-0.171,0.266,1,NA,NA,NA,NA,NA,NA,NA,NA,NA,NA,NA,NA,NA,NA,NA,NA,NA,NA,NA,NA,NA,NA,NA,NA,NA,NA,NA
-0.156,0.078,-0.016,-0.056,0.103,-0.164,-0.032,-0.169,0.303,-0.099,0.137,-0.018,0.05,0.141,-0.206,1,NA,NA,NA,NA,NA,NA,NA,NA,NA,NA,NA,NA,NA,NA,NA,NA,NA,NA,NA,NA,NA,NA,NA,NA,NA,NA
-0.082,-0.152,-0.308,0.064,0.178,0.238,0.157,0.138,0.214,0.258,0.498,0.273,-0.308,-0.219,0.086,0.1,1,NA,NA,NA,NA,NA,NA,NA,NA,NA,NA,NA,NA,NA,NA,NA,NA,NA,NA,NA,NA,NA,NA,NA,NA,NA
0.099,-0.006,-0.153,0.164,0.021,0.172,0.115,0.133,0.269,0.09,0.102,-0.072,-0.092,-0.271,-0.063,0.162,0.023,1,NA,NA,NA,NA,NA,NA,NA,NA,NA,NA,NA,NA,NA,NA,NA,NA,NA,NA,NA,NA,NA,NA,NA,NA
0.164,0.133,-0.104,0.12,-0.01,0.298,0.087,0.275,-0.009,0.197,0.111,0.104,0.011,-0.07,-0.003,0.037,0.33,0.186,1,NA,NA,NA,NA,NA,NA,NA,NA,NA,NA,NA,NA,NA,NA,NA,NA,NA,NA,NA,NA,NA,NA,NA
0.093,-0.004,-0.068,0.198,0.061,0.198,0.056,0.15,0.274,0.004,0.18,-0.07,-0.054,-0.17,-0.061,0.223,0.131,0.541,0.012,1,NA,NA,NA,NA,NA,NA,NA,NA,NA,NA,NA,NA,NA,NA,NA,NA,NA,NA,NA,NA,NA,NA
0.211,0.023,-0.065,-0.048,0.044,0.143,0.213,0.043,0.131,0.444,0.406,0.25,-0.165,0,-0.13,0.166,0.183,0.245,0.137,0.237,1,NA,NA,NA,NA,NA,NA,NA,NA,NA,NA,NA,NA,NA,NA,NA,NA,NA,NA,NA,NA,NA
0,0,0,0,0,0,0,0,0,0,0,0,0,0,0,0,0,0,0,0,0,0.758,NA,NA,NA,NA,NA,NA,NA,NA,NA,NA,NA,NA,NA,NA,NA,NA,NA,NA,NA,NA
0,0,0,0,0,0,0,0,0,0,0,0,0,0,0,0,0,0,0,0,0,0.313,0.764,NA,NA,NA,NA,NA,NA,NA,NA,NA,NA,NA,NA,NA,NA,NA,NA,NA,NA,NA
0,0,0,0,0,0,0,0,0,0,0,0,0,0,0,0,0,0,0,0,0,0.313,0.362,0.735,NA,NA,NA,NA,NA,NA,NA,NA,NA,NA,NA,NA,NA,NA,NA,NA,NA,NA
0,0,0,0,0,0,0,0,0,0,0,0,0,0,0,0,0,0,0,0,0,-0.122,-0.044,-0.109,0.63,NA,NA,NA,NA,NA,NA,NA,NA,NA,NA,NA,NA,NA,NA,NA,NA,NA
0,0,0,0,0,0,0,0,0,0,0,0,0,0,0,0,0,0,0,0,0,-0.113,-0.164,-0.065,0.133,0.676,NA,NA,NA,NA,NA,NA,NA,NA,NA,NA,NA,NA,NA,NA,NA,NA
0,0,0,0,0,0,0,0,0,0,0,0,0,0,0,0,0,0,0,0,0,-0.201,-0.189,-0.265,0.213,0.142,0.548,NA,NA,NA,NA,NA,NA,NA,NA,NA,NA,NA,NA,NA,NA,NA
0,0,0,0,0,0,0,0,0,0,0,0,0,0,0,0,0,0,0,0,0,-0.051,-0.159,-0.082,0.16,-0.134,0.198,0.806,NA,NA,NA,NA,NA,NA,NA,NA,NA,NA,NA,NA,NA,NA
0,0,0,0,0,0,0,0,0,0,0,0,0,0,0,0,0,0,0,0,0,-0.168,-0.142,-0.248,0.205,0.148,0.391,0.098,0.636,NA,NA,NA,NA,NA,NA,NA,NA,NA,NA,NA,NA,NA
0,0,0,0,0,0,0,0,0,0,0,0,0,0,0,0,0,0,0,0,0,-0.062,-0.067,-0.092,0.062,-0.078,0.077,0.278,-0.004,0.704,NA,NA,NA,NA,NA,NA,NA,NA,NA,NA,NA,NA
0,0,0,0,0,0,0,0,0,0,0,0,0,0,0,0,0,0,0,0,0,0.046,-0.084,-0.099,0.116,0.138,0.154,0.057,0.18,-0.044,0.563,NA,NA,NA,NA,NA,NA,NA,NA,NA,NA,NA
0,0,0,0,0,0,0,0,0,0,0,0,0,0,0,0,0,0,0,0,0,-0.092,-0.244,-0.286,0.185,0.173,0.254,0.152,0.152,0.271,0.241,0.703,NA,NA,NA,NA,NA,NA,NA,NA,NA,NA
0,0,0,0,0,0,0,0,0,0,0,0,0,0,0,0,0,0,0,0,0,-0.119,-0.241,-0.119,0.097,-0.018,0.197,0.35,0.036,0.088,0.241,0.34,0.735,NA,NA,NA,NA,NA,NA,NA,NA,NA
0,0,0,0,0,0,0,0,0,0,0,0,0,0,0,0,0,0,0,0,0,0.288,0.368,0.366,-0.156,-0.272,-0.3,-0.205,-0.29,-0.178,-0.264,-0.415,-0.246,0.75,NA,NA,NA,NA,NA,NA,NA,NA
0,0,0,0,0,0,0,0,0,0,0,0,0,0,0,0,0,0,0,0,0,-0.359,-0.067,-0.177,0.029,-0.007,0.117,0.043,0.093,0.029,0.083,0.089,0.137,-0.096,0.734,NA,NA,NA,NA,NA,NA,NA
0,0,0,0,0,0,0,0,0,0,0,0,0,0,0,0,0,0,0,0,0,-0.141,-0.096,-0.087,0.189,0.03,0.202,0.142,0.18,-0.027,0.084,0.068,0.078,-0.103,0.155,0.647,NA,NA,NA,NA,NA,NA
0,0,0,0,0,0,0,0,0,0,0,0,0,0,0,0,0,0,0,0,0,-0.18,0.05,-0.086,0.072,0.098,-0.166,0.005,-0.168,0.273,-0.117,0.176,0.019,0.045,0.154,-0.157,0.914,NA,NA,NA,NA,NA
0,0,0,0,0,0,0,0,0,0,0,0,0,0,0,0,0,0,0,0,0,-0.03,-0.03,-0.137,0.202,0.031,0.116,0.085,0.077,0.151,0.056,0.32,0.122,-0.124,-0.137,0.091,0.137,0.77,NA,NA,NA,NA
0,0,0,0,0,0,0,0,0,0,0,0,0,0,0,0,0,0,0,0,0,0.011,-0.046,-0.135,0.127,0.073,0.069,0.159,0.078,0.157,0.134,0.142,0.073,-0.126,-0.182,0.043,0.104,0.056,0.735,NA,NA,NA
0,0,0,0,0,0,0,0,0,0,0,0,0,0,0,0,0,0,0,0,0,0.088,0.207,0.013,0.125,-0.078,0.15,0.042,0.167,0.013,0.077,-0.004,0.06,0.026,-0.004,0.009,0.014,0.239,0.075,0.881,NA,NA
0,0,0,0,0,0,0,0,0,0,0,0,0,0,0,0,0,0,0,0,0,0.041,0.009,-0.03,0.188,0.027,0.064,0.103,0.047,0.256,0.036,0.209,0.032,-0.056,-0.076,0.014,0.244,0.098,0.352,0.017,0.756,NA
0,0,0,0,0,0,0,0,0,0,0,0,0,0,0,0,0,0,0,0,0,0.159,0.09,0.084,-0.01,0.015,-0.06,0.022,-0.067,0.045,0.168,0.166,0.077,-0.05,-0.054,-0.117,0.099,0.101,0.214,0.044,0.159,0.528
