"energ","enthus","content","irrit","restl","worry","guilty","afraid","anhed","angry","hopel","down","positive","fatigue","tension","concent","ruminate","avoida","reass","procr","avoidp","energ1","enthus1","content1","irrit1","restl1","worry1","guilty1","afraid1","anhed1","angry1","hopel1","down1","positive1","fatigue1","tension1","concent1","ruminate","avoida1","reass1","procr1","avoidp1"
1,NA,NA,NA,NA,NA,NA,NA,NA,NA,NA,NA,NA,NA,NA,NA,NA,NA,NA,NA,NA,NA,NA,NA,NA,NA,NA,NA,NA,NA,NA,NA,NA,NA,NA,NA,NA,NA,NA,NA,NA,NA
0.655,1,NA,NA,NA,NA,NA,NA,NA,NA,NA,NA,NA,NA,NA,NA,NA,NA,NA,NA,NA,NA,NA,NA,NA,NA,NA,NA,NA,NA,NA,NA,NA,NA,NA,NA,NA,NA,NA,NA,NA,NA
0.405,0.361,1,NA,NA,NA,NA,NA,NA,NA,NA,NA,NA,NA,NA,NA,NA,NA,NA,NA,NA,NA,NA,NA,NA,NA,NA,NA,NA,NA,NA,NA,NA,NA,NA,NA,NA,NA,NA,NA,NA,NA
0.033,-0.057,-0.179,1,NA,NA,NA,NA,NA,NA,NA,NA,NA,NA,NA,NA,NA,NA,NA,NA,NA,NA,NA,NA,NA,NA,NA,NA,NA,NA,NA,NA,NA,NA,NA,NA,NA,NA,NA,NA,NA,NA
0.154,0.068,-0.312,-0.135,1,NA,NA,NA,NA,NA,NA,NA,NA,NA,NA,NA,NA,NA,NA,NA,NA,NA,NA,NA,NA,NA,NA,NA,NA,NA,NA,NA,NA,NA,NA,NA,NA,NA,NA,NA,NA,NA
-0.276,-0.261,-0.44,0.147,0.131,1,NA,NA,NA,NA,NA,NA,NA,NA,NA,NA,NA,NA,NA,NA,NA,NA,NA,NA,NA,NA,NA,NA,NA,NA,NA,NA,NA,NA,NA,NA,NA,NA,NA,NA,NA,NA
-0.287,-0.103,-0.427,0.376,-0.058,0.32,1,NA,NA,NA,NA,NA,NA,NA,NA,NA,NA,NA,NA,NA,NA,NA,NA,NA,NA,NA,NA,NA,NA,NA,NA,NA,NA,NA,NA,NA,NA,NA,NA,NA,NA,NA
0.197,0.064,-0.115,0.195,0.246,0.47,0.025,1,NA,NA,NA,NA,NA,NA,NA,NA,NA,NA,NA,NA,NA,NA,NA,NA,NA,NA,NA,NA,NA,NA,NA,NA,NA,NA,NA,NA,NA,NA,NA,NA,NA,NA
-0.495,-0.434,-0.582,0.077,0.066,0.253,0.409,-0.149,1,NA,NA,NA,NA,NA,NA,NA,NA,NA,NA,NA,NA,NA,NA,NA,NA,NA,NA,NA,NA,NA,NA,NA,NA,NA,NA,NA,NA,NA,NA,NA,NA,NA
0.099,0.051,-0.029,0.63,-0.223,-0.098,0.207,-0.012,0.028,1,NA,NA,NA,NA,NA,NA,NA,NA,NA,NA,NA,NA,NA,NA,NA,NA,NA,NA,NA,NA,NA,NA,NA,NA,NA,NA,NA,NA,NA,NA,NA,NA
-0.338,-0.293,-0.548,-0.099,0.246,0.486,0.201,0.227,0.461,-0.248,1,NA,NA,NA,NA,NA,NA,NA,NA,NA,NA,NA,NA,NA,NA,NA,NA,NA,NA,NA,NA,NA,NA,NA,NA,NA,NA,NA,NA,NA,NA,NA
-0.451,-0.415,-0.659,0.083,0.195,0.519,0.299,0.158,0.602,-0.117,0.81,1,NA,NA,NA,NA,NA,NA,NA,NA,NA,NA,NA,NA,NA,NA,NA,NA,NA,NA,NA,NA,NA,NA,NA,NA,NA,NA,NA,NA,NA,NA
0.378,0.56,0.717,-0.165,-0.126,-0.344,-0.25,0.012,-0.593,-0.084,-0.613,-0.752,1,NA,NA,NA,NA,NA,NA,NA,NA,NA,NA,NA,NA,NA,NA,NA,NA,NA,NA,NA,NA,NA,NA,NA,NA,NA,NA,NA,NA,NA
-0.501,-0.345,-0.333,0.123,-0.228,0.212,0.422,-0.318,0.525,-0.034,0.373,0.457,-0.362,1,NA,NA,NA,NA,NA,NA,NA,NA,NA,NA,NA,NA,NA,NA,NA,NA,NA,NA,NA,NA,NA,NA,NA,NA,NA,NA,NA,NA
0.171,0.169,0.187,-0.063,0.125,0.208,-0.104,0.509,-0.233,-0.144,-0.123,-0.216,0.406,-0.32,1,NA,NA,NA,NA,NA,NA,NA,NA,NA,NA,NA,NA,NA,NA,NA,NA,NA,NA,NA,NA,NA,NA,NA,NA,NA,NA,NA
-0.273,-0.292,-0.452,0.216,0.1,0.378,0.237,-0.01,0.397,0.125,0.384,0.467,-0.424,0.208,-0.136,1,NA,NA,NA,NA,NA,NA,NA,NA,NA,NA,NA,NA,NA,NA,NA,NA,NA,NA,NA,NA,NA,NA,NA,NA,NA,NA
-0.388,-0.207,-0.133,0.101,-0.108,0.122,0.168,0.097,0.222,0.105,0.024,0.115,-0.005,0.146,0.088,0.141,1,NA,NA,NA,NA,NA,NA,NA,NA,NA,NA,NA,NA,NA,NA,NA,NA,NA,NA,NA,NA,NA,NA,NA,NA,NA
-0.478,-0.395,-0.224,-0.032,-0.212,0.147,0.284,-0.238,0.465,-0.143,0.401,0.468,-0.406,0.589,-0.353,0.363,0.18,1,NA,NA,NA,NA,NA,NA,NA,NA,NA,NA,NA,NA,NA,NA,NA,NA,NA,NA,NA,NA,NA,NA,NA,NA
0.115,0.038,0.341,0.028,0.059,-0.112,-0.238,0.146,-0.213,0.167,-0.353,-0.319,0.315,-0.231,0.332,-0.162,-0.107,-0.243,1,NA,NA,NA,NA,NA,NA,NA,NA,NA,NA,NA,NA,NA,NA,NA,NA,NA,NA,NA,NA,NA,NA,NA
-0.213,-0.272,-0.433,-0.177,0.33,0.456,0.121,0.114,0.377,-0.298,0.709,0.647,-0.523,0.256,-0.028,0.342,0.118,0.407,-0.333,1,NA,NA,NA,NA,NA,NA,NA,NA,NA,NA,NA,NA,NA,NA,NA,NA,NA,NA,NA,NA,NA,NA
-0.584,-0.462,-0.35,-0.044,-0.107,0.099,0.258,-0.267,0.491,-0.144,0.35,0.461,-0.419,0.558,-0.352,0.246,0.199,0.603,-0.276,0.303,1,NA,NA,NA,NA,NA,NA,NA,NA,NA,NA,NA,NA,NA,NA,NA,NA,NA,NA,NA,NA,NA
0,0,0,0,0,0,0,0,0,0,0,0,0,0,0,0,0,0,0,0,0,0.754,NA,NA,NA,NA,NA,NA,NA,NA,NA,NA,NA,NA,NA,NA,NA,NA,NA,NA,NA,NA
0,0,0,0,0,0,0,0,0,0,0,0,0,0,0,0,0,0,0,0,0,0.464,0.77,NA,NA,NA,NA,NA,NA,NA,NA,NA,NA,NA,NA,NA,NA,NA,NA,NA,NA,NA
0,0,0,0,0,0,0,0,0,0,0,0,0,0,0,0,0,0,0,0,0,0.295,0.276,0.744,NA,NA,NA,NA,NA,NA,NA,NA,NA,NA,NA,NA,NA,NA,NA,NA,NA,NA
0,0,0,0,0,0,0,0,0,0,0,0,0,0,0,0,0,0,0,0,0,-0.065,-0.064,-0.184,0.644,NA,NA,NA,NA,NA,NA,NA,NA,NA,NA,NA,NA,NA,NA,NA,NA,NA
0,0,0,0,0,0,0,0,0,0,0,0,0,0,0,0,0,0,0,0,0,0.098,0.028,-0.278,0.063,0.921,NA,NA,NA,NA,NA,NA,NA,NA,NA,NA,NA,NA,NA,NA,NA,NA
0,0,0,0,0,0,0,0,0,0,0,0,0,0,0,0,0,0,0,0,0,-0.251,-0.238,-0.346,0.152,0.105,0.828,NA,NA,NA,NA,NA,NA,NA,NA,NA,NA,NA,NA,NA,NA,NA
0,0,0,0,0,0,0,0,0,0,0,0,0,0,0,0,0,0,0,0,0,-0.18,-0.107,-0.317,0.352,0.033,0.198,0.657,NA,NA,NA,NA,NA,NA,NA,NA,NA,NA,NA,NA,NA,NA
0,0,0,0,0,0,0,0,0,0,0,0,0,0,0,0,0,0,0,0,0,0.111,0.004,-0.1,0.191,0.161,0.402,0.061,0.866,NA,NA,NA,NA,NA,NA,NA,NA,NA,NA,NA,NA,NA
0,0,0,0,0,0,0,0,0,0,0,0,0,0,0,0,0,0,0,0,0,-0.273,-0.228,-0.39,0.121,0.034,0.099,0.233,-0.116,0.608,NA,NA,NA,NA,NA,NA,NA,NA,NA,NA,NA,NA
0,0,0,0,0,0,0,0,0,0,0,0,0,0,0,0,0,0,0,0,0,0.032,0.047,-0.075,0.372,-0.006,-0.012,0.19,0.087,0.082,0.711,NA,NA,NA,NA,NA,NA,NA,NA,NA,NA,NA
0,0,0,0,0,0,0,0,0,0,0,0,0,0,0,0,0,0,0,0,0,-0.223,-0.161,-0.324,0.075,0.132,0.282,0.147,0.181,0.212,-0.039,0.772,NA,NA,NA,NA,NA,NA,NA,NA,NA,NA
0,0,0,0,0,0,0,0,0,0,0,0,0,0,0,0,0,0,0,0,0,-0.32,-0.256,-0.418,0.195,0.103,0.316,0.205,0.077,0.348,0.053,0.508,0.696,NA,NA,NA,NA,NA,NA,NA,NA,NA
0,0,0,0,0,0,0,0,0,0,0,0,0,0,0,0,0,0,0,0,0,0.217,0.354,0.477,-0.179,-0.116,-0.267,-0.212,-0.041,-0.335,-0.112,-0.358,-0.46,0.669,NA,NA,NA,NA,NA,NA,NA,NA
0,0,0,0,0,0,0,0,0,0,0,0,0,0,0,0,0,0,0,0,0,-0.307,-0.244,-0.227,0.124,-0.1,0.111,0.174,-0.283,0.288,-0.04,0.194,0.313,-0.194,0.709,NA,NA,NA,NA,NA,NA,NA
0,0,0,0,0,0,0,0,0,0,0,0,0,0,0,0,0,0,0,0,0,0.063,0.052,0.053,-0.011,0.04,0.173,-0.048,0.356,-0.136,-0.04,0.008,-0.092,0.14,-0.196,0.677,NA,NA,NA,NA,NA,NA
0,0,0,0,0,0,0,0,0,0,0,0,0,0,0,0,0,0,0,0,0,-0.137,-0.173,-0.229,0.176,0.124,0.213,0.079,-0.007,0.168,0.124,0.191,0.257,-0.236,0.074,-0.079,0.742,NA,NA,NA,NA,NA
0,0,0,0,0,0,0,0,0,0,0,0,0,0,0,0,0,0,0,0,0,-0.291,-0.126,0.043,0.073,-0.132,-0.021,-0.033,-0.025,0.059,0.103,-0.084,0.032,0.109,0.061,0.058,-0.021,0.74,NA,NA,NA,NA
0,0,0,0,0,0,0,0,0,0,0,0,0,0,0,0,0,0,0,0,0,-0.254,-0.227,-0.084,-0.054,-0.111,0.033,0.045,-0.164,0.164,-0.145,0.279,0.299,-0.213,0.312,-0.182,0.166,0.067,0.755,NA,NA,NA
0,0,0,0,0,0,0,0,0,0,0,0,0,0,0,0,0,0,0,0,0,0.084,0.057,0.122,0.051,0.173,0.05,-0.068,0.206,-0.186,0.093,-0.131,-0.119,0.137,-0.125,0.14,-0.059,-0.044,-0.136,0.648,NA,NA
0,0,0,0,0,0,0,0,0,0,0,0,0,0,0,0,0,0,0,0,0,-0.183,-0.219,-0.26,-0.039,0.192,0.231,0.048,0.013,0.169,-0.166,0.472,0.391,-0.319,0.208,0.052,0.133,0.009,0.321,-0.098,0.719,NA
0,0,0,0,0,0,0,0,0,0,0,0,0,0,0,0,0,0,0,0,0,-0.388,-0.257,-0.184,-0.016,-0.068,0.044,0.153,-0.202,0.215,-0.124,0.168,0.284,-0.192,0.282,-0.179,0.169,0.028,0.388,-0.207,0.149,0.773
