"energ","enthus","content","irrit","restl","worry","guilty","afraid","anhed","angry","hopel","down","positive","fatigue","tension","concent","ruminate","avoida","reass","procr","avoidp","energ1","enthus1","content1","irrit1","restl1","worry1","guilty1","afraid1","anhed1","angry1","hopel1","down1","positive1","fatigue1","tension1","concent1","ruminate","avoida1","reass1","procr1","avoidp1"
1,NA,NA,NA,NA,NA,NA,NA,NA,NA,NA,NA,NA,NA,NA,NA,NA,NA,NA,NA,NA,NA,NA,NA,NA,NA,NA,NA,NA,NA,NA,NA,NA,NA,NA,NA,NA,NA,NA,NA,NA,NA
0.442,1,NA,NA,NA,NA,NA,NA,NA,NA,NA,NA,NA,NA,NA,NA,NA,NA,NA,NA,NA,NA,NA,NA,NA,NA,NA,NA,NA,NA,NA,NA,NA,NA,NA,NA,NA,NA,NA,NA,NA,NA
0.185,0.527,1,NA,NA,NA,NA,NA,NA,NA,NA,NA,NA,NA,NA,NA,NA,NA,NA,NA,NA,NA,NA,NA,NA,NA,NA,NA,NA,NA,NA,NA,NA,NA,NA,NA,NA,NA,NA,NA,NA,NA
0.127,-0.009,-0.072,1,NA,NA,NA,NA,NA,NA,NA,NA,NA,NA,NA,NA,NA,NA,NA,NA,NA,NA,NA,NA,NA,NA,NA,NA,NA,NA,NA,NA,NA,NA,NA,NA,NA,NA,NA,NA,NA,NA
-0.13,-0.362,-0.384,0.004,1,NA,NA,NA,NA,NA,NA,NA,NA,NA,NA,NA,NA,NA,NA,NA,NA,NA,NA,NA,NA,NA,NA,NA,NA,NA,NA,NA,NA,NA,NA,NA,NA,NA,NA,NA,NA,NA
-0.123,-0.176,-0.048,-0.09,0.206,1,NA,NA,NA,NA,NA,NA,NA,NA,NA,NA,NA,NA,NA,NA,NA,NA,NA,NA,NA,NA,NA,NA,NA,NA,NA,NA,NA,NA,NA,NA,NA,NA,NA,NA,NA,NA
-0.099,-0.08,-0.259,-0.045,0.086,-0.015,1,NA,NA,NA,NA,NA,NA,NA,NA,NA,NA,NA,NA,NA,NA,NA,NA,NA,NA,NA,NA,NA,NA,NA,NA,NA,NA,NA,NA,NA,NA,NA,NA,NA,NA,NA
0.001,-0.164,-0.321,0.04,0.155,0.211,0.399,1,NA,NA,NA,NA,NA,NA,NA,NA,NA,NA,NA,NA,NA,NA,NA,NA,NA,NA,NA,NA,NA,NA,NA,NA,NA,NA,NA,NA,NA,NA,NA,NA,NA,NA
0.005,-0.131,-0.186,0.14,-0.03,-0.121,0.265,0.1,1,NA,NA,NA,NA,NA,NA,NA,NA,NA,NA,NA,NA,NA,NA,NA,NA,NA,NA,NA,NA,NA,NA,NA,NA,NA,NA,NA,NA,NA,NA,NA,NA,NA
0.028,-0.029,0.028,0.417,-0.007,0.021,-0.176,-0.076,0.078,1,NA,NA,NA,NA,NA,NA,NA,NA,NA,NA,NA,NA,NA,NA,NA,NA,NA,NA,NA,NA,NA,NA,NA,NA,NA,NA,NA,NA,NA,NA,NA,NA
-0.13,-0.421,-0.396,-0.005,0.468,0.048,0.191,0.236,0.127,0.078,1,NA,NA,NA,NA,NA,NA,NA,NA,NA,NA,NA,NA,NA,NA,NA,NA,NA,NA,NA,NA,NA,NA,NA,NA,NA,NA,NA,NA,NA,NA,NA
-0.072,-0.241,-0.271,0.125,0.173,0.126,0.236,0.237,0.177,0.211,0.044,1,NA,NA,NA,NA,NA,NA,NA,NA,NA,NA,NA,NA,NA,NA,NA,NA,NA,NA,NA,NA,NA,NA,NA,NA,NA,NA,NA,NA,NA,NA
0.075,0.154,0.094,-0.198,-0.158,0.043,-0.193,-0.24,-0.108,-0.246,-0.093,-0.202,1,NA,NA,NA,NA,NA,NA,NA,NA,NA,NA,NA,NA,NA,NA,NA,NA,NA,NA,NA,NA,NA,NA,NA,NA,NA,NA,NA,NA,NA
-0.245,0.02,0.045,-0.033,-0.202,0.111,0.109,-0.05,0.193,0.033,-0.197,0.108,0.069,1,NA,NA,NA,NA,NA,NA,NA,NA,NA,NA,NA,NA,NA,NA,NA,NA,NA,NA,NA,NA,NA,NA,NA,NA,NA,NA,NA,NA
-0.257,-0.209,-0.174,0.023,0.258,0.413,0.052,0.334,0.06,0.034,0.201,0.256,-0.279,0.074,1,NA,NA,NA,NA,NA,NA,NA,NA,NA,NA,NA,NA,NA,NA,NA,NA,NA,NA,NA,NA,NA,NA,NA,NA,NA,NA,NA
-0.297,-0.279,-0.252,-0.116,0.065,0.095,0.282,0.081,0.247,-0.175,-0.007,0.053,-0.063,0.288,-0.009,1,NA,NA,NA,NA,NA,NA,NA,NA,NA,NA,NA,NA,NA,NA,NA,NA,NA,NA,NA,NA,NA,NA,NA,NA,NA,NA
0.249,0.11,-0.028,-0.061,-0.036,-0.049,-0.077,-0.143,-0.041,0.133,0.122,-0.126,0.259,-0.034,-0.174,-0.078,1,NA,NA,NA,NA,NA,NA,NA,NA,NA,NA,NA,NA,NA,NA,NA,NA,NA,NA,NA,NA,NA,NA,NA,NA,NA
-0.219,0.002,0.059,-0.034,-0.204,-0.057,0.407,0.098,0.303,-0.112,0.027,-0.03,-0.082,0.344,0.014,0.437,-0.056,1,NA,NA,NA,NA,NA,NA,NA,NA,NA,NA,NA,NA,NA,NA,NA,NA,NA,NA,NA,NA,NA,NA,NA,NA
0.36,0.238,0.176,0.117,-0.153,-0.279,0.02,-0.285,-0.047,0.027,-0.051,-0.25,0.137,-0.134,-0.388,-0.01,0.049,-0.021,1,NA,NA,NA,NA,NA,NA,NA,NA,NA,NA,NA,NA,NA,NA,NA,NA,NA,NA,NA,NA,NA,NA,NA
-0.208,-0.112,0.103,-0.004,-0.047,-0.028,0.25,-0.029,0.322,-0.03,-0.038,0.063,-0.046,0.383,0.016,0.359,0.067,0.578,-0.241,1,NA,NA,NA,NA,NA,NA,NA,NA,NA,NA,NA,NA,NA,NA,NA,NA,NA,NA,NA,NA,NA,NA
-0.174,-0.043,-0.06,0.094,0.039,-0.116,0.297,0.082,0.121,-0.072,-0.084,-0.026,-0.154,0.115,-0.107,0.386,0.017,0.434,-0.039,0.446,1,NA,NA,NA,NA,NA,NA,NA,NA,NA,NA,NA,NA,NA,NA,NA,NA,NA,NA,NA,NA,NA
0,0,0,0,0,0,0,0,0,0,0,0,0,0,0,0,0,0,0,0,0,0.917,NA,NA,NA,NA,NA,NA,NA,NA,NA,NA,NA,NA,NA,NA,NA,NA,NA,NA,NA,NA
0,0,0,0,0,0,0,0,0,0,0,0,0,0,0,0,0,0,0,0,0,0.376,0.816,NA,NA,NA,NA,NA,NA,NA,NA,NA,NA,NA,NA,NA,NA,NA,NA,NA,NA,NA
0,0,0,0,0,0,0,0,0,0,0,0,0,0,0,0,0,0,0,0,0,0.149,0.339,0.726,NA,NA,NA,NA,NA,NA,NA,NA,NA,NA,NA,NA,NA,NA,NA,NA,NA,NA
0,0,0,0,0,0,0,0,0,0,0,0,0,0,0,0,0,0,0,0,0,0.123,-0.001,0.012,0.933,NA,NA,NA,NA,NA,NA,NA,NA,NA,NA,NA,NA,NA,NA,NA,NA,NA
0,0,0,0,0,0,0,0,0,0,0,0,0,0,0,0,0,0,0,0,0,-0.082,-0.186,-0.228,0.011,0.683,NA,NA,NA,NA,NA,NA,NA,NA,NA,NA,NA,NA,NA,NA,NA,NA
0,0,0,0,0,0,0,0,0,0,0,0,0,0,0,0,0,0,0,0,0,-0.036,-0.151,0.027,0.033,0.135,0.761,NA,NA,NA,NA,NA,NA,NA,NA,NA,NA,NA,NA,NA,NA,NA
0,0,0,0,0,0,0,0,0,0,0,0,0,0,0,0,0,0,0,0,0,0.049,-0.021,-0.185,-0.057,0.07,-0.048,0.773,NA,NA,NA,NA,NA,NA,NA,NA,NA,NA,NA,NA,NA,NA
0,0,0,0,0,0,0,0,0,0,0,0,0,0,0,0,0,0,0,0,0,0.092,-0.043,-0.144,0.062,0.057,0.101,0.204,0.728,NA,NA,NA,NA,NA,NA,NA,NA,NA,NA,NA,NA,NA
0,0,0,0,0,0,0,0,0,0,0,0,0,0,0,0,0,0,0,0,0,0.026,-0.165,-0.122,0.064,0.053,-0.067,0.191,0.076,0.851,NA,NA,NA,NA,NA,NA,NA,NA,NA,NA,NA,NA
0,0,0,0,0,0,0,0,0,0,0,0,0,0,0,0,0,0,0,0,0,0.012,-0.021,0.149,0.328,-0.02,0.07,-0.17,-0.07,-0.021,0.867,NA,NA,NA,NA,NA,NA,NA,NA,NA,NA,NA
0,0,0,0,0,0,0,0,0,0,0,0,0,0,0,0,0,0,0,0,0,-0.165,-0.376,-0.237,0.024,0.263,0.06,0.111,0.112,0.122,0.059,0.662,NA,NA,NA,NA,NA,NA,NA,NA,NA,NA
0,0,0,0,0,0,0,0,0,0,0,0,0,0,0,0,0,0,0,0,0,-0.064,-0.126,-0.145,0.084,0.115,0.108,0.135,0.151,0.128,0.164,0.014,0.821,NA,NA,NA,NA,NA,NA,NA,NA,NA
0,0,0,0,0,0,0,0,0,0,0,0,0,0,0,0,0,0,0,0,0,0.016,0.069,0.053,-0.101,-0.117,-0.015,-0.136,-0.172,-0.041,-0.162,-0.001,-0.149,0.9,NA,NA,NA,NA,NA,NA,NA,NA
0,0,0,0,0,0,0,0,0,0,0,0,0,0,0,0,0,0,0,0,0,-0.201,0.008,0.053,-0.024,-0.1,0.066,0.035,-0.042,0.125,0.058,-0.159,0.079,0.093,0.805,NA,NA,NA,NA,NA,NA,NA
0,0,0,0,0,0,0,0,0,0,0,0,0,0,0,0,0,0,0,0,0,-0.215,-0.13,-0.019,0.043,0.118,0.324,-0.072,0.139,0.016,0.107,0.109,0.123,-0.214,0.043,0.821,NA,NA,NA,NA,NA,NA
0,0,0,0,0,0,0,0,0,0,0,0,0,0,0,0,0,0,0,0,0,-0.161,-0.144,-0.109,-0.123,0.052,0.098,0.203,0.065,0.119,-0.18,-0.008,0.045,-0.086,0.2,-0.042,0.773,NA,NA,NA,NA,NA
0,0,0,0,0,0,0,0,0,0,0,0,0,0,0,0,0,0,0,0,0,0.198,0.074,-0.051,-0.029,-0.017,-0.036,0.026,-0.113,0.028,0.074,0.062,-0.002,0.191,0.016,-0.049,-0.048,0.763,NA,NA,NA,NA
0,0,0,0,0,0,0,0,0,0,0,0,0,0,0,0,0,0,0,0,0,-0.158,-0.017,0.105,-0.043,-0.134,0.047,0.175,-0.03,0.114,-0.072,0.047,-0.07,-0.013,0.233,0.033,0.288,0.082,0.736,NA,NA,NA
0,0,0,0,0,0,0,0,0,0,0,0,0,0,0,0,0,0,0,0,0,0.297,0.131,0.116,0.131,-0.03,-0.14,0.06,-0.104,-0.104,0.05,-0.006,-0.165,0.061,-0.132,-0.227,0.057,-0.004,-0.006,0.855,NA,NA
0,0,0,0,0,0,0,0,0,0,0,0,0,0,0,0,0,0,0,0,0,-0.115,-0.072,0.103,-0.088,-0.009,-0.018,0.19,-0.021,0.23,-0.081,0.007,0.06,0.051,0.282,-0.044,0.195,0.183,0.359,-0.233,0.739,NA
0,0,0,0,0,0,0,0,0,0,0,0,0,0,0,0,0,0,0,0,0,-0.061,0.039,-0.05,0.097,0.098,-0.045,0.15,0.067,0.019,-0.132,-0.067,0.042,-0.073,0.046,-0.092,0.214,0.063,0.136,-0.02,0.14,0.541
