"energ","enthus","content","irrit","restl","worry","guilty","afraid","anhed","angry","hopel","down","positive","fatigue","tension","concent","ruminate","avoida","reass","procr","avoidp","energ1","enthus1","content1","irrit1","restl1","worry1","guilty1","afraid1","anhed1","angry1","hopel1","down1","positive1","fatigue1","tension1","concent1","ruminate","avoida1","reass1","procr1","avoidp1"
1,NA,NA,NA,NA,NA,NA,NA,NA,NA,NA,NA,NA,NA,NA,NA,NA,NA,NA,NA,NA,NA,NA,NA,NA,NA,NA,NA,NA,NA,NA,NA,NA,NA,NA,NA,NA,NA,NA,NA,NA,NA
0.435,1,NA,NA,NA,NA,NA,NA,NA,NA,NA,NA,NA,NA,NA,NA,NA,NA,NA,NA,NA,NA,NA,NA,NA,NA,NA,NA,NA,NA,NA,NA,NA,NA,NA,NA,NA,NA,NA,NA,NA,NA
0.413,0.511,1,NA,NA,NA,NA,NA,NA,NA,NA,NA,NA,NA,NA,NA,NA,NA,NA,NA,NA,NA,NA,NA,NA,NA,NA,NA,NA,NA,NA,NA,NA,NA,NA,NA,NA,NA,NA,NA,NA,NA
-0.382,0.084,-0.178,1,NA,NA,NA,NA,NA,NA,NA,NA,NA,NA,NA,NA,NA,NA,NA,NA,NA,NA,NA,NA,NA,NA,NA,NA,NA,NA,NA,NA,NA,NA,NA,NA,NA,NA,NA,NA,NA,NA
-0.145,-0.202,-0.2,0.147,1,NA,NA,NA,NA,NA,NA,NA,NA,NA,NA,NA,NA,NA,NA,NA,NA,NA,NA,NA,NA,NA,NA,NA,NA,NA,NA,NA,NA,NA,NA,NA,NA,NA,NA,NA,NA,NA
-0.229,-0.412,-0.438,0.096,0.447,1,NA,NA,NA,NA,NA,NA,NA,NA,NA,NA,NA,NA,NA,NA,NA,NA,NA,NA,NA,NA,NA,NA,NA,NA,NA,NA,NA,NA,NA,NA,NA,NA,NA,NA,NA,NA
-0.219,-0.271,-0.246,-0.057,0.211,0.307,1,NA,NA,NA,NA,NA,NA,NA,NA,NA,NA,NA,NA,NA,NA,NA,NA,NA,NA,NA,NA,NA,NA,NA,NA,NA,NA,NA,NA,NA,NA,NA,NA,NA,NA,NA
-0.3,-0.285,-0.478,0.022,0.129,0.608,0.355,1,NA,NA,NA,NA,NA,NA,NA,NA,NA,NA,NA,NA,NA,NA,NA,NA,NA,NA,NA,NA,NA,NA,NA,NA,NA,NA,NA,NA,NA,NA,NA,NA,NA,NA
-0.567,-0.475,-0.655,0.327,0.133,0.512,0.21,0.527,1,NA,NA,NA,NA,NA,NA,NA,NA,NA,NA,NA,NA,NA,NA,NA,NA,NA,NA,NA,NA,NA,NA,NA,NA,NA,NA,NA,NA,NA,NA,NA,NA,NA
-0.091,0.03,0.012,-0.095,0.121,0.114,0.096,0.117,-0.013,1,NA,NA,NA,NA,NA,NA,NA,NA,NA,NA,NA,NA,NA,NA,NA,NA,NA,NA,NA,NA,NA,NA,NA,NA,NA,NA,NA,NA,NA,NA,NA,NA
-0.184,-0.129,-0.497,0.286,0.137,0.194,0.257,0.306,0.314,-0.06,1,NA,NA,NA,NA,NA,NA,NA,NA,NA,NA,NA,NA,NA,NA,NA,NA,NA,NA,NA,NA,NA,NA,NA,NA,NA,NA,NA,NA,NA,NA,NA
-0.566,-0.444,-0.567,0.195,0.201,0.372,0.374,0.426,0.602,0.01,0.34,1,NA,NA,NA,NA,NA,NA,NA,NA,NA,NA,NA,NA,NA,NA,NA,NA,NA,NA,NA,NA,NA,NA,NA,NA,NA,NA,NA,NA,NA,NA
0.561,0.582,0.607,-0.197,-0.241,-0.494,-0.359,-0.432,-0.695,-0.041,-0.251,-0.637,1,NA,NA,NA,NA,NA,NA,NA,NA,NA,NA,NA,NA,NA,NA,NA,NA,NA,NA,NA,NA,NA,NA,NA,NA,NA,NA,NA,NA,NA
-0.466,-0.309,-0.475,0.231,0.135,0.207,0.014,0.317,0.485,-0.016,0.089,0.425,-0.356,1,NA,NA,NA,NA,NA,NA,NA,NA,NA,NA,NA,NA,NA,NA,NA,NA,NA,NA,NA,NA,NA,NA,NA,NA,NA,NA,NA,NA
-0.452,-0.25,-0.3,0.106,0.18,0.23,0.165,0.234,0.329,0.155,-0.016,0.308,-0.359,0.419,1,NA,NA,NA,NA,NA,NA,NA,NA,NA,NA,NA,NA,NA,NA,NA,NA,NA,NA,NA,NA,NA,NA,NA,NA,NA,NA,NA
-0.467,-0.185,-0.359,0.238,0.034,0.147,0.198,0.222,0.418,0.068,-0.025,0.407,-0.311,0.608,0.569,1,NA,NA,NA,NA,NA,NA,NA,NA,NA,NA,NA,NA,NA,NA,NA,NA,NA,NA,NA,NA,NA,NA,NA,NA,NA,NA
-0.21,-0.156,-0.308,-0.017,0.279,0.386,0.36,0.45,0.245,0.29,0.005,0.404,-0.426,0.243,0.254,0.292,1,NA,NA,NA,NA,NA,NA,NA,NA,NA,NA,NA,NA,NA,NA,NA,NA,NA,NA,NA,NA,NA,NA,NA,NA,NA
-0.543,-0.564,-0.567,0.089,0.234,0.363,0.226,0.313,0.616,0.191,0.233,0.54,-0.583,0.55,0.51,0.503,0.374,1,NA,NA,NA,NA,NA,NA,NA,NA,NA,NA,NA,NA,NA,NA,NA,NA,NA,NA,NA,NA,NA,NA,NA,NA
-0.364,-0.088,-0.268,0.157,0.317,0.299,0.331,0.44,0.194,0.188,0.003,0.333,-0.303,0.304,0.275,0.262,0.518,0.303,1,NA,NA,NA,NA,NA,NA,NA,NA,NA,NA,NA,NA,NA,NA,NA,NA,NA,NA,NA,NA,NA,NA,NA
-0.534,-0.307,-0.341,0.19,0.116,0.126,0.101,0.129,0.223,0.114,0.065,0.41,-0.39,0.434,0.424,0.563,0.256,0.526,0.342,1,NA,NA,NA,NA,NA,NA,NA,NA,NA,NA,NA,NA,NA,NA,NA,NA,NA,NA,NA,NA,NA,NA
-0.389,-0.464,-0.52,0.02,0.075,0.354,0.21,0.379,0.496,0.127,0.303,0.398,-0.424,0.399,0.157,0.264,0.255,0.589,0.173,0.226,1,NA,NA,NA,NA,NA,NA,NA,NA,NA,NA,NA,NA,NA,NA,NA,NA,NA,NA,NA,NA,NA
0,0,0,0,0,0,0,0,0,0,0,0,0,0,0,0,0,0,0,0,0,0.753,NA,NA,NA,NA,NA,NA,NA,NA,NA,NA,NA,NA,NA,NA,NA,NA,NA,NA,NA,NA
0,0,0,0,0,0,0,0,0,0,0,0,0,0,0,0,0,0,0,0,0,0.351,0.859,NA,NA,NA,NA,NA,NA,NA,NA,NA,NA,NA,NA,NA,NA,NA,NA,NA,NA,NA
0,0,0,0,0,0,0,0,0,0,0,0,0,0,0,0,0,0,0,0,0,0.24,0.297,0.668,NA,NA,NA,NA,NA,NA,NA,NA,NA,NA,NA,NA,NA,NA,NA,NA,NA,NA
0,0,0,0,0,0,0,0,0,0,0,0,0,0,0,0,0,0,0,0,0,-0.278,0.064,-0.194,0.857,NA,NA,NA,NA,NA,NA,NA,NA,NA,NA,NA,NA,NA,NA,NA,NA,NA
0,0,0,0,0,0,0,0,0,0,0,0,0,0,0,0,0,0,0,0,0,-0.108,-0.18,-0.012,0.186,0.783,NA,NA,NA,NA,NA,NA,NA,NA,NA,NA,NA,NA,NA,NA,NA,NA
0,0,0,0,0,0,0,0,0,0,0,0,0,0,0,0,0,0,0,0,0,-0.123,-0.313,-0.094,0.104,0.311,0.798,NA,NA,NA,NA,NA,NA,NA,NA,NA,NA,NA,NA,NA,NA,NA
0,0,0,0,0,0,0,0,0,0,0,0,0,0,0,0,0,0,0,0,0,-0.151,-0.177,0.011,-0.042,0.037,0.091,0.705,NA,NA,NA,NA,NA,NA,NA,NA,NA,NA,NA,NA,NA,NA
0,0,0,0,0,0,0,0,0,0,0,0,0,0,0,0,0,0,0,0,0,-0.219,-0.179,-0.148,0.058,-0.025,0.317,0.098,0.641,NA,NA,NA,NA,NA,NA,NA,NA,NA,NA,NA,NA,NA
0,0,0,0,0,0,0,0,0,0,0,0,0,0,0,0,0,0,0,0,0,-0.377,-0.366,-0.388,0.254,0.092,0.315,0.05,0.337,0.806,NA,NA,NA,NA,NA,NA,NA,NA,NA,NA,NA,NA
0,0,0,0,0,0,0,0,0,0,0,0,0,0,0,0,0,0,0,0,0,-0.046,-0.01,0.012,-0.196,0.046,0.104,0.058,0.103,-0.056,0.958,NA,NA,NA,NA,NA,NA,NA,NA,NA,NA,NA
0,0,0,0,0,0,0,0,0,0,0,0,0,0,0,0,0,0,0,0,0,-0.04,-0.022,-0.258,0.221,-0.091,-0.091,-0.006,0.011,0.086,-0.104,0.711,NA,NA,NA,NA,NA,NA,NA,NA,NA,NA
0,0,0,0,0,0,0,0,0,0,0,0,0,0,0,0,0,0,0,0,0,-0.477,-0.342,-0.324,0.194,0.113,0.201,0.2,0.209,0.456,0.02,0.111,0.879,NA,NA,NA,NA,NA,NA,NA,NA,NA
0,0,0,0,0,0,0,0,0,0,0,0,0,0,0,0,0,0,0,0,0,0.359,0.447,0.348,-0.162,-0.138,-0.276,-0.191,-0.244,-0.513,-0.055,-0.023,-0.484,0.786,NA,NA,NA,NA,NA,NA,NA,NA
0,0,0,0,0,0,0,0,0,0,0,0,0,0,0,0,0,0,0,0,0,-0.436,-0.262,-0.334,0.237,0.096,0.126,-0.063,0.204,0.431,-0.014,-0.047,0.4,-0.298,0.949,NA,NA,NA,NA,NA,NA,NA
0,0,0,0,0,0,0,0,0,0,0,0,0,0,0,0,0,0,0,0,0,-0.307,-0.183,-0.138,0.05,0.106,0.145,0.076,0.157,0.196,0.17,-0.138,0.192,-0.246,0.362,0.795,NA,NA,NA,NA,NA,NA
0,0,0,0,0,0,0,0,0,0,0,0,0,0,0,0,0,0,0,0,0,-0.418,-0.171,-0.229,0.176,-0.014,0.125,0.162,0.191,0.346,0.025,-0.123,0.353,-0.285,0.579,0.489,0.877,NA,NA,NA,NA,NA
0,0,0,0,0,0,0,0,0,0,0,0,0,0,0,0,0,0,0,0,0,-0.115,-0.037,0.015,-0.043,0.11,0.191,0.078,0.195,0.026,0.232,-0.239,0.169,-0.193,0.144,0.16,0.195,0.678,NA,NA,NA,NA
0,0,0,0,0,0,0,0,0,0,0,0,0,0,0,0,0,0,0,0,0,-0.325,-0.392,-0.273,0.032,0.127,0.188,0.033,0.162,0.422,0.207,0.039,0.316,-0.326,0.431,0.333,0.333,0.103,0.693,NA,NA,NA
0,0,0,0,0,0,0,0,0,0,0,0,0,0,0,0,0,0,0,0,0,-0.256,-0.068,-0.02,0.123,0.203,0.122,0.085,0.146,0.054,0.132,-0.208,0.165,-0.144,0.243,0.137,0.184,0.214,0.146,0.761,NA,NA
0,0,0,0,0,0,0,0,0,0,0,0,0,0,0,0,0,0,0,0,0,-0.387,-0.244,-0.252,0.128,0.049,0.085,0.023,0.092,0.127,0.056,-0.017,0.339,-0.257,0.412,0.35,0.475,0.107,0.317,0.279,0.807,NA
0,0,0,0,0,0,0,0,0,0,0,0,0,0,0,0,0,0,0,0,0,-0.273,-0.322,-0.326,0.022,-0.071,0.204,0.009,0.24,0.365,0.142,0.146,0.228,-0.242,0.283,0.012,0.113,0.016,0.358,-0.007,0.046,0.794
