"energ","enthus","content","irrit","restl","worry","guilty","afraid","anhed","angry","hopel","down","positive","fatigue","tension","concent","ruminate","avoida","reass","procr","avoidp","energ1","enthus1","content1","irrit1","restl1","worry1","guilty1","afraid1","anhed1","angry1","hopel1","down1","positive1","fatigue1","tension1","concent1","ruminate","avoida1","reass1","procr1","avoidp1"
1,NA,NA,NA,NA,NA,NA,NA,NA,NA,NA,NA,NA,NA,NA,NA,NA,NA,NA,NA,NA,NA,NA,NA,NA,NA,NA,NA,NA,NA,NA,NA,NA,NA,NA,NA,NA,NA,NA,NA,NA,NA
0.712,1,NA,NA,NA,NA,NA,NA,NA,NA,NA,NA,NA,NA,NA,NA,NA,NA,NA,NA,NA,NA,NA,NA,NA,NA,NA,NA,NA,NA,NA,NA,NA,NA,NA,NA,NA,NA,NA,NA,NA,NA
0.594,0.684,1,NA,NA,NA,NA,NA,NA,NA,NA,NA,NA,NA,NA,NA,NA,NA,NA,NA,NA,NA,NA,NA,NA,NA,NA,NA,NA,NA,NA,NA,NA,NA,NA,NA,NA,NA,NA,NA,NA,NA
-0.6,-0.536,-0.66,1,NA,NA,NA,NA,NA,NA,NA,NA,NA,NA,NA,NA,NA,NA,NA,NA,NA,NA,NA,NA,NA,NA,NA,NA,NA,NA,NA,NA,NA,NA,NA,NA,NA,NA,NA,NA,NA,NA
-0.732,-0.578,-0.567,0.751,1,NA,NA,NA,NA,NA,NA,NA,NA,NA,NA,NA,NA,NA,NA,NA,NA,NA,NA,NA,NA,NA,NA,NA,NA,NA,NA,NA,NA,NA,NA,NA,NA,NA,NA,NA,NA,NA
-0.726,-0.593,-0.588,0.655,0.726,1,NA,NA,NA,NA,NA,NA,NA,NA,NA,NA,NA,NA,NA,NA,NA,NA,NA,NA,NA,NA,NA,NA,NA,NA,NA,NA,NA,NA,NA,NA,NA,NA,NA,NA,NA,NA
-0.674,-0.609,-0.561,0.744,0.711,0.833,1,NA,NA,NA,NA,NA,NA,NA,NA,NA,NA,NA,NA,NA,NA,NA,NA,NA,NA,NA,NA,NA,NA,NA,NA,NA,NA,NA,NA,NA,NA,NA,NA,NA,NA,NA
-0.652,-0.584,-0.565,0.78,0.731,0.772,0.862,1,NA,NA,NA,NA,NA,NA,NA,NA,NA,NA,NA,NA,NA,NA,NA,NA,NA,NA,NA,NA,NA,NA,NA,NA,NA,NA,NA,NA,NA,NA,NA,NA,NA,NA
-0.721,-0.592,-0.501,0.696,0.782,0.789,0.758,0.717,1,NA,NA,NA,NA,NA,NA,NA,NA,NA,NA,NA,NA,NA,NA,NA,NA,NA,NA,NA,NA,NA,NA,NA,NA,NA,NA,NA,NA,NA,NA,NA,NA,NA
-0.332,-0.253,-0.362,0.62,0.559,0.527,0.545,0.531,0.607,1,NA,NA,NA,NA,NA,NA,NA,NA,NA,NA,NA,NA,NA,NA,NA,NA,NA,NA,NA,NA,NA,NA,NA,NA,NA,NA,NA,NA,NA,NA,NA,NA
-0.619,-0.524,-0.498,0.746,0.718,0.777,0.752,0.737,0.824,0.684,1,NA,NA,NA,NA,NA,NA,NA,NA,NA,NA,NA,NA,NA,NA,NA,NA,NA,NA,NA,NA,NA,NA,NA,NA,NA,NA,NA,NA,NA,NA,NA
-0.737,-0.639,-0.516,0.721,0.714,0.847,0.808,0.782,0.806,0.595,0.827,1,NA,NA,NA,NA,NA,NA,NA,NA,NA,NA,NA,NA,NA,NA,NA,NA,NA,NA,NA,NA,NA,NA,NA,NA,NA,NA,NA,NA,NA,NA
0.742,0.812,0.762,-0.712,-0.754,-0.723,-0.705,-0.68,-0.706,-0.455,-0.698,-0.742,1,NA,NA,NA,NA,NA,NA,NA,NA,NA,NA,NA,NA,NA,NA,NA,NA,NA,NA,NA,NA,NA,NA,NA,NA,NA,NA,NA,NA,NA
-0.688,-0.577,-0.388,0.372,0.481,0.5,0.505,0.427,0.413,0.127,0.338,0.509,-0.573,1,NA,NA,NA,NA,NA,NA,NA,NA,NA,NA,NA,NA,NA,NA,NA,NA,NA,NA,NA,NA,NA,NA,NA,NA,NA,NA,NA,NA
-0.533,-0.437,-0.493,0.4,0.393,0.47,0.471,0.392,0.421,0.386,0.479,0.496,-0.428,0.433,1,NA,NA,NA,NA,NA,NA,NA,NA,NA,NA,NA,NA,NA,NA,NA,NA,NA,NA,NA,NA,NA,NA,NA,NA,NA,NA,NA
-0.282,-0.338,-0.049,0.001,0.152,0.319,0.304,0.18,0.19,-0.173,-0.039,0.169,-0.26,0.337,-0.163,1,NA,NA,NA,NA,NA,NA,NA,NA,NA,NA,NA,NA,NA,NA,NA,NA,NA,NA,NA,NA,NA,NA,NA,NA,NA,NA
-0.274,-0.288,-0.271,0.305,0.347,0.324,0.435,0.329,0.317,0.507,0.406,0.481,-0.349,0.224,0.438,-0.152,1,NA,NA,NA,NA,NA,NA,NA,NA,NA,NA,NA,NA,NA,NA,NA,NA,NA,NA,NA,NA,NA,NA,NA,NA,NA
-0.668,-0.765,-0.683,0.686,0.716,0.669,0.744,0.678,0.656,0.459,0.649,0.68,-0.845,0.5,0.468,0.263,0.377,1,NA,NA,NA,NA,NA,NA,NA,NA,NA,NA,NA,NA,NA,NA,NA,NA,NA,NA,NA,NA,NA,NA,NA,NA
-0.098,0.114,0.156,0.174,0.058,0.204,0.192,0.148,0.26,0.22,0.244,0.215,0.101,-0.011,-0.066,0.053,-0.123,-0.075,1,NA,NA,NA,NA,NA,NA,NA,NA,NA,NA,NA,NA,NA,NA,NA,NA,NA,NA,NA,NA,NA,NA,NA
-0.418,-0.465,-0.571,0.608,0.582,0.524,0.578,0.554,0.469,0.417,0.465,0.482,-0.665,0.377,0.376,0.141,0.361,0.681,-0.205,1,NA,NA,NA,NA,NA,NA,NA,NA,NA,NA,NA,NA,NA,NA,NA,NA,NA,NA,NA,NA,NA,NA
-0.714,-0.594,-0.62,0.689,0.757,0.796,0.733,0.741,0.755,0.474,0.714,0.735,-0.746,0.477,0.393,0.265,0.25,0.744,0.147,0.529,1,NA,NA,NA,NA,NA,NA,NA,NA,NA,NA,NA,NA,NA,NA,NA,NA,NA,NA,NA,NA,NA
0,0,0,0,0,0,0,0,0,0,0,0,0,0,0,0,0,0,0,0,0,0.777,NA,NA,NA,NA,NA,NA,NA,NA,NA,NA,NA,NA,NA,NA,NA,NA,NA,NA,NA,NA
0,0,0,0,0,0,0,0,0,0,0,0,0,0,0,0,0,0,0,0,0,0.512,0.788,NA,NA,NA,NA,NA,NA,NA,NA,NA,NA,NA,NA,NA,NA,NA,NA,NA,NA,NA
0,0,0,0,0,0,0,0,0,0,0,0,0,0,0,0,0,0,0,0,0,0.448,0.466,0.595,NA,NA,NA,NA,NA,NA,NA,NA,NA,NA,NA,NA,NA,NA,NA,NA,NA,NA
0,0,0,0,0,0,0,0,0,0,0,0,0,0,0,0,0,0,0,0,0,-0.42,-0.387,-0.454,0.78,NA,NA,NA,NA,NA,NA,NA,NA,NA,NA,NA,NA,NA,NA,NA,NA,NA
0,0,0,0,0,0,0,0,0,0,0,0,0,0,0,0,0,0,0,0,0,-0.503,-0.35,-0.371,0.557,0.729,NA,NA,NA,NA,NA,NA,NA,NA,NA,NA,NA,NA,NA,NA,NA,NA
0,0,0,0,0,0,0,0,0,0,0,0,0,0,0,0,0,0,0,0,0,-0.467,-0.352,-0.351,0.41,0.429,0.678,NA,NA,NA,NA,NA,NA,NA,NA,NA,NA,NA,NA,NA,NA,NA
0,0,0,0,0,0,0,0,0,0,0,0,0,0,0,0,0,0,0,0,0,-0.431,-0.37,-0.31,0.52,0.456,0.529,0.727,NA,NA,NA,NA,NA,NA,NA,NA,NA,NA,NA,NA,NA,NA
0,0,0,0,0,0,0,0,0,0,0,0,0,0,0,0,0,0,0,0,0,-0.406,-0.396,-0.357,0.544,0.489,0.452,0.585,0.704,NA,NA,NA,NA,NA,NA,NA,NA,NA,NA,NA,NA,NA
0,0,0,0,0,0,0,0,0,0,0,0,0,0,0,0,0,0,0,0,0,-0.484,-0.385,-0.344,0.501,0.534,0.516,0.52,0.469,0.743,NA,NA,NA,NA,NA,NA,NA,NA,NA,NA,NA,NA
0,0,0,0,0,0,0,0,0,0,0,0,0,0,0,0,0,0,0,0,0,-0.176,-0.143,-0.205,0.379,0.333,0.293,0.33,0.304,0.39,0.711,NA,NA,NA,NA,NA,NA,NA,NA,NA,NA,NA
0,0,0,0,0,0,0,0,0,0,0,0,0,0,0,0,0,0,0,0,0,-0.332,-0.315,-0.329,0.508,0.429,0.473,0.469,0.465,0.527,0.416,0.65,NA,NA,NA,NA,NA,NA,NA,NA,NA,NA
0,0,0,0,0,0,0,0,0,0,0,0,0,0,0,0,0,0,0,0,0,-0.498,-0.46,-0.344,0.488,0.456,0.564,0.53,0.518,0.566,0.385,0.527,0.76,NA,NA,NA,NA,NA,NA,NA,NA,NA
0,0,0,0,0,0,0,0,0,0,0,0,0,0,0,0,0,0,0,0,0,0.53,0.589,0.497,-0.537,-0.5,-0.461,-0.442,-0.459,-0.481,-0.286,-0.449,-0.522,0.767,NA,NA,NA,NA,NA,NA,NA,NA
0,0,0,0,0,0,0,0,0,0,0,0,0,0,0,0,0,0,0,0,0,-0.471,-0.335,-0.196,0.234,0.295,0.295,0.265,0.241,0.242,0.007,0.133,0.315,-0.379,0.756,NA,NA,NA,NA,NA,NA,NA
0,0,0,0,0,0,0,0,0,0,0,0,0,0,0,0,0,0,0,0,0,-0.387,-0.27,-0.3,0.287,0.278,0.353,0.306,0.273,0.318,0.234,0.345,0.378,-0.311,0.222,0.756,NA,NA,NA,NA,NA,NA
0,0,0,0,0,0,0,0,0,0,0,0,0,0,0,0,0,0,0,0,0,-0.219,-0.218,-0.013,-0.039,0.079,0.179,0.16,0.04,0.09,-0.119,-0.116,0.085,-0.158,0.329,-0.104,0.775,NA,NA,NA,NA,NA
0,0,0,0,0,0,0,0,0,0,0,0,0,0,0,0,0,0,0,0,0,-0.105,-0.135,-0.097,0.164,0.205,0.189,0.286,0.228,0.213,0.392,0.236,0.348,-0.173,0.056,0.286,-0.124,0.792,NA,NA,NA,NA
0,0,0,0,0,0,0,0,0,0,0,0,0,0,0,0,0,0,0,0,0,-0.456,-0.569,-0.473,0.495,0.474,0.417,0.483,0.47,0.417,0.273,0.393,0.451,-0.621,0.272,0.318,0.202,0.207,0.806,NA,NA,NA
0,0,0,0,0,0,0,0,0,0,0,0,0,0,0,0,0,0,0,0,0,-0.054,0.115,0.098,0.122,0.045,0.07,0.181,0.09,0.175,0.082,0.091,0.119,0.092,0.042,-0.034,0.011,-0.068,-0.102,0.815,NA,NA
0,0,0,0,0,0,0,0,0,0,0,0,0,0,0,0,0,0,0,0,0,-0.253,-0.282,-0.294,0.408,0.379,0.314,0.331,0.339,0.295,0.28,0.285,0.293,-0.447,0.242,0.277,0.141,0.192,0.521,-0.099,0.778,NA
0,0,0,0,0,0,0,0,0,0,0,0,0,0,0,0,0,0,0,0,0,-0.429,-0.345,-0.352,0.457,0.463,0.513,0.45,0.456,0.478,0.224,0.432,0.485,-0.476,0.291,0.284,0.201,0.074,0.471,0.087,0.345,0.667
