"energ","enthus","content","irrit","restl","worry","guilty","afraid","anhed","angry","hopel","down","positive","fatigue","tension","concent","ruminate","avoida","reass","procr","avoidp","energ1","enthus1","content1","irrit1","restl1","worry1","guilty1","afraid1","anhed1","angry1","hopel1","down1","positive1","fatigue1","tension1","concent1","ruminate","avoida1","reass1","procr1","avoidp1"
1,NA,NA,NA,NA,NA,NA,NA,NA,NA,NA,NA,NA,NA,NA,NA,NA,NA,NA,NA,NA,NA,NA,NA,NA,NA,NA,NA,NA,NA,NA,NA,NA,NA,NA,NA,NA,NA,NA,NA,NA,NA
0.662,1,NA,NA,NA,NA,NA,NA,NA,NA,NA,NA,NA,NA,NA,NA,NA,NA,NA,NA,NA,NA,NA,NA,NA,NA,NA,NA,NA,NA,NA,NA,NA,NA,NA,NA,NA,NA,NA,NA,NA,NA
0.548,0.62,1,NA,NA,NA,NA,NA,NA,NA,NA,NA,NA,NA,NA,NA,NA,NA,NA,NA,NA,NA,NA,NA,NA,NA,NA,NA,NA,NA,NA,NA,NA,NA,NA,NA,NA,NA,NA,NA,NA,NA
-0.093,-0.262,-0.263,1,NA,NA,NA,NA,NA,NA,NA,NA,NA,NA,NA,NA,NA,NA,NA,NA,NA,NA,NA,NA,NA,NA,NA,NA,NA,NA,NA,NA,NA,NA,NA,NA,NA,NA,NA,NA,NA,NA
-0.201,-0.032,-0.211,0.279,1,NA,NA,NA,NA,NA,NA,NA,NA,NA,NA,NA,NA,NA,NA,NA,NA,NA,NA,NA,NA,NA,NA,NA,NA,NA,NA,NA,NA,NA,NA,NA,NA,NA,NA,NA,NA,NA
-0.179,-0.226,-0.382,0.501,0.379,1,NA,NA,NA,NA,NA,NA,NA,NA,NA,NA,NA,NA,NA,NA,NA,NA,NA,NA,NA,NA,NA,NA,NA,NA,NA,NA,NA,NA,NA,NA,NA,NA,NA,NA,NA,NA
-0.32,-0.391,-0.638,0.52,0.373,0.506,1,NA,NA,NA,NA,NA,NA,NA,NA,NA,NA,NA,NA,NA,NA,NA,NA,NA,NA,NA,NA,NA,NA,NA,NA,NA,NA,NA,NA,NA,NA,NA,NA,NA,NA,NA
-0.198,-0.215,-0.494,0.409,0.327,0.577,0.623,1,NA,NA,NA,NA,NA,NA,NA,NA,NA,NA,NA,NA,NA,NA,NA,NA,NA,NA,NA,NA,NA,NA,NA,NA,NA,NA,NA,NA,NA,NA,NA,NA,NA,NA
-0.315,-0.444,-0.646,0.477,0.187,0.48,0.751,0.612,1,NA,NA,NA,NA,NA,NA,NA,NA,NA,NA,NA,NA,NA,NA,NA,NA,NA,NA,NA,NA,NA,NA,NA,NA,NA,NA,NA,NA,NA,NA,NA,NA,NA
-0.03,-0.065,-0.332,0.339,0.165,0.227,0.442,0.237,0.432,1,NA,NA,NA,NA,NA,NA,NA,NA,NA,NA,NA,NA,NA,NA,NA,NA,NA,NA,NA,NA,NA,NA,NA,NA,NA,NA,NA,NA,NA,NA,NA,NA
0.079,-0.231,-0.433,0.184,-0.178,0.189,0.309,0.329,0.553,0.236,1,NA,NA,NA,NA,NA,NA,NA,NA,NA,NA,NA,NA,NA,NA,NA,NA,NA,NA,NA,NA,NA,NA,NA,NA,NA,NA,NA,NA,NA,NA,NA
-0.409,-0.539,-0.706,0.419,0.192,0.402,0.588,0.526,0.688,0.411,0.473,1,NA,NA,NA,NA,NA,NA,NA,NA,NA,NA,NA,NA,NA,NA,NA,NA,NA,NA,NA,NA,NA,NA,NA,NA,NA,NA,NA,NA,NA,NA
0.582,0.623,0.834,-0.387,-0.322,-0.444,-0.7,-0.447,-0.698,-0.396,-0.233,-0.649,1,NA,NA,NA,NA,NA,NA,NA,NA,NA,NA,NA,NA,NA,NA,NA,NA,NA,NA,NA,NA,NA,NA,NA,NA,NA,NA,NA,NA,NA
-0.607,-0.455,-0.338,0.297,0.386,0.316,0.312,0.327,0.236,-0.043,-0.192,0.385,-0.42,1,NA,NA,NA,NA,NA,NA,NA,NA,NA,NA,NA,NA,NA,NA,NA,NA,NA,NA,NA,NA,NA,NA,NA,NA,NA,NA,NA,NA
-0.438,-0.131,-0.181,0.345,0.497,0.305,0.286,0.267,0.263,0.163,-0.162,0.224,-0.305,0.502,1,NA,NA,NA,NA,NA,NA,NA,NA,NA,NA,NA,NA,NA,NA,NA,NA,NA,NA,NA,NA,NA,NA,NA,NA,NA,NA,NA
-0.324,-0.104,-0.29,0.286,0.394,0.322,0.231,0.447,0.384,0.158,0.08,0.338,-0.392,0.288,0.394,1,NA,NA,NA,NA,NA,NA,NA,NA,NA,NA,NA,NA,NA,NA,NA,NA,NA,NA,NA,NA,NA,NA,NA,NA,NA,NA
-0.308,-0.407,-0.461,0.251,0.249,0.483,0.535,0.323,0.498,0.276,0.158,0.494,-0.592,0.328,0.194,0.156,1,NA,NA,NA,NA,NA,NA,NA,NA,NA,NA,NA,NA,NA,NA,NA,NA,NA,NA,NA,NA,NA,NA,NA,NA,NA
-0.593,-0.451,-0.217,0.224,0.027,0.1,0.211,0.166,0.23,0.051,-0.17,0.222,-0.298,0.356,0.308,0.24,0.064,1,NA,NA,NA,NA,NA,NA,NA,NA,NA,NA,NA,NA,NA,NA,NA,NA,NA,NA,NA,NA,NA,NA,NA,NA
0.339,0.116,0.081,-0.044,-0.153,-0.02,-0.114,0.047,0.072,0.161,0.313,0.196,0.202,-0.2,-0.282,-0.037,0.063,-0.204,1,NA,NA,NA,NA,NA,NA,NA,NA,NA,NA,NA,NA,NA,NA,NA,NA,NA,NA,NA,NA,NA,NA,NA
-0.331,-0.295,-0.276,0.312,0.289,0.31,0.349,0.326,0.238,0.29,-0.229,0.285,-0.362,0.43,0.336,0.309,0.312,0.578,-0.072,1,NA,NA,NA,NA,NA,NA,NA,NA,NA,NA,NA,NA,NA,NA,NA,NA,NA,NA,NA,NA,NA,NA
-0.487,-0.305,-0.339,0.376,0.191,0.248,0.396,0.326,0.448,0.214,0.032,0.27,-0.42,0.271,0.35,0.342,0.129,0.726,-0.342,0.433,1,NA,NA,NA,NA,NA,NA,NA,NA,NA,NA,NA,NA,NA,NA,NA,NA,NA,NA,NA,NA,NA
0,0,0,0,0,0,0,0,0,0,0,0,0,0,0,0,0,0,0,0,0,0.784,NA,NA,NA,NA,NA,NA,NA,NA,NA,NA,NA,NA,NA,NA,NA,NA,NA,NA,NA,NA
0,0,0,0,0,0,0,0,0,0,0,0,0,0,0,0,0,0,0,0,0,0.561,0.898,NA,NA,NA,NA,NA,NA,NA,NA,NA,NA,NA,NA,NA,NA,NA,NA,NA,NA,NA
0,0,0,0,0,0,0,0,0,0,0,0,0,0,0,0,0,0,0,0,0,0.445,0.467,0.815,NA,NA,NA,NA,NA,NA,NA,NA,NA,NA,NA,NA,NA,NA,NA,NA,NA,NA
0,0,0,0,0,0,0,0,0,0,0,0,0,0,0,0,0,0,0,0,0,-0.014,-0.154,-0.085,0.786,NA,NA,NA,NA,NA,NA,NA,NA,NA,NA,NA,NA,NA,NA,NA,NA,NA
0,0,0,0,0,0,0,0,0,0,0,0,0,0,0,0,0,0,0,0,0,-0.104,0.024,-0.166,0.254,0.767,NA,NA,NA,NA,NA,NA,NA,NA,NA,NA,NA,NA,NA,NA,NA,NA
0,0,0,0,0,0,0,0,0,0,0,0,0,0,0,0,0,0,0,0,0,-0.129,-0.129,-0.191,0.291,0.322,0.752,NA,NA,NA,NA,NA,NA,NA,NA,NA,NA,NA,NA,NA,NA,NA
0,0,0,0,0,0,0,0,0,0,0,0,0,0,0,0,0,0,0,0,0,-0.26,-0.273,-0.401,0.275,0.316,0.271,0.622,NA,NA,NA,NA,NA,NA,NA,NA,NA,NA,NA,NA,NA,NA
0,0,0,0,0,0,0,0,0,0,0,0,0,0,0,0,0,0,0,0,0,-0.126,-0.114,-0.234,0.189,0.24,0.297,0.267,0.664,NA,NA,NA,NA,NA,NA,NA,NA,NA,NA,NA,NA,NA
0,0,0,0,0,0,0,0,0,0,0,0,0,0,0,0,0,0,0,0,0,-0.247,-0.303,-0.409,0.267,0.186,0.226,0.372,0.302,0.568,NA,NA,NA,NA,NA,NA,NA,NA,NA,NA,NA,NA
0,0,0,0,0,0,0,0,0,0,0,0,0,0,0,0,0,0,0,0,0,0.017,0.032,-0.249,0.186,0.215,0.107,0.23,0.016,0.2,0.765,NA,NA,NA,NA,NA,NA,NA,NA,NA,NA,NA
0,0,0,0,0,0,0,0,0,0,0,0,0,0,0,0,0,0,0,0,0,-0.011,-0.193,-0.295,0.065,-0.145,0.006,0.059,0.065,0.236,0.115,0.652,NA,NA,NA,NA,NA,NA,NA,NA,NA,NA
0,0,0,0,0,0,0,0,0,0,0,0,0,0,0,0,0,0,0,0,0,-0.276,-0.337,-0.415,0.253,0.111,0.195,0.239,0.23,0.337,0.215,0.233,0.61,NA,NA,NA,NA,NA,NA,NA,NA,NA
0,0,0,0,0,0,0,0,0,0,0,0,0,0,0,0,0,0,0,0,0,0.459,0.47,0.639,-0.252,-0.283,-0.28,-0.484,-0.244,-0.496,-0.304,-0.161,-0.39,0.791,NA,NA,NA,NA,NA,NA,NA,NA
0,0,0,0,0,0,0,0,0,0,0,0,0,0,0,0,0,0,0,0,0,-0.464,-0.376,-0.246,0.267,0.323,0.302,0.266,0.288,0.21,-0.032,-0.131,0.258,-0.352,0.783,NA,NA,NA,NA,NA,NA,NA
0,0,0,0,0,0,0,0,0,0,0,0,0,0,0,0,0,0,0,0,0,-0.264,-0.094,-0.128,0.298,0.332,0.25,0.204,0.182,0.214,0.132,-0.12,0.189,-0.275,0.394,0.763,NA,NA,NA,NA,NA,NA
0,0,0,0,0,0,0,0,0,0,0,0,0,0,0,0,0,0,0,0,0,-0.227,-0.06,-0.159,0.247,0.279,0.262,0.145,0.316,0.276,0.127,0.072,0.235,-0.271,0.242,0.342,0.827,NA,NA,NA,NA,NA
0,0,0,0,0,0,0,0,0,0,0,0,0,0,0,0,0,0,0,0,0,-0.245,-0.323,-0.285,0.144,0.132,0.286,0.313,0.169,0.284,0.149,0.043,0.257,-0.366,0.242,0.137,0.109,0.656,NA,NA,NA,NA
0,0,0,0,0,0,0,0,0,0,0,0,0,0,0,0,0,0,0,0,0,-0.423,-0.34,-0.13,0.112,-0.021,0.043,0.1,0.088,0.147,-0.076,-0.101,0.088,-0.215,0.255,0.21,0.206,0.128,0.831,NA,NA,NA
0,0,0,0,0,0,0,0,0,0,0,0,0,0,0,0,0,0,0,0,0,0.186,0.117,0.151,-0.116,-0.048,-0.115,-0.228,-0.075,-0.165,0.101,-0.019,0,0.191,-0.13,-0.131,-0.064,-0.001,-0.07,0.599,NA,NA
0,0,0,0,0,0,0,0,0,0,0,0,0,0,0,0,0,0,0,0,0,-0.211,-0.227,-0.188,0.147,0.271,0.275,0.244,0.21,0.153,0.124,-0.169,0.156,-0.247,0.314,0.258,0.231,0.315,0.421,-0.01,0.796,NA
0,0,0,0,0,0,0,0,0,0,0,0,0,0,0,0,0,0,0,0,0,-0.277,-0.2,-0.216,0.27,0.131,0.129,0.255,0.191,0.3,0.129,0.07,0.12,-0.309,0.169,0.212,0.242,0.067,0.545,-0.257,0.267,0.838
