"energ","enthus","content","irrit","restl","worry","guilty","afraid","anhed","angry","hopel","down","positive","fatigue","tension","concent","ruminate","avoida","reass","procr","avoidp","energ1","enthus1","content1","irrit1","restl1","worry1","guilty1","afraid1","anhed1","angry1","hopel1","down1","positive1","fatigue1","tension1","concent1","ruminate","avoida1","reass1","procr1","avoidp1"
1,NA,NA,NA,NA,NA,NA,NA,NA,NA,NA,NA,NA,NA,NA,NA,NA,NA,NA,NA,NA,NA,NA,NA,NA,NA,NA,NA,NA,NA,NA,NA,NA,NA,NA,NA,NA,NA,NA,NA,NA,NA
0.361,1,NA,NA,NA,NA,NA,NA,NA,NA,NA,NA,NA,NA,NA,NA,NA,NA,NA,NA,NA,NA,NA,NA,NA,NA,NA,NA,NA,NA,NA,NA,NA,NA,NA,NA,NA,NA,NA,NA,NA,NA
0.269,0.689,1,NA,NA,NA,NA,NA,NA,NA,NA,NA,NA,NA,NA,NA,NA,NA,NA,NA,NA,NA,NA,NA,NA,NA,NA,NA,NA,NA,NA,NA,NA,NA,NA,NA,NA,NA,NA,NA,NA,NA
-0.02,-0.236,-0.26,1,NA,NA,NA,NA,NA,NA,NA,NA,NA,NA,NA,NA,NA,NA,NA,NA,NA,NA,NA,NA,NA,NA,NA,NA,NA,NA,NA,NA,NA,NA,NA,NA,NA,NA,NA,NA,NA,NA
0.291,0.168,-0.103,0.247,1,NA,NA,NA,NA,NA,NA,NA,NA,NA,NA,NA,NA,NA,NA,NA,NA,NA,NA,NA,NA,NA,NA,NA,NA,NA,NA,NA,NA,NA,NA,NA,NA,NA,NA,NA,NA,NA
0.067,0.026,0.052,0.197,0.303,1,NA,NA,NA,NA,NA,NA,NA,NA,NA,NA,NA,NA,NA,NA,NA,NA,NA,NA,NA,NA,NA,NA,NA,NA,NA,NA,NA,NA,NA,NA,NA,NA,NA,NA,NA,NA
0.144,-0.203,-0.271,0.406,0.326,0.187,1,NA,NA,NA,NA,NA,NA,NA,NA,NA,NA,NA,NA,NA,NA,NA,NA,NA,NA,NA,NA,NA,NA,NA,NA,NA,NA,NA,NA,NA,NA,NA,NA,NA,NA,NA
0.133,0.039,0.11,0.151,0.232,0.273,0.248,1,NA,NA,NA,NA,NA,NA,NA,NA,NA,NA,NA,NA,NA,NA,NA,NA,NA,NA,NA,NA,NA,NA,NA,NA,NA,NA,NA,NA,NA,NA,NA,NA,NA,NA
-0.153,-0.295,-0.319,0.235,0.201,0.352,0.258,0.074,1,NA,NA,NA,NA,NA,NA,NA,NA,NA,NA,NA,NA,NA,NA,NA,NA,NA,NA,NA,NA,NA,NA,NA,NA,NA,NA,NA,NA,NA,NA,NA,NA,NA
0.086,-0.037,-0.06,0.398,0.276,0.17,0.279,0.243,0.091,1,NA,NA,NA,NA,NA,NA,NA,NA,NA,NA,NA,NA,NA,NA,NA,NA,NA,NA,NA,NA,NA,NA,NA,NA,NA,NA,NA,NA,NA,NA,NA,NA
0.083,-0.096,-0.229,0.207,0.261,0.268,0.371,-0.031,0.298,0.053,1,NA,NA,NA,NA,NA,NA,NA,NA,NA,NA,NA,NA,NA,NA,NA,NA,NA,NA,NA,NA,NA,NA,NA,NA,NA,NA,NA,NA,NA,NA,NA
-0.102,-0.14,-0.251,0.479,0.325,0.342,0.303,0.29,0.44,0.358,0.352,1,NA,NA,NA,NA,NA,NA,NA,NA,NA,NA,NA,NA,NA,NA,NA,NA,NA,NA,NA,NA,NA,NA,NA,NA,NA,NA,NA,NA,NA,NA
0.339,0.498,0.481,-0.165,0.019,-0.057,0.06,0.085,-0.358,-0.056,0.024,-0.19,1,NA,NA,NA,NA,NA,NA,NA,NA,NA,NA,NA,NA,NA,NA,NA,NA,NA,NA,NA,NA,NA,NA,NA,NA,NA,NA,NA,NA,NA
0.021,-0.071,-0.201,0.319,0.031,0.216,0.29,0.224,0.309,0.172,0.229,0.314,-0.091,1,NA,NA,NA,NA,NA,NA,NA,NA,NA,NA,NA,NA,NA,NA,NA,NA,NA,NA,NA,NA,NA,NA,NA,NA,NA,NA,NA,NA
0.082,-0.06,-0.108,0.179,0.061,0.142,0.223,-0.116,0.115,-0.225,0.415,0.095,0.032,0.187,1,NA,NA,NA,NA,NA,NA,NA,NA,NA,NA,NA,NA,NA,NA,NA,NA,NA,NA,NA,NA,NA,NA,NA,NA,NA,NA,NA
-0.006,-0.009,-0.058,0.261,0.08,0.099,0.181,0.166,0.124,0.123,0.147,0.261,0.012,0.229,0.058,1,NA,NA,NA,NA,NA,NA,NA,NA,NA,NA,NA,NA,NA,NA,NA,NA,NA,NA,NA,NA,NA,NA,NA,NA,NA,NA
-0.028,-0.343,-0.29,0.362,0.129,0.23,0.405,0.152,0.417,0.229,0.237,0.294,-0.257,0.255,0.151,0.224,1,NA,NA,NA,NA,NA,NA,NA,NA,NA,NA,NA,NA,NA,NA,NA,NA,NA,NA,NA,NA,NA,NA,NA,NA,NA
-0.127,-0.252,-0.38,0.331,0.1,0.158,0.247,-0.032,0.35,0.048,0.142,0.295,-0.227,0.162,0.35,0.331,0.455,1,NA,NA,NA,NA,NA,NA,NA,NA,NA,NA,NA,NA,NA,NA,NA,NA,NA,NA,NA,NA,NA,NA,NA,NA
0.209,0.25,0.141,0.009,0.365,0.196,-0.002,-0.056,-0.083,-0.056,0.284,0.06,0.242,-0.122,0.201,0.033,-0.107,-0.014,1,NA,NA,NA,NA,NA,NA,NA,NA,NA,NA,NA,NA,NA,NA,NA,NA,NA,NA,NA,NA,NA,NA,NA
0.021,0.039,-0.024,0.184,0.344,0.087,0.197,0.033,0.013,0.309,-0.018,0.116,-0.068,0.058,-0.11,0.355,0.097,0.128,0.224,1,NA,NA,NA,NA,NA,NA,NA,NA,NA,NA,NA,NA,NA,NA,NA,NA,NA,NA,NA,NA,NA,NA
-0.262,-0.234,-0.231,0.37,0,0.291,0.224,0.081,0.227,0.083,0.02,0.302,-0.143,0.14,0.152,0.177,0.505,0.532,-0.008,0.036,1,NA,NA,NA,NA,NA,NA,NA,NA,NA,NA,NA,NA,NA,NA,NA,NA,NA,NA,NA,NA,NA
0,0,0,0,0,0,0,0,0,0,0,0,0,0,0,0,0,0,0,0,0,0.752,NA,NA,NA,NA,NA,NA,NA,NA,NA,NA,NA,NA,NA,NA,NA,NA,NA,NA,NA,NA
0,0,0,0,0,0,0,0,0,0,0,0,0,0,0,0,0,0,0,0,0,0.174,0.765,NA,NA,NA,NA,NA,NA,NA,NA,NA,NA,NA,NA,NA,NA,NA,NA,NA,NA,NA
0,0,0,0,0,0,0,0,0,0,0,0,0,0,0,0,0,0,0,0,0,0.13,0.41,0.701,NA,NA,NA,NA,NA,NA,NA,NA,NA,NA,NA,NA,NA,NA,NA,NA,NA,NA
0,0,0,0,0,0,0,0,0,0,0,0,0,0,0,0,0,0,0,0,0,-0.04,-0.142,-0.068,0.627,NA,NA,NA,NA,NA,NA,NA,NA,NA,NA,NA,NA,NA,NA,NA,NA,NA
0,0,0,0,0,0,0,0,0,0,0,0,0,0,0,0,0,0,0,0,0,0.134,0.113,-0.08,0.049,0.51,NA,NA,NA,NA,NA,NA,NA,NA,NA,NA,NA,NA,NA,NA,NA,NA
0,0,0,0,0,0,0,0,0,0,0,0,0,0,0,0,0,0,0,0,0,0.013,0.01,0.024,0.113,0.066,0.639,NA,NA,NA,NA,NA,NA,NA,NA,NA,NA,NA,NA,NA,NA,NA
0,0,0,0,0,0,0,0,0,0,0,0,0,0,0,0,0,0,0,0,0,0.033,-0.196,-0.207,0.238,0.096,0.061,0.665,NA,NA,NA,NA,NA,NA,NA,NA,NA,NA,NA,NA,NA,NA
0,0,0,0,0,0,0,0,0,0,0,0,0,0,0,0,0,0,0,0,0,-0.039,-0.064,0.067,0.071,0.005,0.116,0.135,0.653,NA,NA,NA,NA,NA,NA,NA,NA,NA,NA,NA,NA,NA
0,0,0,0,0,0,0,0,0,0,0,0,0,0,0,0,0,0,0,0,0,-0.087,-0.113,-0.053,0.02,0.006,0.195,0.05,-0.02,0.57,NA,NA,NA,NA,NA,NA,NA,NA,NA,NA,NA,NA
0,0,0,0,0,0,0,0,0,0,0,0,0,0,0,0,0,0,0,0,0,-0.028,-0.068,-0.026,0.212,-0.038,0.135,0.227,0.024,-0.003,0.649,NA,NA,NA,NA,NA,NA,NA,NA,NA,NA,NA
0,0,0,0,0,0,0,0,0,0,0,0,0,0,0,0,0,0,0,0,0,-0.064,-0.099,-0.185,-0.001,0.038,0.114,0.124,-0.181,0.147,0.006,0.639,NA,NA,NA,NA,NA,NA,NA,NA,NA,NA
0,0,0,0,0,0,0,0,0,0,0,0,0,0,0,0,0,0,0,0,0,-0.098,-0.011,-0.092,0.179,0.073,0.133,0.05,0.066,0.091,0.117,0.123,0.547,NA,NA,NA,NA,NA,NA,NA,NA,NA
0,0,0,0,0,0,0,0,0,0,0,0,0,0,0,0,0,0,0,0,0,0.154,0.216,0.195,0.024,0.049,-0.006,0.031,-0.028,-0.044,-0.069,0.029,0.031,0.621,NA,NA,NA,NA,NA,NA,NA,NA
0,0,0,0,0,0,0,0,0,0,0,0,0,0,0,0,0,0,0,0,0,-0.087,-0.074,-0.127,0.141,-0.065,0.176,0.181,0.094,0.16,0.138,0.135,0.117,-0.025,0.795,NA,NA,NA,NA,NA,NA,NA
0,0,0,0,0,0,0,0,0,0,0,0,0,0,0,0,0,0,0,0,0,0.052,-0.027,-0.019,0.032,0.034,0.057,0.043,-0.038,0.009,-0.154,0.16,0.012,0.083,0.098,0.62,NA,NA,NA,NA,NA,NA
0,0,0,0,0,0,0,0,0,0,0,0,0,0,0,0,0,0,0,0,0,-0.002,-0.029,-0.025,0.143,-0.056,0.042,0.063,0.103,0.066,0.124,0.024,0.139,0.025,0.142,-0.031,0.77,NA,NA,NA,NA,NA
0,0,0,0,0,0,0,0,0,0,0,0,0,0,0,0,0,0,0,0,0,0.001,-0.167,-0.091,0.176,-0.029,0.137,0.222,0.084,0.129,0.166,0.134,0.111,-0.059,0.168,0.002,0.156,0.718,NA,NA,NA,NA
0,0,0,0,0,0,0,0,0,0,0,0,0,0,0,0,0,0,0,0,0,-0.046,-0.091,-0.153,0.147,0.026,0.034,0.143,-0.009,0.077,0.119,0.023,0.139,0.015,0.01,0.099,0.17,0.196,0.55,NA,NA,NA
0,0,0,0,0,0,0,0,0,0,0,0,0,0,0,0,0,0,0,0,0,0.034,0.108,0.068,-0.025,0.191,0.124,0.007,-0.128,-0.049,-0.087,0.132,0.025,0.174,-0.127,0.182,-0.068,-0.073,0.008,0.779,NA,NA
0,0,0,0,0,0,0,0,0,0,0,0,0,0,0,0,0,0,0,0,0,0.022,0.07,0.049,0.144,0.093,0.016,0.12,-0.002,-0.055,0.177,-0.131,0.002,0.011,0.033,-0.093,0.164,0.015,0.047,0.148,0.698,NA
0,0,0,0,0,0,0,0,0,0,0,0,0,0,0,0,0,0,0,0,0,-0.134,-0.088,-0.055,0.282,-0.035,0.188,0.164,0.087,0.02,0.128,0.001,0.2,0.05,0.09,0.073,0.126,0.324,0.27,0.077,-0.013,0.771
